Lote,Empresa,Prefixo,Placa,Tecnologia,Ano Modelo,fase_conama,NOx(kg poluentes/kg diesel),MP(kg poluentes/kg diesel)
D8 ,Movebuss,55348 ,FSO6606 ,Midiônibus ,2012,P7,0.006575,5.5e-05
D5 ,Pêssego,47388 ,FFN3644 ,Midiônibus ,2012,P7,0.006575,5.5e-05
D5 ,Pêssego,47392 ,FCB5672 ,Midiônibus ,2012,P7,0.006575,5.5e-05
D8 ,Movebuss,55025 ,EZL6071 ,Midiônibus ,2012,P7,0.006575,5.5e-05
AR0 ,Ambiental,41807 ,EZL7I98 ,Padron ,2012,P7,0.006575,5.5e-05
D8 ,Movebuss,55434 ,FCB6118 ,Midiônibus ,2012,P7,0.006575,5.5e-05
D5 ,Pêssego,47544 ,EZL7228 ,Midiônibus ,2012,P7,0.006575,5.5e-05
AR0 ,Ambiental,41806 ,EZL7897 ,Padron ,2012,P7,0.006575,5.5e-05
D3 ,Transunião ,36540 ,EMU1E04 ,Midiônibus ,2012,P7,0.006575,5.5e-05
D8 ,Movebuss,55043 ,FCB6H96 ,Midiônibus ,2012,P7,0.006575,5.5e-05
D8 ,Movebuss,55450 ,FCB1I70 ,Midiônibus ,2012,P7,0.006575,5.5e-05
D4 ,Alfa Rodobus SPE,35734 ,FJA5984 ,Midiônibus ,2012,P7,0.006575,5.5e-05
D4 ,Alfa Rodobus SPE,35850 ,FCB1378 ,Midiônibus ,2012,P7,0.006575,5.5e-05
D8 ,Movebuss,55460 ,FCB9I94 ,Midiônibus ,2012,P7,0.006575,5.5e-05
D5 ,Pêssego,47573 ,FCB6754 ,Midiônibus ,2012,P7,0.006575,5.5e-05
D8 ,Movebuss,55474 ,FCB9911 ,Midiônibus ,2012,P7,0.006575,5.5e-05
AR0 ,Ambiental,41805 ,EZL7896 ,Padron ,2012,P7,0.006575,5.5e-05
AR0 ,Ambiental,41804 ,EZL7895 ,Padron ,2012,P7,0.006575,5.5e-05
D3 ,Transunião ,36525 ,FQI6C90 ,Midiônibus ,2012,P7,0.006575,5.5e-05
D5 ,Pêssego,47337 ,FCB0814 ,Midiônibus ,2012,P7,0.006575,5.5e-05
D5 ,Pêssego,47311 ,FCB9I86 ,Midiônibus ,2012,P7,0.006575,5.5e-05
D5 ,Pêssego,47309 ,EZL2D14 ,Midiônibus ,2012,P7,0.006575,5.5e-05
AR0 ,Ambiental,41814 ,EZL7907 ,Padron ,2012,P7,0.006575,5.5e-05
AR0 ,Ambiental,41813 ,EZL7906 ,Padron ,2012,P7,0.006575,5.5e-05
AR0 ,Ambiental,41812 ,EZL7905 ,Padron ,2012,P7,0.006575,5.5e-05
D5 ,Pêssego,47210 ,EZL1E44 ,Midiônibus ,2012,P7,0.006575,5.5e-05
AR0 ,Ambiental,41811 ,EZL7904 ,Padron ,2012,P7,0.006575,5.5e-05
AR0 ,Ambiental,41810 ,EZL1405 ,Padron ,2012,P7,0.006575,5.5e-05
D8 ,Movebuss,55406 ,FCB6781 ,Midiônibus ,2012,P7,0.006575,5.5e-05
D4 ,Alfa Rodobus SPE,35979 ,FJA5982 ,Midiônibus ,2012,P7,0.006575,5.5e-05
AR0 ,Ambiental,41803 ,EZL7894 ,Padron ,2012,P7,0.006575,5.5e-05
AR0 ,Ambiental,41809 ,EZL7903 ,Padron ,2012,P7,0.006575,5.5e-05
D4 ,Alfa Rodobus SPE,35949 ,ELW3952 ,Midiônibus ,2012,P7,0.006575,5.5e-05
D5 ,Pêssego,47248 ,FFN7441 ,Midiônibus ,2012,P7,0.006575,5.5e-05
AR0 ,Ambiental,41808 ,EZL7901 ,Padron ,2012,P7,0.006575,5.5e-05
D5 ,Pêssego,47258 ,FFN3633 ,Midiônibus ,2012,P7,0.006575,5.5e-05
D5 ,Pêssego,47264 ,FFF8571 ,Midiônibus ,2012,P7,0.006575,5.5e-05
D8 ,Movebuss,55417 ,FCB1I69 ,Midiônibus ,2012,P7,0.006575,5.5e-05
D5 ,Pêssego,47299 ,FLN0485 ,Midiônibus ,2012,P7,0.006575,5.5e-05
D8 ,Movebuss,55422 ,FCB6778 ,Midiônibus ,2012,P7,0.006575,5.5e-05
D5 ,Pêssego,47239 ,ELW3050 ,Midiônibus ,2012,P7,0.006575,5.5e-05
AR0 ,Ambiental,41815 ,EZL7908 ,Padron ,2012,P7,0.006575,5.5e-05
D3 ,Transunião ,36601 ,EMU1E34 ,Midiônibus ,2012,P7,0.006575,5.5e-05
D3 ,Transunião ,36606 ,FCB0416 ,Midiônibus ,2012,P7,0.006575,5.5e-05
AR0 ,Ambiental,41782 ,EZL5863 ,Padron ,2012,P7,0.006575,5.5e-05
D3 ,Transunião ,36673 ,FFN3G43 ,Midiônibus ,2012,P7,0.006575,5.5e-05
AR0 ,Ambiental,41783 ,EZL5864 ,Padron ,2012,P7,0.006575,5.5e-05
AR0 ,Ambiental,41784 ,EZL5865 ,Padron ,2012,P7,0.006575,5.5e-05
AR0 ,Ambiental,41785 ,EZL5866 ,Padron ,2012,P7,0.006575,5.5e-05
AR0 ,Ambiental,41786 ,EZL7877 ,Padron ,2012,P7,0.006575,5.5e-05
AR0 ,Ambiental,41787 ,EZL7878 ,Padron ,2012,P7,0.006575,5.5e-05
AR0 ,Ambiental,41788 ,EZL5867 ,Padron ,2012,P7,0.006575,5.5e-05
AR0 ,Ambiental,41789 ,EZL7879 ,Padron ,2012,P7,0.006575,5.5e-05
AR0 ,Ambiental,41790 ,EZL7880 ,Padron ,2012,P7,0.006575,5.5e-05
AR0 ,Ambiental,41791 ,EZL7881 ,Padron ,2012,P7,0.006575,5.5e-05
AR0 ,Ambiental,41792 ,EZL7875 ,Padron ,2012,P7,0.006575,5.5e-05
D7 ,Transunião,56222 ,FCB1I35 ,Midiônibus ,2012,P7,0.006575,5.5e-05
AR0 ,Ambiental,41793 ,EZL7882 ,Padron ,2012,P7,0.006575,5.5e-05
AR0 ,Ambiental,41794 ,EZL7883 ,Padron ,2012,P7,0.006575,5.5e-05
AR0 ,Ambiental,41795 ,EZL7884 ,Padron ,2012,P7,0.006575,5.5e-05
AR0 ,Ambiental,41796 ,EZL7885 ,Padron ,2012,P7,0.006575,5.5e-05
AR0 ,Ambiental,41781 ,EZL5862 ,Padron ,2012,P7,0.006575,5.5e-05
AR0 ,Ambiental,41780 ,EZL5860 ,Padron ,2012,P7,0.006575,5.5e-05
AR0 ,Ambiental,41779 ,EZL5857 ,Padron ,2012,P7,0.006575,5.5e-05
AR0 ,Ambiental,41778 ,EZL5859 ,Padron ,2012,P7,0.006575,5.5e-05
D5 ,Pêssego,47650 ,EMU5320 ,Midiônibus ,2012,P7,0.006575,5.5e-05
AR0 ,Ambiental,41801 ,EZL7892 ,Padron ,2012,P7,0.006575,5.5e-05
D8 ,Movebuss,55501 ,EZL7C25 ,Midiônibus ,2012,P7,0.006575,5.5e-05
D3 ,Transunião ,36621 ,EMU9146 ,Midiônibus ,2012,P7,0.006575,5.5e-05
D5 ,Pêssego,47688 ,FTE6A30 ,Midiônibus ,2012,P7,0.006575,5.5e-05
D5 ,Pêssego,47698 ,EZL7218 ,Midiônibus ,2012,P7,0.006575,5.5e-05
D5 ,Pêssego,47703 ,FCB6B12 ,Midiônibus ,2012,P7,0.006575,5.5e-05
AR0 ,Ambiental,41800 ,EZL7891 ,Padron ,2012,P7,0.006575,5.5e-05
AR0 ,Ambiental,41802 ,EZL7893 ,Padron ,2012,P7,0.006575,5.5e-05
AR0 ,Ambiental,41799 ,EZL7890 ,Padron ,2012,P7,0.006575,5.5e-05
AR0 ,Ambiental,41774 ,ECT8951 ,Padron ,2012,P7,0.006575,5.5e-05
AR0 ,Ambiental,41775 ,EMU4531 ,Padron ,2012,P7,0.006575,5.5e-05
D5 ,Pêssego,47767 ,EMU9489 ,Midiônibus ,2012,P7,0.006575,5.5e-05
D5 ,Pêssego,47800 ,FFN7451 ,Midiônibus ,2012,P7,0.006575,5.5e-05
AR0 ,Ambiental,41776 ,EZL7876 ,Padron ,2012,P7,0.006575,5.5e-05
D4 ,Alfa Rodobus SPE,35789 ,EFV4313 ,Midiônibus ,2012,P7,0.006575,5.5e-05
D3 ,Transunião ,36662 ,FCB9066 ,Midiônibus ,2012,P7,0.006575,5.5e-05
AR0 ,Ambiental,41777 ,EZL5856 ,Padron ,2012,P7,0.006575,5.5e-05
D3 ,Transunião ,36649 ,EXO0G00 ,Midiônibus ,2012,P7,0.006575,5.5e-05
AR0 ,Ambiental,41816 ,EZL7909 ,Padron ,2012,P7,0.006575,5.5e-05
AR0 ,Ambiental,41798 ,EZL7889 ,Padron ,2012,P7,0.006575,5.5e-05
D3 ,Transunião ,36010 ,FCB9A71 ,Midiônibus ,2012,P7,0.006575,5.5e-05
D3 ,Transunião ,36251 ,EZL9F38 ,Midiônibus ,2012,P7,0.006575,5.5e-05
AR0 ,Ambiental,41835 ,EZL1407 ,Padron ,2012,P7,0.006575,5.5e-05
D8 ,Movebuss,55146 ,FCB1I73 ,Midiônibus ,2012,P7,0.006575,5.5e-05
D4 ,Alfa Rodobus SPE,35775 ,FSW6D31 ,Midiônibus ,2012,P7,0.006575,5.5e-05
D8 ,Movebuss,55286 ,FCB6B10 ,Midiônibus ,2012,P7,0.006575,5.5e-05
D3 ,Transunião ,36140 ,EMU1E67 ,Midiônibus ,2012,P7,0.006575,5.5e-05
D8 ,Movebuss,55141 ,FFN3613 ,Midiônibus ,2012,P7,0.006575,5.5e-05
D7 ,Transunião,56344 ,FVC6H59 ,Midiônibus ,2012,P7,0.006575,5.5e-05
D5 ,Pêssego,47011 ,FFN3625 ,Midiônibus ,2012,P7,0.006575,5.5e-05
D8 ,Movebuss,55139 ,FCB6109 ,Midiônibus ,2012,P7,0.006575,5.5e-05
AR0 ,Ambiental,41836 ,EZL1412 ,Padron ,2012,P7,0.006575,5.5e-05
AR0 ,Ambiental,41837 ,EZL1417 ,Padron ,2012,P7,0.006575,5.5e-05
AR0 ,Ambiental,41902 ,EZL1416 ,Padron ,2012,P7,0.006575,5.5e-05
AR0 ,Ambiental,41903 ,EZL1418 ,Padron ,2012,P7,0.006575,5.5e-05
AR0 ,Ambiental,41904 ,EZL1415 ,Padron ,2012,P7,0.006575,5.5e-05
D5 ,Pêssego,47050 ,ELW3A58 ,Midiônibus ,2012,P7,0.006575,5.5e-05
D5 ,Pêssego,47052 ,FCB9I90 ,Midiônibus ,2012,P7,0.006575,5.5e-05
AR0 ,Ambiental,41834 ,EZL1411 ,Padron ,2012,P7,0.006575,5.5e-05
AR0 ,Ambiental,41833 ,EZL1410 ,Padron ,2012,P7,0.006575,5.5e-05
AR0 ,Ambiental,41832 ,EZL5853 ,Padron ,2012,P7,0.006575,5.5e-05
AR0 ,Ambiental,41831 ,EZL1408 ,Padron ,2012,P7,0.006575,5.5e-05
AR0 ,Ambiental,41818 ,EZL5854 ,Padron ,2012,P7,0.006575,5.5e-05
D3 ,Transunião ,36227 ,FCB9A53 ,Midiônibus ,2012,P7,0.006575,5.5e-05
AR0 ,Ambiental,41819 ,EZL1404 ,Padron ,2012,P7,0.006575,5.5e-05
AR0 ,Ambiental,41820 ,EZL5855 ,Padron ,2012,P7,0.006575,5.5e-05
AR0 ,Ambiental,41821 ,EZL7910 ,Padron ,2012,P7,0.006575,5.5e-05
AR0 ,Ambiental,41822 ,EZL7911 ,Padron ,2012,P7,0.006575,5.5e-05
AR0 ,Ambiental,41823 ,EZL7913 ,Padron ,2012,P7,0.006575,5.5e-05
AR0 ,Ambiental,41824 ,EZL7912 ,Padron ,2012,P7,0.006575,5.5e-05
AR0 ,Ambiental,41905 ,EZL1419 ,Padron ,2012,P7,0.006575,5.5e-05
D3 ,Transunião ,36237 ,FCB9050 ,Midiônibus ,2012,P7,0.006575,5.5e-05
AR0 ,Ambiental,41826 ,EZL7915 ,Padron ,2012,P7,0.006575,5.5e-05
AR0 ,Ambiental,41827 ,EZL1413 ,Padron ,2012,P7,0.006575,5.5e-05
AR0 ,Ambiental,41828 ,EZL7916 ,Padron ,2012,P7,0.006575,5.5e-05
D4 ,Alfa Rodobus SPE,35101 ,EFW1C34 ,Midiônibus ,2012,P7,0.006575,5.5e-05
D3 ,Transunião ,36244 ,EXO1067 ,Midiônibus ,2012,P7,0.006575,5.5e-05
D8 ,Movebuss,55228 ,FCB9I81 ,Midiônibus ,2012,P7,0.006575,5.5e-05
AR0 ,Ambiental,41829 ,EZL1406 ,Padron ,2012,P7,0.006575,5.5e-05
AR0 ,Ambiental,41830 ,EZL1409 ,Padron ,2012,P7,0.006575,5.5e-05
AR0 ,Ambiental,41825 ,EZL7914 ,Padron ,2012,P7,0.006575,5.5e-05
AR0 ,Ambiental,41906 ,EZL1420 ,Padron ,2012,P7,0.006575,5.5e-05
AR0 ,Ambiental,41907 ,EMU8359 ,Padron ,2012,P7,0.006575,5.5e-05
AR0 ,Ambiental,41908 ,EZL0643 ,Padron ,2012,P7,0.006575,5.5e-05
D5 ,Pêssego,47144 ,EMU1387 ,Midiônibus ,2012,P7,0.006575,5.5e-05
D7 ,Transunião,56259 ,EMU5D03 ,Midiônibus ,2012,P7,0.006575,5.5e-05
AR0 ,Ambiental,41817 ,EZL1195 ,Padron ,2012,P7,0.006575,5.5e-05
D3 ,Transunião ,36065 ,EZL9979 ,Midiônibus ,2012,P7,0.006575,5.5e-05
D5 ,Pêssego,47064 ,FCB6761 ,Midiônibus ,2012,P7,0.006575,5.5e-05
D5 ,Pêssego,47068 ,FFN6252 ,Midiônibus ,2012,P7,0.006575,5.5e-05
D5 ,Pêssego,47078 ,ELW3080 ,Midiônibus ,2012,P7,0.006575,5.5e-05
AR0 ,Ambiental,41797 ,EZL7886 ,Padron ,2012,P7,0.006575,5.5e-05
D3 ,Transunião ,36062 ,EMU3A45 ,Midiônibus ,2012,P7,0.006575,5.5e-05
D5 ,Pêssego,47089 ,FFN6C47 ,Midiônibus ,2012,P7,0.006575,5.5e-05
D5 ,Pêssego,47096 ,FCB1872 ,Midiônibus ,2012,P7,0.006575,5.5e-05
D3 ,Transunião ,36037 ,EMU3A33 ,Midiônibus ,2012,P7,0.006575,5.5e-05
D3 ,Transunião ,36031 ,EZL9519 ,Midiônibus ,2012,P7,0.006575,5.5e-05
D5 ,Pêssego,47119 ,FCB0I13 ,Midiônibus ,2012,P7,0.006575,5.5e-05
D5 ,Pêssego,47136 ,FCB5668 ,Midiônibus ,2012,P7,0.006575,5.5e-05
D5 ,Pêssego,47137 ,FCB5678 ,Midiônibus ,2012,P7,0.006575,5.5e-05
D5 ,Pêssego,47081 ,FVZ6C79 ,Midiônibus ,2012,P7,0.006575,5.5e-05
D3 ,Transunião ,36094 ,EMU7B78 ,Midiônibus ,2012,P7,0.006575,5.5e-05
D3 ,Transunião ,36096 ,FCB9074 ,Midiônibus ,2012,P7,0.006575,5.5e-05
D7 ,Transunião,56269 ,EMU1F53 ,Midiônibus ,2012,P7,0.006575,5.5e-05
AR0 ,Ambiental,41909 ,EZL8032 ,Padron ,2012,P7,0.006575,5.5e-05
AR0 ,Ambiental,41910 ,EMU9507 ,Padron ,2012,P7,0.006575,5.5e-05
AR0 ,Ambiental,41911 ,EMU7176 ,Padron ,2012,P7,0.006575,5.5e-05
AR0 ,Ambiental,41912 ,EMU9522 ,Padron ,2012,P7,0.006575,5.5e-05
D3 ,Transunião ,36268 ,FCB9A46 ,Midiônibus ,2012,P7,0.006575,5.5e-05
D3 ,Transunião ,36269 ,EMU3A26 ,Midiônibus ,2012,P7,0.006575,5.5e-05
D3 ,Transunião ,36271 ,FCB9A58 ,Midiônibus ,2012,P7,0.006575,5.5e-05
D3 ,Transunião ,36279 ,FCB9A68 ,Midiônibus ,2012,P7,0.006575,5.5e-05
D3 ,Transunião ,36284 ,EXO0639 ,Midiônibus ,2012,P7,0.006575,5.5e-05
D7 ,Transunião,56287 ,FFN3642 ,Midiônibus ,2012,P7,0.006575,5.5e-05
AR0 ,Ambiental,41913 ,EMU8354 ,Padron ,2012,P7,0.006575,5.5e-05
AR0 ,Ambiental,41914 ,EMU7187 ,Padron ,2012,P7,0.006575,5.5e-05
AR0 ,Ambiental,41915 ,EMU9523 ,Padron ,2012,P7,0.006575,5.5e-05
D3 ,Transunião ,36297 ,ELW6220 ,Midiônibus ,2012,P7,0.006575,5.5e-05
AR0 ,Ambiental,41916 ,EMU9505 ,Padron ,2012,P7,0.006575,5.5e-05
AR0 ,Ambiental,41917 ,EMU8349 ,Padron ,2012,P7,0.006575,5.5e-05
D3 ,Transunião ,36098 ,EMU8737 ,Midiônibus ,2012,P7,0.006575,5.5e-05
D3 ,Transunião ,36029 ,FCB9A61 ,Midiônibus ,2012,P7,0.006575,5.5e-05
D5 ,Pêssego,47142 ,EZL6073 ,Midiônibus ,2012,P7,0.006575,5.5e-05
AR0 ,Ambiental,41521 ,FFN3440 ,Padron ,2013,P7,0.006575,5.5e-05
AR0 ,Ambiental,41522 ,FFN3439 ,Padron ,2013,P7,0.006575,5.5e-05
D7 ,Transunião,56264 ,FYQ9219 ,Básico ,2013,P7,0.006575,5.5e-05
AR0 ,Ambiental,41533 ,FFN3459 ,Padron ,2013,P7,0.006575,5.5e-05
AR0 ,Ambiental,41524 ,FFN3410 ,Padron ,2013,P7,0.006575,5.5e-05
AR0 ,Ambiental,41560 ,FJP5415 ,Padron ,2013,P7,0.006575,5.5e-05
AR0 ,Ambiental,41561 ,FJP5426 ,Padron ,2013,P7,0.006575,5.5e-05
AR0 ,Ambiental,41562 ,FJP5427 ,Padron ,2013,P7,0.006575,5.5e-05
AR0 ,Ambiental,41563 ,FJP5428 ,Padron ,2013,P7,0.006575,5.5e-05
AR0 ,Ambiental,41564 ,FJP5429 ,Padron ,2013,P7,0.006575,5.5e-05
AR0 ,Ambiental,41565 ,FJP5430 ,Padron ,2013,P7,0.006575,5.5e-05
E7 ,Metropole,73802 ,FFN3743 ,Articulado ,2013,P7,0.006575,5.5e-05
E7 ,Metropole,73801 ,FFN0724 ,Articulado ,2013,P7,0.006575,5.5e-05
AR0 ,Ambiental,41566 ,FJP5421 ,Padron ,2013,P7,0.006575,5.5e-05
AR0 ,Ambiental,41567 ,FJP5422 ,Padron ,2013,P7,0.006575,5.5e-05
AR0 ,Ambiental,41568 ,FJP5423 ,Padron ,2013,P7,0.006575,5.5e-05
AR0 ,Ambiental,41569 ,FJP5424 ,Padron ,2013,P7,0.006575,5.5e-05
AR0 ,Ambiental,41571 ,FJP5436 ,Padron ,2013,P7,0.006575,5.5e-05
AR0 ,Ambiental,41572 ,FJP5437 ,Padron ,2013,P7,0.006575,5.5e-05
AR0 ,Ambiental,41559 ,FJP5414 ,Padron ,2013,P7,0.006575,5.5e-05
AR0 ,Ambiental,41573 ,FJP5438 ,Padron ,2013,P7,0.006575,5.5e-05
AR0 ,Ambiental,41575 ,FJP5440 ,Padron ,2013,P7,0.006575,5.5e-05
AR0 ,Ambiental,41576 ,FJP5441 ,Padron ,2013,P7,0.006575,5.5e-05
AR0 ,Ambiental,41577 ,FJP5442 ,Padron ,2013,P7,0.006575,5.5e-05
AR0 ,Ambiental,41578 ,FJP5443 ,Padron ,2013,P7,0.006575,5.5e-05
AR0 ,Ambiental,41579 ,FJP5444 ,Padron ,2013,P7,0.006575,5.5e-05
AR0 ,Ambiental,41580 ,FJP5435 ,Padron ,2013,P7,0.006575,5.5e-05
AR0 ,Ambiental,41581 ,FJP5416 ,Padron ,2013,P7,0.006575,5.5e-05
D8 ,Movebuss,55147 ,GAL0147 ,Midiônibus ,2013,P7,0.006575,5.5e-05
D8 ,Movebuss,55148 ,FCB9J04 ,Midiônibus ,2013,P7,0.006575,5.5e-05
AR7 ,KBPX,77210 ,FFN3563 ,Articulado ,2013,P7,0.006575,5.5e-05
AR7 ,KBPX,77213 ,FFN3891 ,Articulado ,2013,P7,0.006575,5.5e-05
AR7 ,KBPX,77215 ,FFN3774 ,Articulado ,2013,P7,0.006575,5.5e-05
AR7 ,KBPX,77216 ,FFN3883 ,Articulado ,2013,P7,0.006575,5.5e-05
AR7 ,KBPX,77849 ,EZL8044 ,Padron ,2013,P7,0.006575,5.5e-05
AR0 ,Ambiental,41574 ,FJP5439 ,Padron ,2013,P7,0.006575,5.5e-05
AR0 ,Ambiental,41558 ,FJP5413 ,Padron ,2013,P7,0.006575,5.5e-05
AR0 ,Ambiental,41557 ,FJP5412 ,Padron ,2013,P7,0.006575,5.5e-05
AR0 ,Ambiental,41556 ,FJP5411 ,Padron ,2013,P7,0.006575,5.5e-05
AR0 ,Ambiental,41525 ,FFN3409 ,Padron ,2013,P7,0.006575,5.5e-05
AR0 ,Ambiental,41526 ,FFN3412 ,Padron ,2013,P7,0.006575,5.5e-05
AR0 ,Ambiental,41527 ,FFN3413 ,Padron ,2013,P7,0.006575,5.5e-05
AR0 ,Ambiental,41528 ,FFN3414 ,Padron ,2013,P7,0.006575,5.5e-05
AR0 ,Ambiental,41529 ,FFN3415 ,Padron ,2013,P7,0.006575,5.5e-05
AR0 ,Ambiental,41530 ,FFN3416 ,Padron ,2013,P7,0.006575,5.5e-05
AR0 ,Ambiental,41531 ,FFN3E57 ,Padron ,2013,P7,0.006575,5.5e-05
AR0 ,Ambiental,41532 ,FFN3458 ,Padron ,2013,P7,0.006575,5.5e-05
AR0 ,Ambiental,41520 ,FFN3406 ,Padron ,2013,P7,0.006575,5.5e-05
AR0 ,Ambiental,41534 ,FFN3460 ,Padron ,2013,P7,0.006575,5.5e-05
AR0 ,Ambiental,41535 ,FFN3461 ,Padron ,2013,P7,0.006575,5.5e-05
AR0 ,Ambiental,41536 ,FFN3422 ,Padron ,2013,P7,0.006575,5.5e-05
AR0 ,Ambiental,41537 ,FFN3423 ,Padron ,2013,P7,0.006575,5.5e-05
AR0 ,Ambiental,41538 ,FFN3424 ,Padron ,2013,P7,0.006575,5.5e-05
AR0 ,Ambiental,41539 ,FFN3425 ,Padron ,2013,P7,0.006575,5.5e-05
AR0 ,Ambiental,41540 ,FFN3426 ,Padron ,2013,P7,0.006575,5.5e-05
AR0 ,Ambiental,41541 ,FFN3427 ,Padron ,2013,P7,0.006575,5.5e-05
AR0 ,Ambiental,41555 ,FFN3469 ,Padron ,2013,P7,0.006575,5.5e-05
AR0 ,Ambiental,41554 ,FFN3467 ,Padron ,2013,P7,0.006575,5.5e-05
AR0 ,Ambiental,41553 ,FFN3408 ,Padron ,2013,P7,0.006575,5.5e-05
AR0 ,Ambiental,41552 ,FFN3398 ,Padron ,2013,P7,0.006575,5.5e-05
AR0 ,Ambiental,41551 ,FFN3407 ,Padron ,2013,P7,0.006575,5.5e-05
AR0 ,Ambiental,41550 ,FFN3468 ,Padron ,2013,P7,0.006575,5.5e-05
AR0 ,Ambiental,41523 ,FFN3470 ,Padron ,2013,P7,0.006575,5.5e-05
AR0 ,Ambiental,41549 ,FFN3435 ,Padron ,2013,P7,0.006575,5.5e-05
AR0 ,Ambiental,41547 ,FFN3433 ,Padron ,2013,P7,0.006575,5.5e-05
AR0 ,Ambiental,41546 ,FFN3432 ,Padron ,2013,P7,0.006575,5.5e-05
AR0 ,Ambiental,41545 ,FFN3431 ,Padron ,2013,P7,0.006575,5.5e-05
AR0 ,Ambiental,41544 ,FFN3430 ,Padron ,2013,P7,0.006575,5.5e-05
AR0 ,Ambiental,41543 ,FFN3429 ,Padron ,2013,P7,0.006575,5.5e-05
AR0 ,Ambiental,41542 ,FFN3428 ,Padron ,2013,P7,0.006575,5.5e-05
AR0 ,Ambiental,41548 ,FFN3464 ,Padron ,2013,P7,0.006575,5.5e-05
AR0 ,Ambiental,41519 ,FFN3405 ,Padron ,2013,P7,0.006575,5.5e-05
AR0 ,Ambiental,41502 ,FGI9218 ,Padron ,2013,P7,0.006575,5.5e-05
AR0 ,Ambiental,41517 ,FFN3E03 ,Padron ,2013,P7,0.006575,5.5e-05
E3 ,Metropole,31335 ,FFN7404 ,Básico ,2013,P7,0.006575,5.5e-05
E3 ,Metropole,31334 ,FFN7402 ,Básico ,2013,P7,0.006575,5.5e-05
E3 ,Metropole,31333 ,FFN7401 ,Básico ,2013,P7,0.006575,5.5e-05
E3 ,Metropole,31332 ,FFN7400 ,Básico ,2013,P7,0.006575,5.5e-05
E3 ,Metropole,31330 ,FFN7398 ,Básico ,2013,P7,0.006575,5.5e-05
E3 ,Metropole,31328 ,FFN7396 ,Básico ,2013,P7,0.006575,5.5e-05
E3 ,Metropole,31327 ,FFN7395 ,Básico ,2013,P7,0.006575,5.5e-05
D3 ,Transunião ,36116 ,FPA6A90 ,Midiônibus ,2013,P7,0.006575,5.5e-05
AR7 ,Nova Paineira,75857 ,FFN3F61 ,Padron ,2013,P7,0.006575,5.5e-05
AR7 ,Nova Paineira,75847 ,EZL6025 ,Padron ,2013,P7,0.006575,5.5e-05
AR7 ,Nova Paineira,75846 ,EMU8021 ,Padron ,2013,P7,0.006575,5.5e-05
D3 ,Transunião ,36315 ,FCL0F90 ,Básico ,2013,P7,0.006575,5.5e-05
D3 ,Transunião ,36087 ,FZV2989 ,Básico ,2013,P7,0.006575,5.5e-05
AR7 ,Nova Paineira,75214 ,FFN3I94 ,Articulado ,2013,P7,0.006575,5.5e-05
AR7 ,Nova Paineira,75212 ,FFN5J02 ,Articulado ,2013,P7,0.006575,5.5e-05
D3 ,Transunião ,36001 ,ELW6C30 ,Básico ,2013,P7,0.006575,5.5e-05
D3 ,Transunião ,36502 ,EXO1B07 ,Básico ,2013,P7,0.006575,5.5e-05
E3 ,Metropole,31240 ,FJP7372 ,Articulado ,2013,P7,0.006575,5.5e-05
E3 ,Metropole,31239 ,FJP5538 ,Articulado ,2013,P7,0.006575,5.5e-05
E3 ,Metropole,31238 ,FJP5537 ,Articulado ,2013,P7,0.006575,5.5e-05
E3 ,Metropole,31237 ,FJP7371 ,Articulado ,2013,P7,0.006575,5.5e-05
E7 ,Metropole,73876 ,FQW8475 ,Articulado ,2013,P7,0.006575,5.5e-05
D3 ,Transunião ,36511 ,FQP9570 ,Básico ,2013,P7,0.006575,5.5e-05
D3 ,Transunião ,36512 ,FJP7C96 ,Básico ,2013,P7,0.006575,5.5e-05
D4 ,Alfa Rodobus SPE,35974 ,EFV6668 ,Midiônibus ,2013,P7,0.006575,5.5e-05
D8 ,Movebuss,55015 ,FCB9J02 ,Midiônibus ,2013,P7,0.006575,5.5e-05
D3 ,Transunião ,36521 ,FTA2530 ,Básico ,2013,P7,0.006575,5.5e-05
E3 ,Metropole,31350 ,FFN8994 ,Básico ,2013,P7,0.006575,5.5e-05
D3 ,Transunião ,36524 ,GFD6612 ,Midiônibus ,2013,P7,0.006575,5.5e-05
E3 ,Metropole,31352 ,FFN8979 ,Básico ,2013,P7,0.006575,5.5e-05
E3 ,Metropole,31359 ,FFN7419 ,Básico ,2013,P7,0.006575,5.5e-05
D3 ,Transunião ,36217 ,GAR5F90 ,Básico ,2013,P7,0.006575,5.5e-05
E9 ,Gatusa,76304 ,FFN6680 ,Articulado ,2013,P7,0.006575,5.5e-05
E9 ,Gatusa,76303 ,FFN5904 ,Articulado ,2013,P7,0.006575,5.5e-05
E9 ,Gatusa,76302 ,FFN6678 ,Articulado ,2013,P7,0.006575,5.5e-05
E9 ,Gatusa,76301 ,FFN6681 ,Articulado ,2013,P7,0.006575,5.5e-05
E9 ,Gatusa,76300 ,FFN6682 ,Articulado ,2013,P7,0.006575,5.5e-05
E5 ,Mobibrasil,63061 ,FFN3524 ,Articulado ,2013,P7,0.006575,5.5e-05
E5 ,Mobibrasil,63064 ,FFN3525 ,Articulado ,2013,P7,0.006575,5.5e-05
D3 ,Transunião ,36239 ,FSC4C59 ,Básico ,2013,P7,0.006575,5.5e-05
D3 ,Transunião ,36240 ,FSL8H80 ,Básico ,2013,P7,0.006575,5.5e-05
E5 ,Mobibrasil,63065 ,EFW0083 ,Articulado ,2013,P7,0.006575,5.5e-05
E9 ,Gatusa,76153 ,FFN6675 ,Articulado ,2013,P7,0.006575,5.5e-05
E9 ,Gatusa,76152 ,FFN6674 ,Articulado ,2013,P7,0.006575,5.5e-05
E9 ,Gatusa,76151 ,FFN6676 ,Articulado ,2013,P7,0.006575,5.5e-05
E5 ,Mobibrasil,63066 ,EFW0067 ,Articulado ,2013,P7,0.006575,5.5e-05
E5 ,Mobibrasil,63071 ,EFW0084 ,Articulado ,2013,P7,0.006575,5.5e-05
E9 ,Gatusa,76143 ,FFN5633 ,Articulado ,2013,P7,0.006575,5.5e-05
E5 ,Mobibrasil,63072 ,EFW0073 ,Articulado ,2013,P7,0.006575,5.5e-05
E5 ,Mobibrasil,63075 ,EFW0087 ,Articulado ,2013,P7,0.006575,5.5e-05
E5 ,Mobibrasil,63076 ,EFW0086 ,Articulado ,2013,P7,0.006575,5.5e-05
E5 ,Mobibrasil,63080 ,EFW0080 ,Articulado ,2013,P7,0.006575,5.5e-05
D3 ,Transunião ,36257 ,EFV6B14 ,Midiônibus ,2013,P7,0.006575,5.5e-05
D3 ,Transunião ,36149 ,EMU5D00 ,Básico ,2013,P7,0.006575,5.5e-05
E3 ,Metropole,31391 ,FFN8969 ,Básico ,2013,P7,0.006575,5.5e-05
E3 ,Metropole,31388 ,FFN8971 ,Básico ,2013,P7,0.006575,5.5e-05
E3 ,Metropole,31379 ,FFN7426 ,Básico ,2013,P7,0.006575,5.5e-05
E3 ,Metropole,31360 ,FFN7424 ,Básico ,2013,P7,0.006575,5.5e-05
E3 ,Metropole,31358 ,FFN7405 ,Básico ,2013,P7,0.006575,5.5e-05
AR0 ,Ambiental,41518 ,FFN3404 ,Padron ,2013,P7,0.006575,5.5e-05
D8 ,Movebuss,55028 ,FLN0E94 ,Midiônibus ,2013,P7,0.006575,5.5e-05
D3 ,Transunião ,36537 ,FJP7287 ,Básico ,2013,P7,0.006575,5.5e-05
E7 ,Metropole,73814 ,FFN7421 ,Articulado ,2013,P7,0.006575,5.5e-05
E7 ,Metropole,73813 ,EFW0096 ,Articulado ,2013,P7,0.006575,5.5e-05
E7 ,Metropole,73812 ,EFW6755 ,Articulado ,2013,P7,0.006575,5.5e-05
E7 ,Metropole,73811 ,EFW0095 ,Articulado ,2013,P7,0.006575,5.5e-05
E7 ,Metropole,73810 ,EFW0093 ,Articulado ,2013,P7,0.006575,5.5e-05
E7 ,Metropole,73809 ,EFW0090 ,Articulado ,2013,P7,0.006575,5.5e-05
E7 ,Metropole,73808 ,FFN7389 ,Articulado ,2013,P7,0.006575,5.5e-05
E7 ,Metropole,73807 ,EFW0100 ,Articulado ,2013,P7,0.006575,5.5e-05
E7 ,Metropole,73806 ,FFN7388 ,Articulado ,2013,P7,0.006575,5.5e-05
E7 ,Metropole,73805 ,EFW0092 ,Articulado ,2013,P7,0.006575,5.5e-05
E7 ,Metropole,73804 ,EFW0094 ,Articulado ,2013,P7,0.006575,5.5e-05
E7 ,Metropole,73803 ,EFW0097 ,Articulado ,2013,P7,0.006575,5.5e-05
AR0 ,Ambiental,41501 ,FGI9213 ,Padron ,2013,P7,0.006575,5.5e-05
AR0 ,Ambiental,41503 ,FGI9215 ,Padron ,2013,P7,0.006575,5.5e-05
AR0 ,Ambiental,41504 ,FGI9220 ,Padron ,2013,P7,0.006575,5.5e-05
AR0 ,Ambiental,41505 ,FGI9C21 ,Padron ,2013,P7,0.006575,5.5e-05
AR0 ,Ambiental,41506 ,FFN3472 ,Padron ,2013,P7,0.006575,5.5e-05
AR0 ,Ambiental,41507 ,FFN3473 ,Padron ,2013,P7,0.006575,5.5e-05
AR0 ,Ambiental,41508 ,FFN3474 ,Padron ,2013,P7,0.006575,5.5e-05
AR0 ,Ambiental,41509 ,FFN3395 ,Padron ,2013,P7,0.006575,5.5e-05
AR0 ,Ambiental,41510 ,FFN3396 ,Padron ,2013,P7,0.006575,5.5e-05
AR0 ,Ambiental,41511 ,FFN3E17 ,Padron ,2013,P7,0.006575,5.5e-05
AR0 ,Ambiental,41512 ,FFN3418 ,Padron ,2013,P7,0.006575,5.5e-05
AR0 ,Ambiental,41513 ,FFN3419 ,Padron ,2013,P7,0.006575,5.5e-05
AR0 ,Ambiental,41514 ,FFN3420 ,Padron ,2013,P7,0.006575,5.5e-05
AR0 ,Ambiental,41515 ,FFN3401 ,Padron ,2013,P7,0.006575,5.5e-05
AR0 ,Ambiental,41516 ,FFN3402 ,Padron ,2013,P7,0.006575,5.5e-05
E7 ,Metropole,73815 ,FFN3766 ,Articulado ,2013,P7,0.006575,5.5e-05
D8 ,Movebuss,55034 ,FFN3G21 ,Midiônibus ,2013,P7,0.006575,5.5e-05
E7 ,Metropole,73816 ,FFN3744 ,Articulado ,2013,P7,0.006575,5.5e-05
E7 ,Metropole,73819 ,FFN3742 ,Articulado ,2013,P7,0.006575,5.5e-05
D3 ,Transunião ,36549 ,FTW5890 ,Básico ,2013,P7,0.006575,5.5e-05
D3 ,Transunião ,36550 ,FTN8J00 ,Básico ,2013,P7,0.006575,5.5e-05
D3 ,Transunião ,36561 ,EXO1017 ,Midiônibus ,2013,P7,0.006575,5.5e-05
D8 ,Movebuss,55049 ,FFN3620 ,Midiônibus ,2013,P7,0.006575,5.5e-05
D3 ,Transunião ,36587 ,FCB9057 ,Básico ,2013,P7,0.006575,5.5e-05
D3 ,Transunião ,36592 ,FJP7307 ,Básico ,2013,P7,0.006575,5.5e-05
D3 ,Transunião ,36598 ,EXO1219 ,Básico ,2013,P7,0.006575,5.5e-05
D8 ,Movebuss,55059 ,FCB9J09 ,Midiônibus ,2013,P7,0.006575,5.5e-05
D3 ,Transunião ,36608 ,FQU3229 ,Básico ,2013,P7,0.006575,5.5e-05
D8 ,Movebuss,55077 ,FCB9897 ,Midiônibus ,2013,P7,0.006575,5.5e-05
D8 ,Movebuss,55085 ,FFN7E45 ,Midiônibus ,2013,P7,0.006575,5.5e-05
D8 ,Movebuss,55089 ,FCB9879 ,Midiônibus ,2013,P7,0.006575,5.5e-05
D8 ,Movebuss,55092 ,FFN3607 ,Midiônibus ,2013,P7,0.006575,5.5e-05
D8 ,Movebuss,55102 ,FFN7E54 ,Midiônibus ,2013,P7,0.006575,5.5e-05
D3 ,Transunião ,36660 ,FTV8H90 ,Básico ,2013,P7,0.006575,5.5e-05
E7 ,Metropole,73830 ,FFN7394 ,Articulado ,2013,P7,0.006575,5.5e-05
E7 ,Metropole,73829 ,FFN7393 ,Articulado ,2013,P7,0.006575,5.5e-05
E7 ,Metropole,73828 ,FFN7392 ,Articulado ,2013,P7,0.006575,5.5e-05
E7 ,Metropole,73827 ,FFN7391 ,Articulado ,2013,P7,0.006575,5.5e-05
E7 ,Metropole,73826 ,FFN7390 ,Articulado ,2013,P7,0.006575,5.5e-05
E7 ,Metropole,73825 ,FFN8997 ,Articulado ,2013,P7,0.006575,5.5e-05
E7 ,Metropole,73824 ,FFN3746 ,Articulado ,2013,P7,0.006575,5.5e-05
E7 ,Metropole,73823 ,FFN3745 ,Articulado ,2013,P7,0.006575,5.5e-05
D3 ,Transunião ,36695 ,FJP7D08 ,Básico ,2013,P7,0.006575,5.5e-05
AR7 ,KBPX,77205 ,FFN3858 ,Articulado ,2013,P7,0.006575,5.5e-05
E7 ,Metropole,73821 ,EFW0098 ,Articulado ,2013,P7,0.006575,5.5e-05
E7 ,Metropole,73820 ,FNA3138 ,Articulado ,2013,P7,0.006575,5.5e-05
E7 ,Metropole,73817 ,FFN0678 ,Articulado ,2013,P7,0.006575,5.5e-05
D4 ,Alfa Rodobus SPE,35733 ,FTO8970 ,Midiônibus ,2013,P7,0.006575,5.5e-05
D8 ,Movebuss,55213 ,FFN3G32 ,Midiônibus ,2013,P7,0.006575,5.5e-05
AR7 ,KBPX,77850 ,EZL6027 ,Padron ,2013,P7,0.006575,5.5e-05
D2 ,Spencer,25071 ,FZV0J69 ,Básico ,2013,P7,0.006575,5.5e-05
D2 ,Spencer,25070 ,FKS6F90 ,Básico ,2013,P7,0.006575,5.5e-05
D5 ,Pêssego,47545 ,FWY6089 ,Midiônibus ,2013,P7,0.006575,5.5e-05
D2 ,Spencer,25069 ,FEE0869 ,Básico ,2013,P7,0.006575,5.5e-05
D2 ,Spencer,25068 ,FVI6978 ,Básico ,2013,P7,0.006575,5.5e-05
D2 ,Spencer,25067 ,FAW4D39 ,Básico ,2013,P7,0.006575,5.5e-05
D5 ,Pêssego,47354 ,FMP0A50 ,Midiônibus ,2013,P7,0.006575,5.5e-05
D2 ,Spencer,25066 ,FWC1J37 ,Básico ,2013,P7,0.006575,5.5e-05
D2 ,Spencer,25077 ,FCM5917 ,Básico ,2013,P7,0.006575,5.5e-05
D2 ,Spencer,25060 ,FCA6D18 ,Básico ,2013,P7,0.006575,5.5e-05
AR3 ,Metropole,32116 ,FFN8996 ,Básico ,2013,P7,0.006575,5.5e-05
E3 ,Metropole,31024 ,FJP7375 ,Articulado ,2013,P7,0.006575,5.5e-05
D5 ,Pêssego,47232 ,FFN3G26 ,Midiônibus ,2013,P7,0.006575,5.5e-05
AR3 ,Metropole,32267 ,FFN7411 ,Básico ,2013,P7,0.006575,5.5e-05
D5 ,Pêssego,47224 ,FTH4749 ,Midiônibus ,2013,P7,0.006575,5.5e-05
D5 ,Pêssego,47216 ,FJP7297 ,Básico ,2013,P7,0.006575,5.5e-05
AR3 ,Metropole,32266 ,FFN8965 ,Básico ,2013,P7,0.006575,5.5e-05
AR3 ,Metropole,32265 ,FFN8964 ,Básico ,2013,P7,0.006575,5.5e-05
D7 ,Transunião,56253 ,FVV6042 ,Midiônibus ,2013,P7,0.006575,5.5e-05
D5 ,Pêssego,47188 ,FRV7F59 ,Midiônibus ,2013,P7,0.006575,5.5e-05
D5 ,Pêssego,47559 ,FXY6290 ,Midiônibus ,2013,P7,0.006575,5.5e-05
AR3 ,Metropole,32114 ,FFN8959 ,Básico ,2013,P7,0.006575,5.5e-05
D8 ,Movebuss,55400 ,FCB9905 ,Midiônibus ,2013,P7,0.006575,5.5e-05
D8 ,Movebuss,55401 ,FCB5663 ,Midiônibus ,2013,P7,0.006575,5.5e-05
D8 ,Movebuss,55410 ,FCB9896 ,Midiônibus ,2013,P7,0.006575,5.5e-05
D8 ,Movebuss,55425 ,FFN3G08 ,Midiônibus ,2013,P7,0.006575,5.5e-05
D8 ,Movebuss,55454 ,FCB9J06 ,Midiônibus ,2013,P7,0.006575,5.5e-05
D8 ,Movebuss,55475 ,FFN3628 ,Midiônibus ,2013,P7,0.006575,5.5e-05
D8 ,Movebuss,55483 ,FQP3J43 ,Midiônibus ,2013,P7,0.006575,5.5e-05
D8 ,Movebuss,55486 ,FFN3G34 ,Midiônibus ,2013,P7,0.006575,5.5e-05
AR3 ,Metropole,32115 ,FFN8960 ,Básico ,2013,P7,0.006575,5.5e-05
D7 ,Transunião,56201 ,FPE2490 ,Básico ,2013,P7,0.006575,5.5e-05
D7 ,Transunião,56210 ,FFN3637 ,Básico ,2013,P7,0.006575,5.5e-05
AR3 ,Metropole,32474 ,FFN8992 ,Articulado ,2013,P7,0.006575,5.5e-05
AR3 ,Metropole,32473 ,FFN3F31 ,Articulado ,2013,P7,0.006575,5.5e-05
D7 ,Transunião,56243 ,FFN3639 ,Básico ,2013,P7,0.006575,5.5e-05
D5 ,Pêssego,47806 ,FTW0E50 ,Básico ,2013,P7,0.006575,5.5e-05
D5 ,Pêssego,47805 ,FVV6A31 ,Midiônibus ,2013,P7,0.006575,5.5e-05
D5 ,Pêssego,47763 ,FRB5B80 ,Básico ,2013,P7,0.006575,5.5e-05
D5 ,Pêssego,47611 ,FLN5E40 ,Midiônibus ,2013,P7,0.006575,5.5e-05
D7 ,Transunião,56203 ,FCO5A87 ,Básico ,2013,P7,0.006575,5.5e-05
D8 ,Movebuss,55386 ,GEL5D86 ,Midiônibus ,2013,P7,0.006575,5.5e-05
AR3 ,Metropole,32264 ,FFN8963 ,Básico ,2013,P7,0.006575,5.5e-05
AR3 ,Metropole,32262 ,FFN7412 ,Básico ,2013,P7,0.006575,5.5e-05
D7 ,Transunião,56318 ,FJR5E80 ,Básico ,2013,P7,0.006575,5.5e-05
D7 ,Transunião,56319 ,FID0580 ,Básico ,2013,P7,0.006575,5.5e-05
D5 ,Pêssego,47005 ,FVV6247 ,Midiônibus ,2013,P7,0.006575,5.5e-05
E6 ,Grajau,61058 ,FJP7382 ,Articulado ,2013,P7,0.006575,5.5e-05
E6 ,Grajau,61059 ,FJP7383 ,Articulado ,2013,P7,0.006575,5.5e-05
E6 ,Grajau,61060 ,FJP7384 ,Articulado ,2013,P7,0.006575,5.5e-05
E6 ,Grajau,61061 ,FJP7387 ,Articulado ,2013,P7,0.006575,5.5e-05
E6 ,Grajau,61062 ,FJP7388 ,Articulado ,2013,P7,0.006575,5.5e-05
D7 ,Transunião,56317 ,FKH9620 ,Básico ,2013,P7,0.006575,5.5e-05
E6 ,Grajau,61063 ,FJP7389 ,Articulado ,2013,P7,0.006575,5.5e-05
E6 ,Grajau,61065 ,FJP7391 ,Articulado ,2013,P7,0.006575,5.5e-05
E6 ,Grajau,61066 ,FJP7392 ,Articulado ,2013,P7,0.006575,5.5e-05
E6 ,Grajau,61067 ,FJP7393 ,Articulado ,2013,P7,0.006575,5.5e-05
E6 ,Grajau,61068 ,FJP7397 ,Articulado ,2013,P7,0.006575,5.5e-05
E6 ,Grajau,61071 ,FFN0722 ,Articulado ,2013,P7,0.006575,5.5e-05
E6 ,Grajau,61072 ,FFN0504 ,Articulado ,2013,P7,0.006575,5.5e-05
E6 ,Grajau,61074 ,FFN0507 ,Articulado ,2013,P7,0.006575,5.5e-05
E6 ,Grajau,61076 ,FFN0641 ,Articulado ,2013,P7,0.006575,5.5e-05
E6 ,Grajau,61064 ,FJP7390 ,Articulado ,2013,P7,0.006575,5.5e-05
AR3 ,Metropole,32263 ,FFN7413 ,Básico ,2013,P7,0.006575,5.5e-05
D7 ,Transunião,56315 ,FCQ5539 ,Básico ,2013,P7,0.006575,5.5e-05
D7 ,Transunião,56312 ,FJF1913 ,Básico ,2013,P7,0.006575,5.5e-05
AR3 ,Metropole,32261 ,FFN7409 ,Básico ,2013,P7,0.006575,5.5e-05
AR3 ,Metropole,32260 ,FFN7408 ,Básico ,2013,P7,0.006575,5.5e-05
AR3 ,Metropole,32259 ,FFN7423 ,Básico ,2013,P7,0.006575,5.5e-05
D5 ,Pêssego,47098 ,FTV4199 ,Básico ,2013,P7,0.006575,5.5e-05
AR3 ,Metropole,32258 ,FFN7407 ,Básico ,2013,P7,0.006575,5.5e-05
AR3 ,Metropole,32118 ,FFN8961 ,Básico ,2013,P7,0.006575,5.5e-05
AR3 ,Metropole,32119 ,FFN8962 ,Básico ,2013,P7,0.006575,5.5e-05
AR3 ,Metropole,32120 ,FFN8980 ,Básico ,2013,P7,0.006575,5.5e-05
D7 ,Transunião,56314 ,FIL1040 ,Básico ,2013,P7,0.006575,5.5e-05
D7 ,Transunião,56271 ,FNC1620 ,Básico ,2013,P7,0.006575,5.5e-05
D7 ,Transunião,56300 ,FYE5680 ,Básico ,2013,P7,0.006575,5.5e-05
D7 ,Transunião,56301 ,FQZ9B60 ,Básico ,2013,P7,0.006575,5.5e-05
D7 ,Transunião,56302 ,FGL3590 ,Básico ,2013,P7,0.006575,5.5e-05
D7 ,Transunião,56303 ,FML0490 ,Básico ,2013,P7,0.006575,5.5e-05
D7 ,Transunião,56304 ,FUJ2690 ,Básico ,2013,P7,0.006575,5.5e-05
D7 ,Transunião,56307 ,FYB7420 ,Básico ,2013,P7,0.006575,5.5e-05
D7 ,Transunião,56308 ,FJU5H20 ,Básico ,2013,P7,0.006575,5.5e-05
D7 ,Transunião,56309 ,FOE8J40 ,Básico ,2013,P7,0.006575,5.5e-05
D7 ,Transunião,56298 ,FRY5660 ,Básico ,2013,P7,0.006575,5.5e-05
D8 ,Movebuss,55363 ,FFN3G19 ,Midiônibus ,2013,P7,0.006575,5.5e-05
AR3 ,Metropole,32117 ,FFN7429 ,Básico ,2013,P7,0.006575,5.5e-05
D8 ,Movebuss,55354 ,FFN3615 ,Midiônibus ,2013,P7,0.006575,5.5e-05
AR7 ,KBPX,77858 ,FFN3884 ,Padron ,2013,P7,0.006575,5.5e-05
AR0 ,Ambiental,41586 ,FJP5E31 ,Padron ,2013,P7,0.006575,5.5e-05
AR0 ,Ambiental,41587 ,FJP5432 ,Padron ,2013,P7,0.006575,5.5e-05
AR0 ,Ambiental,41588 ,FJP5433 ,Padron ,2013,P7,0.006575,5.5e-05
AR0 ,Ambiental,41589 ,FJP5434 ,Padron ,2013,P7,0.006575,5.5e-05
AR0 ,Ambiental,41590 ,FFN3454 ,Padron ,2013,P7,0.006575,5.5e-05
AR0 ,Ambiental,41592 ,FFN0769 ,Padron ,2013,P7,0.006575,5.5e-05
AR0 ,Ambiental,41593 ,FFN3451 ,Padron ,2013,P7,0.006575,5.5e-05
AR0 ,Ambiental,41594 ,FFN3441 ,Padron ,2013,P7,0.006575,5.5e-05
AR0 ,Ambiental,41596 ,FFN0771 ,Padron ,2013,P7,0.006575,5.5e-05
AR0 ,Ambiental,41597 ,FFN4002 ,Padron ,2013,P7,0.006575,5.5e-05
AR0 ,Ambiental,41598 ,FFN0213 ,Padron ,2013,P7,0.006575,5.5e-05
AR0 ,Ambiental,41599 ,FFN3421 ,Padron ,2013,P7,0.006575,5.5e-05
AR0 ,Ambiental,41600 ,FFN3995 ,Padron ,2013,P7,0.006575,5.5e-05
AR0 ,Ambiental,41601 ,FJP8906 ,Padron ,2013,P7,0.006575,5.5e-05
AR0 ,Ambiental,41602 ,FJP8907 ,Padron ,2013,P7,0.006575,5.5e-05
AR0 ,Ambiental,41603 ,FJP8908 ,Padron ,2013,P7,0.006575,5.5e-05
AR7 ,KBPX,77867 ,FFN3875 ,Padron ,2013,P7,0.006575,5.5e-05
AR7 ,KBPX,77856 ,EZL8025 ,Padron ,2013,P7,0.006575,5.5e-05
AR3 ,Metropole,32879 ,FFN8975 ,Básico ,2013,P7,0.006575,5.5e-05
AR3 ,Metropole,32881 ,FFN8995 ,Básico ,2013,P7,0.006575,5.5e-05
AR7 ,KBPX,77864 ,EZL6018 ,Padron ,2013,P7,0.006575,5.5e-05
AR7 ,KBPX,77863 ,EZL6017 ,Padron ,2013,P7,0.006575,5.5e-05
D8 ,Movebuss,55275 ,FFN3627 ,Midiônibus ,2013,P7,0.006575,5.5e-05
D8 ,Movebuss,55358 ,FCB9892 ,Midiônibus ,2013,P7,0.006575,5.5e-05
D8 ,Movebuss,55266 ,FCB5G79 ,Midiônibus ,2013,P7,0.006575,5.5e-05
D8 ,Movebuss,55262 ,FCB9884 ,Midiônibus ,2013,P7,0.006575,5.5e-05
D8 ,Movebuss,55250 ,FNA1561 ,Midiônibus ,2013,P7,0.006575,5.5e-05
AR7 ,KBPX,77862 ,FFN3549 ,Padron ,2013,P7,0.006575,5.5e-05
AR7 ,KBPX,77860 ,EZL8023 ,Padron ,2013,P7,0.006575,5.5e-05
AR7 ,KBPX,77865 ,FFN5262 ,Padron ,2013,P7,0.006575,5.5e-05
AR7 ,KBPX,77866 ,EZL8059 ,Padron ,2013,P7,0.006575,5.5e-05
AR3 ,Metropole,32884 ,FFN8974 ,Básico ,2013,P7,0.006575,5.5e-05
AR3 ,Metropole,32882 ,FFN8972 ,Básico ,2013,P7,0.006575,5.5e-05
AR0 ,Ambiental,41582 ,FJP5451 ,Padron ,2013,P7,0.006575,5.5e-05
AR0 ,Ambiental,41583 ,FJP5E52 ,Padron ,2013,P7,0.006575,5.5e-05
AR0 ,Ambiental,41584 ,FJP5449 ,Padron ,2013,P7,0.006575,5.5e-05
AR0 ,Ambiental,41585 ,FJP5450 ,Padron ,2013,P7,0.006575,5.5e-05
AR3 ,Metropole,32880 ,FFN8976 ,Básico ,2013,P7,0.006575,5.5e-05
D8 ,Movebuss,55214 ,FFN7E62 ,Midiônibus ,2013,P7,0.006575,5.5e-05
AR0 ,Ambiental,41595 ,FJP5420 ,Padron ,2013,P7,0.006575,5.5e-05
AR0 ,Ambiental,41605 ,FJP8910 ,Padron ,2013,P7,0.006575,5.5e-05
AR0 ,Ambiental,41606 ,FJP8921 ,Padron ,2013,P7,0.006575,5.5e-05
D8 ,Movebuss,55205 ,FFN3G24 ,Midiônibus ,2013,P7,0.006575,5.5e-05
AR7 ,KBPX,77853 ,EZL8021 ,Padron ,2013,P7,0.006575,5.5e-05
AR7 ,KBPX,77852 ,EZL6036 ,Padron ,2013,P7,0.006575,5.5e-05
AR0 ,Ambiental,41607 ,FJP8912 ,Padron ,2013,P7,0.006575,5.5e-05
AR0 ,Ambiental,41608 ,FJP8913 ,Padron ,2013,P7,0.006575,5.5e-05
AR7 ,KBPX,77854 ,EZL8022 ,Padron ,2013,P7,0.006575,5.5e-05
AR0 ,Ambiental,41609 ,FJP8914 ,Padron ,2013,P7,0.006575,5.5e-05
D8 ,Movebuss,55299 ,FCB9J68 ,Midiônibus ,2013,P7,0.006575,5.5e-05
AR7 ,KBPX,77851 ,EZL6040 ,Padron ,2013,P7,0.006575,5.5e-05
D8 ,Movebuss,55300 ,FFN3G45 ,Midiônibus ,2013,P7,0.006575,5.5e-05
D8 ,Movebuss,55307 ,FCB5G73 ,Midiônibus ,2013,P7,0.006575,5.5e-05
D8 ,Movebuss,55338 ,FFN3618 ,Midiônibus ,2013,P7,0.006575,5.5e-05
D8 ,Movebuss,55343 ,FCB9903 ,Midiônibus ,2013,P7,0.006575,5.5e-05
AR0 ,Ambiental,41604 ,FJP8909 ,Padron ,2013,P7,0.006575,5.5e-05
AR7 ,KBPX,77855 ,FFN3878 ,Padron ,2013,P7,0.006575,5.5e-05
AR0 ,Ambiental,41610 ,FJP8915 ,Padron ,2013,P7,0.006575,5.5e-05
E5 ,Mobibrasil,63018 ,FON3H03 ,Articulado ,2014,P7,0.006575,5.5e-05
E9 ,Gatusa,76319 ,FYK9268 ,Articulado ,2014,P7,0.006575,5.5e-05
E6 ,Grajau,61268 ,FSE0721 ,Padron ,2014,P7,0.006575,5.5e-05
E6 ,Grajau,61226 ,FRF7928 ,Padron ,2014,P7,0.006575,5.5e-05
E6 ,Grajau,61758 ,FTS1692 ,Articulado ,2014,P7,0.006575,5.5e-05
E6 ,Grajau,61759 ,FEC1083 ,Articulado ,2014,P7,0.006575,5.5e-05
E9 ,Gatusa,76397 ,FTH9A35 ,Articulado ,2014,P7,0.006575,5.5e-05
E6 ,Grajau,61760 ,FIX9037 ,Articulado ,2014,P7,0.006575,5.5e-05
E6 ,Grajau,61761 ,FIE1607 ,Articulado ,2014,P7,0.006575,5.5e-05
E5 ,Mobibrasil,63050 ,FUQ7A98 ,Articulado ,2014,P7,0.006575,5.5e-05
E6 ,Grajau,61214 ,FSI8152 ,Padron ,2014,P7,0.006575,5.5e-05
E9 ,Gatusa,76395 ,FTR1H69 ,Articulado ,2014,P7,0.006575,5.5e-05
E9 ,Gatusa,76320 ,FUP4733 ,Articulado ,2014,P7,0.006575,5.5e-05
E9 ,Gatusa,76394 ,FTC8604 ,Articulado ,2014,P7,0.006575,5.5e-05
E9 ,Gatusa,76393 ,FRS9C08 ,Articulado ,2014,P7,0.006575,5.5e-05
E6 ,Grajau,61272 ,FRB2762 ,Padron ,2014,P7,0.006575,5.5e-05
E9 ,Gatusa,76392 ,FTW6G27 ,Articulado ,2014,P7,0.006575,5.5e-05
E5 ,Mobibrasil,63048 ,FUQ8C95 ,Articulado ,2014,P7,0.006575,5.5e-05
E9 ,Gatusa,76391 ,FRW0J36 ,Articulado ,2014,P7,0.006575,5.5e-05
E9 ,Gatusa,76396 ,FRS5A93 ,Articulado ,2014,P7,0.006575,5.5e-05
E6 ,Grajau,61267 ,FRR4962 ,Padron ,2014,P7,0.006575,5.5e-05
E9 ,Gatusa,76318 ,FYE8282 ,Articulado ,2014,P7,0.006575,5.5e-05
E9 ,Gatusa,76317 ,FVA1940 ,Articulado ,2014,P7,0.006575,5.5e-05
E6 ,Grajau,61262 ,FRH6927 ,Padron ,2014,P7,0.006575,5.5e-05
E6 ,Grajau,61737 ,FEM2I80 ,Articulado ,2014,P7,0.006575,5.5e-05
E6 ,Grajau,61263 ,FQY7938 ,Padron ,2014,P7,0.006575,5.5e-05
E6 ,Grajau,61264 ,FQY8259 ,Padron ,2014,P7,0.006575,5.5e-05
E6 ,Grajau,61738 ,FLZ9G47 ,Articulado ,2014,P7,0.006575,5.5e-05
E6 ,Grajau,61754 ,FSL4C51 ,Articulado ,2014,P7,0.006575,5.5e-05
E6 ,Grajau,61755 ,FLN6774 ,Articulado ,2014,P7,0.006575,5.5e-05
E6 ,Grajau,61756 ,FII9C85 ,Articulado ,2014,P7,0.006575,5.5e-05
E6 ,Grajau,61757 ,FHV6F86 ,Articulado ,2014,P7,0.006575,5.5e-05
E6 ,Grajau,61265 ,FQZ8360 ,Padron ,2014,P7,0.006575,5.5e-05
E6 ,Grajau,61213 ,FSB6733 ,Padron ,2014,P7,0.006575,5.5e-05
E9 ,Gatusa,76316 ,FZD5912 ,Articulado ,2014,P7,0.006575,5.5e-05
E6 ,Grajau,61266 ,FQM9821 ,Padron ,2014,P7,0.006575,5.5e-05
E6 ,Grajau,61269 ,FUL9048 ,Padron ,2014,P7,0.006575,5.5e-05
E6 ,Grajau,61230 ,FQZ2D60 ,Padron ,2014,P7,0.006575,5.5e-05
E6 ,Grajau,61228 ,FRI7819 ,Padron ,2014,P7,0.006575,5.5e-05
E6 ,Grajau,61227 ,FSW8097 ,Padron ,2014,P7,0.006575,5.5e-05
E6 ,Grajau,61273 ,FTW3573 ,Padron ,2014,P7,0.006575,5.5e-05
E9 ,Gatusa,76315 ,FQZ9313 ,Articulado ,2014,P7,0.006575,5.5e-05
E9 ,Gatusa,76390 ,FQQ7F02 ,Articulado ,2014,P7,0.006575,5.5e-05
E9 ,Gatusa,76389 ,FQY6E85 ,Articulado ,2014,P7,0.006575,5.5e-05
E9 ,Gatusa,76388 ,FSR1F82 ,Articulado ,2014,P7,0.006575,5.5e-05
E6 ,Grajau,61762 ,FJG5289 ,Articulado ,2014,P7,0.006575,5.5e-05
E6 ,Grajau,61221 ,FSC0623 ,Padron ,2014,P7,0.006575,5.5e-05
E5 ,Mobibrasil,63024 ,FBG2553 ,Articulado ,2014,P7,0.006575,5.5e-05
E6 ,Grajau,61222 ,FSO5C07 ,Padron ,2014,P7,0.006575,5.5e-05
E5 ,Mobibrasil,63023 ,FCK5932 ,Articulado ,2014,P7,0.006575,5.5e-05
E5 ,Mobibrasil,63022 ,FXR2336 ,Articulado ,2014,P7,0.006575,5.5e-05
E6 ,Grajau,61736 ,FUT9352 ,Articulado ,2014,P7,0.006575,5.5e-05
E5 ,Mobibrasil,63021 ,FPV5573 ,Articulado ,2014,P7,0.006575,5.5e-05
E6 ,Grajau,61223 ,FRY1433 ,Padron ,2014,P7,0.006575,5.5e-05
E6 ,Grajau,61224 ,FSK4I34 ,Padron ,2014,P7,0.006575,5.5e-05
E6 ,Grajau,61270 ,FSJ4H87 ,Padron ,2014,P7,0.006575,5.5e-05
E6 ,Grajau,61271 ,FQW2751 ,Padron ,2014,P7,0.006575,5.5e-05
E5 ,Mobibrasil,63020 ,FJG6464 ,Articulado ,2014,P7,0.006575,5.5e-05
E5 ,Mobibrasil,63009 ,FCU7900 ,Articulado ,2014,P7,0.006575,5.5e-05
E5 ,Mobibrasil,63010 ,FFM2312 ,Articulado ,2014,P7,0.006575,5.5e-05
E5 ,Mobibrasil,63012 ,FNY1860 ,Articulado ,2014,P7,0.006575,5.5e-05
E5 ,Mobibrasil,63013 ,FDG4755 ,Articulado ,2014,P7,0.006575,5.5e-05
E5 ,Mobibrasil,63014 ,FYE7001 ,Articulado ,2014,P7,0.006575,5.5e-05
E5 ,Mobibrasil,63015 ,FOR6115 ,Articulado ,2014,P7,0.006575,5.5e-05
E5 ,Mobibrasil,63017 ,FCV4002 ,Articulado ,2014,P7,0.006575,5.5e-05
E6 ,Grajau,61220 ,FQU7684 ,Padron ,2014,P7,0.006575,5.5e-05
E5 ,Mobibrasil,63019 ,FCN0669 ,Articulado ,2014,P7,0.006575,5.5e-05
E6 ,Grajau,61219 ,FSK5E02 ,Padron ,2014,P7,0.006575,5.5e-05
E5 ,Mobibrasil,63025 ,FHN7339 ,Articulado ,2014,P7,0.006575,5.5e-05
E5 ,Mobibrasil,63049 ,FRE5174 ,Articulado ,2014,P7,0.006575,5.5e-05
E6 ,Grajau,61215 ,FQO7784 ,Padron ,2014,P7,0.006575,5.5e-05
E5 ,Mobibrasil,63030 ,FJP8997 ,Articulado ,2014,P7,0.006575,5.5e-05
E6 ,Grajau,61763 ,FJY0960 ,Articulado ,2014,P7,0.006575,5.5e-05
E6 ,Grajau,61764 ,FKH1468 ,Articulado ,2014,P7,0.006575,5.5e-05
E5 ,Mobibrasil,63029 ,FOS2990 ,Articulado ,2014,P7,0.006575,5.5e-05
E5 ,Mobibrasil,63001 ,FOJ0886 ,Articulado ,2014,P7,0.006575,5.5e-05
E5 ,Mobibrasil,63028 ,FCY2I82 ,Articulado ,2014,P7,0.006575,5.5e-05
E6 ,Grajau,61216 ,FRC3349 ,Padron ,2014,P7,0.006575,5.5e-05
E6 ,Grajau,61217 ,FQW3457 ,Padron ,2014,P7,0.006575,5.5e-05
E5 ,Mobibrasil,63027 ,FUD5I81 ,Articulado ,2014,P7,0.006575,5.5e-05
E5 ,Mobibrasil,63002 ,FIM9I83 ,Articulado ,2014,P7,0.006575,5.5e-05
E6 ,Grajau,61218 ,FRS8658 ,Padron ,2014,P7,0.006575,5.5e-05
E5 ,Mobibrasil,63003 ,FGL7061 ,Articulado ,2014,P7,0.006575,5.5e-05
E5 ,Mobibrasil,63004 ,FPC1222 ,Articulado ,2014,P7,0.006575,5.5e-05
E5 ,Mobibrasil,63005 ,FNF4660 ,Articulado ,2014,P7,0.006575,5.5e-05
E5 ,Mobibrasil,63006 ,FIM3995 ,Articulado ,2014,P7,0.006575,5.5e-05
E5 ,Mobibrasil,63026 ,FCD8098 ,Articulado ,2014,P7,0.006575,5.5e-05
E5 ,Mobibrasil,63007 ,FCI2378 ,Articulado ,2014,P7,0.006575,5.5e-05
E5 ,Mobibrasil,63008 ,FLW9117 ,Articulado ,2014,P7,0.006575,5.5e-05
E6 ,Grajau,61735 ,FRP5G31 ,Articulado ,2014,P7,0.006575,5.5e-05
AR3 ,Metropole,32129 ,FLT1020 ,Básico ,2014,P7,0.006575,5.5e-05
E6 ,Grajau,61563 ,FQN0391 ,Articulado ,2014,P7,0.006575,5.5e-05
AR7 ,KBPX,77890 ,FRP2572 ,Padron ,2014,P7,0.006575,5.5e-05
AR3 ,Metropole,32096 ,FQB3102 ,Padron ,2014,P7,0.006575,5.5e-05
E6 ,Grajau,61511 ,FSV4894 ,Articulado ,2014,P7,0.006575,5.5e-05
E6 ,Grajau,61512 ,FSC6421 ,Articulado ,2014,P7,0.006575,5.5e-05
E6 ,Grajau,61513 ,FSY6712 ,Articulado ,2014,P7,0.006575,5.5e-05
AR7 ,KBPX,77891 ,FPN3A79 ,Padron ,2014,P7,0.006575,5.5e-05
E6 ,Grajau,61514 ,FSU7213 ,Articulado ,2014,P7,0.006575,5.5e-05
E6 ,Grajau,61515 ,FSZ1844 ,Articulado ,2014,P7,0.006575,5.5e-05
AR3 ,Metropole,32097 ,FQV9735 ,Padron ,2014,P7,0.006575,5.5e-05
AR7 ,KBPX,77892 ,FRX6841 ,Padron ,2014,P7,0.006575,5.5e-05
E6 ,Grajau,61516 ,FRO3805 ,Articulado ,2014,P7,0.006575,5.5e-05
AR7 ,KBPX,77893 ,FRK7062 ,Padron ,2014,P7,0.006575,5.5e-05
AR7 ,KBPX,77894 ,FRQ8401 ,Padron ,2014,P7,0.006575,5.5e-05
E6 ,Grajau,61241 ,FRP4903 ,Padron ,2014,P7,0.006575,5.5e-05
AR7 ,KBPX,77895 ,FTE9253 ,Padron ,2014,P7,0.006575,5.5e-05
AR7 ,KBPX,77896 ,FXT1087 ,Padron ,2014,P7,0.006575,5.5e-05
E6 ,Grajau,61517 ,FQU6469 ,Articulado ,2014,P7,0.006575,5.5e-05
AR7 ,KBPX,77897 ,FLC8965 ,Padron ,2014,P7,0.006575,5.5e-05
E6 ,Grajau,61239 ,FRL8391 ,Padron ,2014,P7,0.006575,5.5e-05
E6 ,Grajau,61518 ,FRX0698 ,Articulado ,2014,P7,0.006575,5.5e-05
AR7 ,KBPX,77898 ,FPH9006 ,Padron ,2014,P7,0.006575,5.5e-05
E6 ,Grajau,61238 ,FSG3684 ,Padron ,2014,P7,0.006575,5.5e-05
E6 ,Grajau,61519 ,FQD8137 ,Articulado ,2014,P7,0.006575,5.5e-05
AR7 ,KBPX,77889 ,FRK8491 ,Padron ,2014,P7,0.006575,5.5e-05
E6 ,Grajau,61237 ,FQN4805 ,Padron ,2014,P7,0.006575,5.5e-05
AR7 ,KBPX,77888 ,FQX3415 ,Padron ,2014,P7,0.006575,5.5e-05
AR7 ,KBPX,77887 ,FRU3083 ,Padron ,2014,P7,0.006575,5.5e-05
E6 ,Grajau,61245 ,FTE0G68 ,Padron ,2014,P7,0.006575,5.5e-05
AR7 ,KBPX,77874 ,FQL3241 ,Padron ,2014,P7,0.006575,5.5e-05
AR7 ,KBPX,77875 ,FZF9673 ,Padron ,2014,P7,0.006575,5.5e-05
AR7 ,KBPX,77873 ,FQQ7F28 ,Padron ,2014,P7,0.006575,5.5e-05
E6 ,Grajau,61244 ,FTH6617 ,Padron ,2014,P7,0.006575,5.5e-05
AR7 ,KBPX,77872 ,FQU5B28 ,Padron ,2014,P7,0.006575,5.5e-05
E6 ,Grajau,61246 ,FTH9209 ,Padron ,2014,P7,0.006575,5.5e-05
E6 ,Grajau,61243 ,FRD5J64 ,Padron ,2014,P7,0.006575,5.5e-05
AR7 ,KBPX,77876 ,FQJ4710 ,Padron ,2014,P7,0.006575,5.5e-05
AR7 ,KBPX,77877 ,FVJ0738 ,Padron ,2014,P7,0.006575,5.5e-05
AR7 ,KBPX,77878 ,FWR7597 ,Padron ,2014,P7,0.006575,5.5e-05
E6 ,Grajau,61242 ,FSQ5793 ,Padron ,2014,P7,0.006575,5.5e-05
AR7 ,KBPX,77879 ,FQR9436 ,Padron ,2014,P7,0.006575,5.5e-05
AR7 ,KBPX,77880 ,FQA8165 ,Padron ,2014,P7,0.006575,5.5e-05
AR3 ,Metropole,32091 ,FJZ6911 ,Padron ,2014,P7,0.006575,5.5e-05
AR7 ,KBPX,77882 ,FSL8324 ,Padron ,2014,P7,0.006575,5.5e-05
AR7 ,KBPX,77883 ,FRN2379 ,Padron ,2014,P7,0.006575,5.5e-05
AR7 ,KBPX,77884 ,FRF7G24 ,Padron ,2014,P7,0.006575,5.5e-05
AR7 ,KBPX,77885 ,FTK5A81 ,Padron ,2014,P7,0.006575,5.5e-05
AR7 ,KBPX,77886 ,FRO9342 ,Padron ,2014,P7,0.006575,5.5e-05
AR3 ,Metropole,32092 ,FGW8358 ,Padron ,2014,P7,0.006575,5.5e-05
AR3 ,Metropole,32093 ,FGD5840 ,Padron ,2014,P7,0.006575,5.5e-05
AR3 ,Metropole,32094 ,FVN4028 ,Padron ,2014,P7,0.006575,5.5e-05
AR3 ,Metropole,32095 ,FSO3827 ,Padron ,2014,P7,0.006575,5.5e-05
E6 ,Grajau,61520 ,FSJ7196 ,Articulado ,2014,P7,0.006575,5.5e-05
E6 ,Grajau,61521 ,FQT6075 ,Articulado ,2014,P7,0.006575,5.5e-05
E6 ,Grajau,61523 ,FRU2387 ,Articulado ,2014,P7,0.006575,5.5e-05
E6 ,Grajau,61547 ,FYO2042 ,Articulado ,2014,P7,0.006575,5.5e-05
AR3 ,Metropole,32128 ,FLT1021 ,Básico ,2014,P7,0.006575,5.5e-05
E6 ,Grajau,61548 ,FWM7263 ,Articulado ,2014,P7,0.006575,5.5e-05
E6 ,Grajau,61549 ,FSA2604 ,Articulado ,2014,P7,0.006575,5.5e-05
E6 ,Grajau,61550 ,FVH2589 ,Articulado ,2014,P7,0.006575,5.5e-05
E6 ,Grajau,61551 ,FTR0887 ,Articulado ,2014,P7,0.006575,5.5e-05
E6 ,Grajau,61552 ,FQB5968 ,Articulado ,2014,P7,0.006575,5.5e-05
AR3 ,Metropole,32130 ,FLT1019 ,Básico ,2014,P7,0.006575,5.5e-05
AR3 ,Metropole,32131 ,FLT1017 ,Básico ,2014,P7,0.006575,5.5e-05
E6 ,Grajau,61553 ,FWT8467 ,Articulado ,2014,P7,0.006575,5.5e-05
AR3 ,Metropole,32132 ,FLT1016 ,Básico ,2014,P7,0.006575,5.5e-05
E6 ,Grajau,61554 ,FWP8809 ,Articulado ,2014,P7,0.006575,5.5e-05
E6 ,Grajau,61555 ,FWI4190 ,Articulado ,2014,P7,0.006575,5.5e-05
AR3 ,Metropole,32133 ,FLT1014 ,Básico ,2014,P7,0.006575,5.5e-05
E6 ,Grajau,61556 ,FUD8696 ,Articulado ,2014,P7,0.006575,5.5e-05
E6 ,Grajau,61557 ,FQU2905 ,Articulado ,2014,P7,0.006575,5.5e-05
E6 ,Grajau,61236 ,FRL5926 ,Padron ,2014,P7,0.006575,5.5e-05
E6 ,Grajau,61558 ,FRS7604 ,Articulado ,2014,P7,0.006575,5.5e-05
E6 ,Grajau,61559 ,FQB3211 ,Articulado ,2014,P7,0.006575,5.5e-05
E6 ,Grajau,61560 ,FTW5693 ,Articulado ,2014,P7,0.006575,5.5e-05
E6 ,Grajau,61261 ,FTH8764 ,Padron ,2014,P7,0.006575,5.5e-05
E6 ,Grajau,61561 ,FYO5F30 ,Articulado ,2014,P7,0.006575,5.5e-05
E6 ,Grajau,61562 ,FQL3862 ,Articulado ,2014,P7,0.006575,5.5e-05
E6 ,Grajau,61546 ,FTW0881 ,Articulado ,2014,P7,0.006575,5.5e-05
E6 ,Grajau,61250 ,FRF4612 ,Padron ,2014,P7,0.006575,5.5e-05
AR3 ,Metropole,32127 ,FLT1022 ,Básico ,2014,P7,0.006575,5.5e-05
AR3 ,Metropole,32126 ,FLT1023 ,Básico ,2014,P7,0.006575,5.5e-05
E6 ,Grajau,61524 ,FRH7358 ,Articulado ,2014,P7,0.006575,5.5e-05
AR7 ,KBPX,77871 ,FRF6B79 ,Padron ,2014,P7,0.006575,5.5e-05
AR7 ,KBPX,77870 ,FQR5C18 ,Padron ,2014,P7,0.006575,5.5e-05
AR7 ,KBPX,77869 ,FRF3F24 ,Padron ,2014,P7,0.006575,5.5e-05
AR7 ,KBPX,77868 ,FQR9F43 ,Padron ,2014,P7,0.006575,5.5e-05
E6 ,Grajau,61247 ,FQT9760 ,Padron ,2014,P7,0.006575,5.5e-05
E6 ,Grajau,61248 ,FQN8401 ,Padron ,2014,P7,0.006575,5.5e-05
E6 ,Grajau,61531 ,FSC2137 ,Articulado ,2014,P7,0.006575,5.5e-05
E6 ,Grajau,61532 ,FSC6832 ,Articulado ,2014,P7,0.006575,5.5e-05
E6 ,Grajau,61533 ,FRI0781 ,Articulado ,2014,P7,0.006575,5.5e-05
E6 ,Grajau,61534 ,FQL3149 ,Articulado ,2014,P7,0.006575,5.5e-05
E6 ,Grajau,61564 ,FQO4611 ,Articulado ,2014,P7,0.006575,5.5e-05
E6 ,Grajau,61535 ,FUM5810 ,Articulado ,2014,P7,0.006575,5.5e-05
E6 ,Grajau,61537 ,FSF5631 ,Articulado ,2014,P7,0.006575,5.5e-05
E6 ,Grajau,61538 ,FPA5718 ,Articulado ,2014,P7,0.006575,5.5e-05
E6 ,Grajau,61539 ,FQJ2132 ,Articulado ,2014,P7,0.006575,5.5e-05
E6 ,Grajau,61540 ,FQM8073 ,Articulado ,2014,P7,0.006575,5.5e-05
E6 ,Grajau,61541 ,FQN5304 ,Articulado ,2014,P7,0.006575,5.5e-05
E6 ,Grajau,61249 ,FRT5732 ,Padron ,2014,P7,0.006575,5.5e-05
E6 ,Grajau,61542 ,FQV8239 ,Articulado ,2014,P7,0.006575,5.5e-05
E6 ,Grajau,61543 ,FVY0407 ,Articulado ,2014,P7,0.006575,5.5e-05
E6 ,Grajau,61544 ,FWU2519 ,Articulado ,2014,P7,0.006575,5.5e-05
E6 ,Grajau,61545 ,FVI4640 ,Articulado ,2014,P7,0.006575,5.5e-05
AR3 ,Metropole,32125 ,FLT1025 ,Básico ,2014,P7,0.006575,5.5e-05
E6 ,Grajau,61536 ,FWD2618 ,Articulado ,2014,P7,0.006575,5.5e-05
E9 ,Gatusa,76314 ,FQW5I94 ,Articulado ,2014,P7,0.006575,5.5e-05
E3 ,Metropole,31097 ,FTN4968 ,Articulado ,2014,P7,0.006575,5.5e-05
E9 ,Gatusa,76312 ,FQQ3E79 ,Articulado ,2014,P7,0.006575,5.5e-05
D2 ,Norte Buss,26356 ,FCH7738 ,Midiônibus ,2014,P7,0.006575,5.5e-05
AR6 ,Mobibrasil,64228 ,FRH7I72 ,Padron ,2014,P7,0.006575,5.5e-05
AR6 ,Mobibrasil,64227 ,FRP6E70 ,Padron ,2014,P7,0.006575,5.5e-05
AR6 ,Mobibrasil,64226 ,FRZ6F28 ,Padron ,2014,P7,0.006575,5.5e-05
D2 ,Norte Buss,26375 ,FVN0690 ,Midiônibus ,2014,P7,0.006575,5.5e-05
D2 ,Norte Buss,26420 ,FUH2194 ,Midiônibus ,2014,P7,0.006575,5.5e-05
E7 ,Metropole,73201 ,FRD1731 ,Padron ,2014,P7,0.006575,5.5e-05
E7 ,Metropole,73202 ,FTZ0834 ,Padron ,2014,P7,0.006575,5.5e-05
AR6 ,Mobibrasil,64229 ,FQC3E17 ,Padron ,2014,P7,0.006575,5.5e-05
E7 ,Metropole,73203 ,FRZ4601 ,Padron ,2014,P7,0.006575,5.5e-05
E7 ,Metropole,73205 ,FQW2463 ,Padron ,2014,P7,0.006575,5.5e-05
E7 ,Metropole,73206 ,FQE6762 ,Padron ,2014,P7,0.006575,5.5e-05
E7 ,Metropole,73207 ,FYT7250 ,Padron ,2014,P7,0.006575,5.5e-05
E7 ,Metropole,73208 ,FRN4734 ,Padron ,2014,P7,0.006575,5.5e-05
E7 ,Metropole,73209 ,FRJ3479 ,Padron ,2014,P7,0.006575,5.5e-05
E7 ,Metropole,73210 ,FQM0763 ,Padron ,2014,P7,0.006575,5.5e-05
E7 ,Metropole,73211 ,FRB2831 ,Padron ,2014,P7,0.006575,5.5e-05
E7 ,Metropole,73212 ,FSG3152 ,Padron ,2014,P7,0.006575,5.5e-05
E7 ,Metropole,73204 ,FQZ5672 ,Padron ,2014,P7,0.006575,5.5e-05
AR6 ,Mobibrasil,64230 ,FZB5A10 ,Padron ,2014,P7,0.006575,5.5e-05
AR6 ,Mobibrasil,64232 ,FNQ9J55 ,Padron ,2014,P7,0.006575,5.5e-05
AR6 ,Mobibrasil,64233 ,FRT9E42 ,Padron ,2014,P7,0.006575,5.5e-05
E2 ,Sambaiba,21567 ,FLT1304 ,Articulado ,2014,P7,0.006575,5.5e-05
E2 ,Sambaiba,21565 ,FLT1F16 ,Articulado ,2014,P7,0.006575,5.5e-05
E2 ,Sambaiba,21564 ,FLT1529 ,Articulado ,2014,P7,0.006575,5.5e-05
E2 ,Sambaiba,21560 ,FFS0582 ,Articulado ,2014,P7,0.006575,5.5e-05
D10 ,Transwolff,66553 ,EMU5D07 ,Midiônibus ,2014,P7,0.006575,5.5e-05
D10 ,Transwolff,66524 ,EMU5328 ,Midiônibus ,2014,P7,0.006575,5.5e-05
D10 ,Transwolff,66458 ,FCH7629 ,Midiônibus ,2014,P7,0.006575,5.5e-05
D10 ,Transwolff,66446 ,FRV7H71 ,Básico ,2014,P7,0.006575,5.5e-05
D2 ,Spencer,25256 ,FQE4512 ,Básico ,2014,P7,0.006575,5.5e-05
D2 ,Spencer,25257 ,FBL4777 ,Básico ,2014,P7,0.006575,5.5e-05
D2 ,Spencer,25258 ,FSJ5296 ,Básico ,2014,P7,0.006575,5.5e-05
D2 ,Spencer,25260 ,FFS0569 ,Padron ,2014,P7,0.006575,5.5e-05
D2 ,Norte Buss,26054 ,FUL9376 ,Midiônibus ,2014,P7,0.006575,5.5e-05
D2 ,Norte Buss,26107 ,FTH2I50 ,Midiônibus ,2014,P7,0.006575,5.5e-05
D10 ,Transwolff,66116 ,FRL5160 ,Midiônibus ,2014,P7,0.006575,5.5e-05
D2 ,Norte Buss,26228 ,FJV9466 ,Midiônibus ,2014,P7,0.006575,5.5e-05
AR6 ,Mobibrasil,64238 ,FJF7H66 ,Padron ,2014,P7,0.006575,5.5e-05
AR6 ,Mobibrasil,64235 ,FXN1A60 ,Padron ,2014,P7,0.006575,5.5e-05
AR6 ,Mobibrasil,64234 ,FWL4B88 ,Padron ,2014,P7,0.006575,5.5e-05
E7 ,Metropole,73213 ,FSO7325 ,Padron ,2014,P7,0.006575,5.5e-05
E2 ,Sambaiba,21568 ,FLT1D09 ,Articulado ,2014,P7,0.006575,5.5e-05
E7 ,Metropole,73214 ,FUE6293 ,Padron ,2014,P7,0.006575,5.5e-05
E7 ,Metropole,73217 ,FUK6243 ,Padron ,2014,P7,0.006575,5.5e-05
E3 ,Metropole,31003 ,FTA2061 ,Padron ,2014,P7,0.006575,5.5e-05
E3 ,Metropole,31004 ,FUD5482 ,Padron ,2014,P7,0.006575,5.5e-05
E3 ,Metropole,31005 ,FNW2554 ,Padron ,2014,P7,0.006575,5.5e-05
E3 ,Metropole,31006 ,FZQ7535 ,Padron ,2014,P7,0.006575,5.5e-05
E3 ,Metropole,31007 ,FCS2316 ,Padron ,2014,P7,0.006575,5.5e-05
E3 ,Metropole,31008 ,FOW0327 ,Padron ,2014,P7,0.006575,5.5e-05
E3 ,Metropole,31009 ,FNT6538 ,Padron ,2014,P7,0.006575,5.5e-05
E3 ,Metropole,31010 ,FCV0629 ,Padron ,2014,P7,0.006575,5.5e-05
E3 ,Metropole,31002 ,FQJ9254 ,Padron ,2014,P7,0.006575,5.5e-05
E3 ,Metropole,31011 ,FKB1730 ,Padron ,2014,P7,0.006575,5.5e-05
E3 ,Metropole,31013 ,FLN8975 ,Padron ,2014,P7,0.006575,5.5e-05
E3 ,Metropole,31015 ,FEV4162 ,Padron ,2014,P7,0.006575,5.5e-05
E3 ,Metropole,31016 ,FMK9190 ,Padron ,2014,P7,0.006575,5.5e-05
E3 ,Metropole,31017 ,FVT0427 ,Padron ,2014,P7,0.006575,5.5e-05
E3 ,Metropole,31018 ,FLP9023 ,Padron ,2014,P7,0.006575,5.5e-05
E3 ,Metropole,31019 ,FHV2171 ,Padron ,2014,P7,0.006575,5.5e-05
E3 ,Metropole,31020 ,FZL9530 ,Padron ,2014,P7,0.006575,5.5e-05
E3 ,Metropole,31021 ,FTL2439 ,Padron ,2014,P7,0.006575,5.5e-05
E3 ,Metropole,31012 ,FCC2171 ,Padron ,2014,P7,0.006575,5.5e-05
E3 ,Metropole,31001 ,FOQ9570 ,Padron ,2014,P7,0.006575,5.5e-05
E7 ,Metropole,73358 ,FRL6624 ,Padron ,2014,P7,0.006575,5.5e-05
E7 ,Metropole,73357 ,FRV5167 ,Padron ,2014,P7,0.006575,5.5e-05
E7 ,Metropole,73218 ,FUV3267 ,Padron ,2014,P7,0.006575,5.5e-05
E7 ,Metropole,73219 ,FXU1348 ,Padron ,2014,P7,0.006575,5.5e-05
E7 ,Metropole,73220 ,FUZ7214 ,Padron ,2014,P7,0.006575,5.5e-05
E7 ,Metropole,73221 ,FQB1059 ,Padron ,2014,P7,0.006575,5.5e-05
E7 ,Metropole,73222 ,FPD5760 ,Padron ,2014,P7,0.006575,5.5e-05
E7 ,Metropole,73225 ,FKR1547 ,Padron ,2014,P7,0.006575,5.5e-05
E7 ,Metropole,73226 ,FEZ7282 ,Padron ,2014,P7,0.006575,5.5e-05
E7 ,Metropole,73227 ,FCZ2288 ,Padron ,2014,P7,0.006575,5.5e-05
E7 ,Metropole,73228 ,FED2763 ,Padron ,2014,P7,0.006575,5.5e-05
E7 ,Metropole,73229 ,FMT7231 ,Padron ,2014,P7,0.006575,5.5e-05
E7 ,Metropole,73230 ,FHX7919 ,Padron ,2014,P7,0.006575,5.5e-05
E7 ,Metropole,73231 ,FVU0080 ,Padron ,2014,P7,0.006575,5.5e-05
E7 ,Metropole,73232 ,FMT5498 ,Padron ,2014,P7,0.006575,5.5e-05
E7 ,Metropole,73233 ,FCV0751 ,Padron ,2014,P7,0.006575,5.5e-05
E7 ,Metropole,73351 ,FQN7731 ,Padron ,2014,P7,0.006575,5.5e-05
E7 ,Metropole,73352 ,FRT0182 ,Padron ,2014,P7,0.006575,5.5e-05
E7 ,Metropole,73354 ,FSI7214 ,Padron ,2014,P7,0.006575,5.5e-05
E7 ,Metropole,73355 ,FSY4865 ,Padron ,2014,P7,0.006575,5.5e-05
E7 ,Metropole,73356 ,FRW0776 ,Padron ,2014,P7,0.006575,5.5e-05
E7 ,Metropole,73216 ,FYR4635 ,Padron ,2014,P7,0.006575,5.5e-05
E2 ,Sambaiba,21571 ,FFS0575 ,Articulado ,2014,P7,0.006575,5.5e-05
E2 ,Sambaiba,21572 ,FLT1B48 ,Articulado ,2014,P7,0.006575,5.5e-05
E2 ,Sambaiba,21573 ,FRU5759 ,Articulado ,2014,P7,0.006575,5.5e-05
E2 ,Sambaiba,21870 ,FLT1141 ,Padron ,2014,P7,0.006575,5.5e-05
E2 ,Sambaiba,21935 ,FFS0573 ,Padron ,2014,P7,0.006575,5.5e-05
E2 ,Sambaiba,21936 ,FFS0549 ,Padron ,2014,P7,0.006575,5.5e-05
E2 ,Sambaiba,21938 ,FFS0578 ,Padron ,2014,P7,0.006575,5.5e-05
E2 ,Sambaiba,21939 ,FFS0552 ,Padron ,2014,P7,0.006575,5.5e-05
E2 ,Sambaiba,21940 ,FFS0556 ,Padron ,2014,P7,0.006575,5.5e-05
E2 ,Sambaiba,21941 ,FFS0546 ,Padron ,2014,P7,0.006575,5.5e-05
AR2 ,Sambaiba,22340 ,FLT1504 ,Padron ,2014,P7,0.006575,5.5e-05
E2 ,Sambaiba,21871 ,FLT1522 ,Padron ,2014,P7,0.006575,5.5e-05
AR2 ,Sambaiba,22341 ,FLT1285 ,Padron ,2014,P7,0.006575,5.5e-05
AR2 ,Sambaiba,22343 ,FLT1495 ,Padron ,2014,P7,0.006575,5.5e-05
AR2 ,Sambaiba,22344 ,FLT1494 ,Padron ,2014,P7,0.006575,5.5e-05
AR2 ,Sambaiba,22345 ,FLT1292 ,Padron ,2014,P7,0.006575,5.5e-05
AR2 ,Sambaiba,22351 ,FLT1281 ,Padron ,2014,P7,0.006575,5.5e-05
AR2 ,Sambaiba,22352 ,FFS0567 ,Padron ,2014,P7,0.006575,5.5e-05
AR2 ,Sambaiba,22374 ,FFS0579 ,Padron ,2014,P7,0.006575,5.5e-05
AR2 ,Sambaiba,22375 ,FLT1F26 ,Padron ,2014,P7,0.006575,5.5e-05
AR2 ,Sambaiba,22376 ,FLT1291 ,Padron ,2014,P7,0.006575,5.5e-05
AR2 ,Sambaiba,22342 ,FLT1295 ,Padron ,2014,P7,0.006575,5.5e-05
E2 ,Sambaiba,21872 ,FLT1524 ,Padron ,2014,P7,0.006575,5.5e-05
E2 ,Sambaiba,21873 ,FLT1F17 ,Padron ,2014,P7,0.006575,5.5e-05
E2 ,Sambaiba,21907 ,FLT1139 ,Padron ,2014,P7,0.006575,5.5e-05
E2 ,Sambaiba,21932 ,FFS0562 ,Padron ,2014,P7,0.006575,5.5e-05
E2 ,Sambaiba,21931 ,FFS0568 ,Padron ,2014,P7,0.006575,5.5e-05
E2 ,Sambaiba,21930 ,FFS0564 ,Padron ,2014,P7,0.006575,5.5e-05
E2 ,Sambaiba,21928 ,FLT1143 ,Padron ,2014,P7,0.006575,5.5e-05
E2 ,Sambaiba,21927 ,FFS0545 ,Padron ,2014,P7,0.006575,5.5e-05
E2 ,Sambaiba,21925 ,FFS0553 ,Padron ,2014,P7,0.006575,5.5e-05
E2 ,Sambaiba,21924 ,FLT1142 ,Padron ,2014,P7,0.006575,5.5e-05
E2 ,Sambaiba,21923 ,FLT1498 ,Padron ,2014,P7,0.006575,5.5e-05
E2 ,Sambaiba,21920 ,FLT1497 ,Padron ,2014,P7,0.006575,5.5e-05
E2 ,Sambaiba,21917 ,FFS0560 ,Padron ,2014,P7,0.006575,5.5e-05
E2 ,Sambaiba,21916 ,FLT1287 ,Padron ,2014,P7,0.006575,5.5e-05
E2 ,Sambaiba,21915 ,FLT1506 ,Padron ,2014,P7,0.006575,5.5e-05
E2 ,Sambaiba,21914 ,FLT1508 ,Padron ,2014,P7,0.006575,5.5e-05
E2 ,Sambaiba,21913 ,FLT1503 ,Padron ,2014,P7,0.006575,5.5e-05
E2 ,Sambaiba,21912 ,FLT1514 ,Padron ,2014,P7,0.006575,5.5e-05
E2 ,Sambaiba,21911 ,FLT1149 ,Padron ,2014,P7,0.006575,5.5e-05
E2 ,Sambaiba,21910 ,FLT1140 ,Padron ,2014,P7,0.006575,5.5e-05
E2 ,Sambaiba,21909 ,FFS0561 ,Padron ,2014,P7,0.006575,5.5e-05
E2 ,Sambaiba,21908 ,FLT1283 ,Padron ,2014,P7,0.006575,5.5e-05
AR2 ,Sambaiba,22377 ,FLT1527 ,Padron ,2014,P7,0.006575,5.5e-05
AR2 ,Sambaiba,22379 ,FLT1507 ,Padron ,2014,P7,0.006575,5.5e-05
AR2 ,Sambaiba,22380 ,FLT1147 ,Padron ,2014,P7,0.006575,5.5e-05
AR2 ,Sambaiba,22381 ,FLT1511 ,Padron ,2014,P7,0.006575,5.5e-05
D9 ,A2,68487 ,FUC9G42 ,Midiônibus ,2014,P7,0.006575,5.5e-05
D9 ,A2,68382 ,EZL2302 ,Midiônibus ,2014,P7,0.006575,5.5e-05
D9 ,A2,68308 ,FRY9544 ,Midiônibus ,2014,P7,0.006575,5.5e-05
D9 ,A2,68302 ,FUN9190 ,Midiônibus ,2014,P7,0.006575,5.5e-05
D9 ,A2,68223 ,EZL2327 ,Midiônibus ,2014,P7,0.006575,5.5e-05
D9 ,A2,68122 ,EZL2336 ,Midiônibus ,2014,P7,0.006575,5.5e-05
D9 ,A2,68015 ,FCE1J23 ,Básico ,2014,P7,0.006575,5.5e-05
D10 ,Transwolff,66946 ,EZL2C91 ,Midiônibus ,2014,P7,0.006575,5.5e-05
D10 ,Transwolff,66943 ,FKR0B87 ,Básico ,2014,P7,0.006575,5.5e-05
D10 ,Transwolff,66610 ,FRT8949 ,Midiônibus ,2014,P7,0.006575,5.5e-05
E2 ,Sambaiba,21585 ,FSC9997 ,Articulado ,2014,P7,0.006575,5.5e-05
E2 ,Sambaiba,21583 ,FFS0580 ,Articulado ,2014,P7,0.006575,5.5e-05
E2 ,Sambaiba,21582 ,FFS0557 ,Articulado ,2014,P7,0.006575,5.5e-05
E2 ,Sambaiba,21581 ,FFS0565 ,Articulado ,2014,P7,0.006575,5.5e-05
E2 ,Sambaiba,21580 ,FFS0566 ,Articulado ,2014,P7,0.006575,5.5e-05
E2 ,Sambaiba,21578 ,FLT1E99 ,Articulado ,2014,P7,0.006575,5.5e-05
E2 ,Sambaiba,21577 ,FFS0570 ,Articulado ,2014,P7,0.006575,5.5e-05
E2 ,Sambaiba,21576 ,FFS0572 ,Articulado ,2014,P7,0.006575,5.5e-05
E2 ,Sambaiba,21575 ,FFS0F71 ,Articulado ,2014,P7,0.006575,5.5e-05
D9 ,A2,68488 ,FYT3F88 ,Midiônibus ,2014,P7,0.006575,5.5e-05
E3 ,Metropole,31022 ,FTU5729 ,Padron ,2014,P7,0.006575,5.5e-05
D9 ,A2,68491 ,FQN1911 ,Midiônibus ,2014,P7,0.006575,5.5e-05
D9 ,A2,68636 ,EZL2D01 ,Midiônibus ,2014,P7,0.006575,5.5e-05
AR2 ,Sambaiba,22382 ,FLT1284 ,Padron ,2014,P7,0.006575,5.5e-05
AR2 ,Sambaiba,22383 ,FLT1505 ,Padron ,2014,P7,0.006575,5.5e-05
AR2 ,Sambaiba,22384 ,FLT1294 ,Padron ,2014,P7,0.006575,5.5e-05
AR2 ,Sambaiba,22385 ,FLT1512 ,Padron ,2014,P7,0.006575,5.5e-05
AR2 ,Sambaiba,22386 ,FLT1302 ,Padron ,2014,P7,0.006575,5.5e-05
AR2 ,Sambaiba,22387 ,FLT1288 ,Padron ,2014,P7,0.006575,5.5e-05
AR2 ,Sambaiba,22388 ,FLT1293 ,Padron ,2014,P7,0.006575,5.5e-05
AR2 ,Sambaiba,22389 ,FLT1290 ,Padron ,2014,P7,0.006575,5.5e-05
AR2 ,Sambaiba,22392 ,FLT1296 ,Padron ,2014,P7,0.006575,5.5e-05
AR2 ,Sambaiba,22393 ,FLT1C82 ,Padron ,2014,P7,0.006575,5.5e-05
AR2 ,Sambaiba,22394 ,FLT1298 ,Padron ,2014,P7,0.006575,5.5e-05
AR2 ,Sambaiba,22395 ,FLT1289 ,Padron ,2014,P7,0.006575,5.5e-05
AR2 ,Sambaiba,22396 ,FLT1528 ,Padron ,2014,P7,0.006575,5.5e-05
AR2 ,Sambaiba,22397 ,FLT1286 ,Padron ,2014,P7,0.006575,5.5e-05
AR2 ,Sambaiba,22398 ,FLT1299 ,Padron ,2014,P7,0.006575,5.5e-05
AR2 ,Sambaiba,22399 ,FLT1500 ,Padron ,2014,P7,0.006575,5.5e-05
D9 ,A2,68889 ,FCZ7498 ,Midiônibus ,2014,P7,0.006575,5.5e-05
D9 ,A2,68879 ,FTE4708 ,Midiônibus ,2014,P7,0.006575,5.5e-05
D9 ,A2,68878 ,FQM9848 ,Midiônibus ,2014,P7,0.006575,5.5e-05
D9 ,A2,68579 ,FSB9629 ,Midiônibus ,2014,P7,0.006575,5.5e-05
E9 ,Gatusa,76313 ,FQO1062 ,Articulado ,2014,P7,0.006575,5.5e-05
E7 ,Metropole,73359 ,FRX3075 ,Padron ,2014,P7,0.006575,5.5e-05
E7 ,Metropole,73361 ,FQW1792 ,Padron ,2014,P7,0.006575,5.5e-05
E3 ,Metropole,31295 ,FQY6370 ,Articulado ,2014,P7,0.006575,5.5e-05
E3 ,Metropole,31296 ,FRR8763 ,Articulado ,2014,P7,0.006575,5.5e-05
E3 ,Metropole,31297 ,FRH2305 ,Articulado ,2014,P7,0.006575,5.5e-05
E3 ,Metropole,31298 ,FUX7958 ,Articulado ,2014,P7,0.006575,5.5e-05
E3 ,Metropole,31299 ,FQQ4589 ,Articulado ,2014,P7,0.006575,5.5e-05
E3 ,Metropole,31300 ,FBY1571 ,Articulado ,2014,P7,0.006575,5.5e-05
E3 ,Metropole,31302 ,FPP1512 ,Articulado ,2014,P7,0.006575,5.5e-05
E3 ,Metropole,31303 ,FMY1833 ,Articulado ,2014,P7,0.006575,5.5e-05
E3 ,Metropole,31294 ,FRJ0256 ,Articulado ,2014,P7,0.006575,5.5e-05
E3 ,Metropole,31425 ,FQQ7652 ,Padron ,2014,P7,0.006575,5.5e-05
E3 ,Metropole,31483 ,FQB0274 ,Padron ,2014,P7,0.006575,5.5e-05
E3 ,Metropole,31484 ,FSG8218 ,Padron ,2014,P7,0.006575,5.5e-05
E3 ,Metropole,31485 ,FQT8642 ,Padron ,2014,P7,0.006575,5.5e-05
E3 ,Metropole,31486 ,FQE9747 ,Padron ,2014,P7,0.006575,5.5e-05
E3 ,Metropole,31487 ,FQE8161 ,Padron ,2014,P7,0.006575,5.5e-05
E3 ,Metropole,31488 ,FTT9691 ,Padron ,2014,P7,0.006575,5.5e-05
E3 ,Metropole,31489 ,FQN6395 ,Padron ,2014,P7,0.006575,5.5e-05
E3 ,Metropole,31490 ,FSU7723 ,Padron ,2014,P7,0.006575,5.5e-05
E3 ,Metropole,31482 ,FQX3306 ,Padron ,2014,P7,0.006575,5.5e-05
E3 ,Metropole,31293 ,FRV5075 ,Articulado ,2014,P7,0.006575,5.5e-05
E3 ,Metropole,31292 ,FSV8204 ,Articulado ,2014,P7,0.006575,5.5e-05
AR7 ,Nova Paineira,75999 ,FFN6G94 ,Padron ,2014,P7,0.006575,5.5e-05
E3 ,Metropole,31267 ,FXX8473 ,Articulado ,2014,P7,0.006575,5.5e-05
E3 ,Metropole,31277 ,FSC4862 ,Articulado ,2014,P7,0.006575,5.5e-05
E3 ,Metropole,31278 ,FXJ0373 ,Articulado ,2014,P7,0.006575,5.5e-05
E3 ,Metropole,31279 ,FUJ6915 ,Articulado ,2014,P7,0.006575,5.5e-05
E3 ,Metropole,31280 ,FXA0184 ,Articulado ,2014,P7,0.006575,5.5e-05
E3 ,Metropole,31281 ,FRR8264 ,Articulado ,2014,P7,0.006575,5.5e-05
E3 ,Metropole,31282 ,FVK6027 ,Articulado ,2014,P7,0.006575,5.5e-05
E3 ,Metropole,31283 ,FVH9448 ,Articulado ,2014,P7,0.006575,5.5e-05
E3 ,Metropole,31284 ,FUV9819 ,Articulado ,2014,P7,0.006575,5.5e-05
E3 ,Metropole,31285 ,FRJ7387 ,Articulado ,2014,P7,0.006575,5.5e-05
E3 ,Metropole,31286 ,FRJ7912 ,Articulado ,2014,P7,0.006575,5.5e-05
E3 ,Metropole,31287 ,FUG2984 ,Articulado ,2014,P7,0.006575,5.5e-05
AR7 ,Nova Paineira,75950 ,FLT1510 ,Padron ,2014,P7,0.006575,5.5e-05
E3 ,Metropole,31288 ,FTF9871 ,Articulado ,2014,P7,0.006575,5.5e-05
E3 ,Metropole,31289 ,FQG8273 ,Articulado ,2014,P7,0.006575,5.5e-05
AR7 ,Nova Paineira,75997 ,FNA1C48 ,Padron ,2014,P7,0.006575,5.5e-05
E3 ,Metropole,31290 ,FQL5824 ,Articulado ,2014,P7,0.006575,5.5e-05
AR7 ,Nova Paineira,75998 ,FNA1C50 ,Padron ,2014,P7,0.006575,5.5e-05
E3 ,Metropole,31291 ,FSH8142 ,Articulado ,2014,P7,0.006575,5.5e-05
E3 ,Metropole,31501 ,FIW5406 ,Padron ,2014,P7,0.006575,5.5e-05
E3 ,Metropole,31266 ,FVA0941 ,Articulado ,2014,P7,0.006575,5.5e-05
E3 ,Metropole,31502 ,FLI0617 ,Padron ,2014,P7,0.006575,5.5e-05
E3 ,Metropole,31504 ,FSG6196 ,Padron ,2014,P7,0.006575,5.5e-05
E5 ,Mobibrasil,63212 ,FFN6G98 ,Padron ,2014,P7,0.006575,5.5e-05
E5 ,Mobibrasil,63211 ,FFN6G89 ,Padron ,2014,P7,0.006575,5.5e-05
E5 ,Mobibrasil,63194 ,FVP2H95 ,Articulado ,2014,P7,0.006575,5.5e-05
E5 ,Mobibrasil,63135 ,FQY1E64 ,Articulado ,2014,P7,0.006575,5.5e-05
E5 ,Mobibrasil,63123 ,FWY6A50 ,Articulado ,2014,P7,0.006575,5.5e-05
E5 ,Mobibrasil,63122 ,FUX2F79 ,Articulado ,2014,P7,0.006575,5.5e-05
E5 ,Mobibrasil,63121 ,FSC8F03 ,Articulado ,2014,P7,0.006575,5.5e-05
E5 ,Mobibrasil,63120 ,FXY8B09 ,Articulado ,2014,P7,0.006575,5.5e-05
E5 ,Mobibrasil,63215 ,FFN6G91 ,Padron ,2014,P7,0.006575,5.5e-05
E5 ,Mobibrasil,63119 ,FQU7J57 ,Articulado ,2014,P7,0.006575,5.5e-05
E5 ,Mobibrasil,63117 ,FQX8C15 ,Articulado ,2014,P7,0.006575,5.5e-05
E9 ,Gatusa,76305 ,FTK2B60 ,Articulado ,2014,P7,0.006575,5.5e-05
E9 ,Gatusa,76306 ,FQJ3A17 ,Articulado ,2014,P7,0.006575,5.5e-05
E9 ,Gatusa,76307 ,FQB6E05 ,Articulado ,2014,P7,0.006575,5.5e-05
E9 ,Gatusa,76308 ,FUW0D75 ,Articulado ,2014,P7,0.006575,5.5e-05
E9 ,Gatusa,76309 ,FRX5242 ,Articulado ,2014,P7,0.006575,5.5e-05
E9 ,Gatusa,76310 ,FQC5A20 ,Articulado ,2014,P7,0.006575,5.5e-05
E9 ,Gatusa,76311 ,FQG7C56 ,Articulado ,2014,P7,0.006575,5.5e-05
E5 ,Mobibrasil,63118 ,FQT3H71 ,Articulado ,2014,P7,0.006575,5.5e-05
E5 ,Mobibrasil,63216 ,FFN6G87 ,Padron ,2014,P7,0.006575,5.5e-05
E5 ,Mobibrasil,63217 ,FFN6G96 ,Padron ,2014,P7,0.006575,5.5e-05
E5 ,Mobibrasil,63218 ,FFN6G93 ,Padron ,2014,P7,0.006575,5.5e-05
E3 ,Metropole,31505 ,FOI6172 ,Padron ,2014,P7,0.006575,5.5e-05
E3 ,Metropole,31506 ,FNX9285 ,Padron ,2014,P7,0.006575,5.5e-05
E3 ,Metropole,31507 ,FRD2069 ,Padron ,2014,P7,0.006575,5.5e-05
E3 ,Metropole,31508 ,FIL7428 ,Padron ,2014,P7,0.006575,5.5e-05
E3 ,Metropole,31509 ,FYT7433 ,Padron ,2014,P7,0.006575,5.5e-05
E3 ,Metropole,31510 ,FVR7045 ,Padron ,2014,P7,0.006575,5.5e-05
E3 ,Metropole,31520 ,FRN4318 ,Padron ,2014,P7,0.006575,5.5e-05
E3 ,Metropole,31521 ,FQS5478 ,Padron ,2014,P7,0.006575,5.5e-05
E3 ,Metropole,31522 ,FQX0264 ,Padron ,2014,P7,0.006575,5.5e-05
E3 ,Metropole,31523 ,FSO2578 ,Padron ,2014,P7,0.006575,5.5e-05
E3 ,Metropole,31589 ,FWK7780 ,Articulado ,2014,P7,0.006575,5.5e-05
E5 ,Mobibrasil,63244 ,FJU6I12 ,Padron ,2014,P7,0.006575,5.5e-05
E5 ,Mobibrasil,63243 ,FPQ2H27 ,Padron ,2014,P7,0.006575,5.5e-05
E5 ,Mobibrasil,63242 ,FAW6A69 ,Padron ,2014,P7,0.006575,5.5e-05
E5 ,Mobibrasil,63241 ,FKJ9I22 ,Padron ,2014,P7,0.006575,5.5e-05
E5 ,Mobibrasil,63240 ,FUY4I94 ,Padron ,2014,P7,0.006575,5.5e-05
E5 ,Mobibrasil,63222 ,FFN6G86 ,Padron ,2014,P7,0.006575,5.5e-05
E5 ,Mobibrasil,63221 ,FFN6G95 ,Padron ,2014,P7,0.006575,5.5e-05
E5 ,Mobibrasil,63220 ,FFN6G90 ,Padron ,2014,P7,0.006575,5.5e-05
E3 ,Metropole,31503 ,FNK4794 ,Padron ,2014,P7,0.006575,5.5e-05
E3 ,Metropole,31265 ,FKH0959 ,Articulado ,2014,P7,0.006575,5.5e-05
E3 ,Metropole,31264 ,FFN0502 ,Articulado ,2014,P7,0.006575,5.5e-05
E3 ,Metropole,31263 ,FFN0627 ,Articulado ,2014,P7,0.006575,5.5e-05
E3 ,Metropole,31082 ,FDC7767 ,Articulado ,2014,P7,0.006575,5.5e-05
E3 ,Metropole,31083 ,FLT5383 ,Articulado ,2014,P7,0.006575,5.5e-05
E3 ,Metropole,31084 ,FWI1438 ,Articulado ,2014,P7,0.006575,5.5e-05
E3 ,Metropole,31085 ,FQY4360 ,Articulado ,2014,P7,0.006575,5.5e-05
E3 ,Metropole,31086 ,FCT0120 ,Articulado ,2014,P7,0.006575,5.5e-05
E3 ,Metropole,31087 ,FSN5791 ,Articulado ,2014,P7,0.006575,5.5e-05
E3 ,Metropole,31088 ,FRT1472 ,Articulado ,2014,P7,0.006575,5.5e-05
E3 ,Metropole,31089 ,FOI3331 ,Articulado ,2014,P7,0.006575,5.5e-05
E3 ,Metropole,31081 ,FTB2932 ,Articulado ,2014,P7,0.006575,5.5e-05
E3 ,Metropole,31090 ,FSF0673 ,Articulado ,2014,P7,0.006575,5.5e-05
E3 ,Metropole,31092 ,FQU7205 ,Articulado ,2014,P7,0.006575,5.5e-05
E3 ,Metropole,31093 ,FTI3236 ,Articulado ,2014,P7,0.006575,5.5e-05
E3 ,Metropole,31094 ,FPY6642 ,Articulado ,2014,P7,0.006575,5.5e-05
E3 ,Metropole,31095 ,FVB2167 ,Articulado ,2014,P7,0.006575,5.5e-05
E7 ,Metropole,73822 ,FNA3141 ,Articulado ,2014,P7,0.006575,5.5e-05
E7 ,Metropole,73831 ,FFN0642 ,Articulado ,2014,P7,0.006575,5.5e-05
E7 ,Metropole,73832 ,FQA4801 ,Articulado ,2014,P7,0.006575,5.5e-05
E7 ,Metropole,73833 ,FNA3B40 ,Articulado ,2014,P7,0.006575,5.5e-05
E3 ,Metropole,31091 ,FQU8724 ,Articulado ,2014,P7,0.006575,5.5e-05
E3 ,Metropole,31079 ,FTQ1293 ,Articulado ,2014,P7,0.006575,5.5e-05
E3 ,Metropole,31078 ,FRQ2658 ,Articulado ,2014,P7,0.006575,5.5e-05
E7 ,Metropole,73382 ,FXK7442 ,Padron ,2014,P7,0.006575,5.5e-05
E7 ,Metropole,73362 ,FRK2769 ,Padron ,2014,P7,0.006575,5.5e-05
E7 ,Metropole,73363 ,FSC2760 ,Padron ,2014,P7,0.006575,5.5e-05
E7 ,Metropole,73364 ,FYQ9330 ,Padron ,2014,P7,0.006575,5.5e-05
E7 ,Metropole,73365 ,FQR4287 ,Padron ,2014,P7,0.006575,5.5e-05
E7 ,Metropole,73366 ,FRR1098 ,Padron ,2014,P7,0.006575,5.5e-05
E7 ,Metropole,73367 ,FSQ0781 ,Padron ,2014,P7,0.006575,5.5e-05
E7 ,Metropole,73368 ,FQQ1839 ,Padron ,2014,P7,0.006575,5.5e-05
E7 ,Metropole,73369 ,FRL3095 ,Padron ,2014,P7,0.006575,5.5e-05
E7 ,Metropole,73370 ,FUE5764 ,Padron ,2014,P7,0.006575,5.5e-05
E7 ,Metropole,73371 ,FSA7253 ,Padron ,2014,P7,0.006575,5.5e-05
E7 ,Metropole,73372 ,FUT2803 ,Padron ,2014,P7,0.006575,5.5e-05
E7 ,Metropole,73373 ,FYQ7020 ,Padron ,2014,P7,0.006575,5.5e-05
E7 ,Metropole,73374 ,FSK2697 ,Padron ,2014,P7,0.006575,5.5e-05
E7 ,Metropole,73375 ,FRB0968 ,Padron ,2014,P7,0.006575,5.5e-05
E7 ,Metropole,73376 ,FRS2562 ,Padron ,2014,P7,0.006575,5.5e-05
E7 ,Metropole,73377 ,FWR3390 ,Padron ,2014,P7,0.006575,5.5e-05
E7 ,Metropole,73378 ,FUG0746 ,Padron ,2014,P7,0.006575,5.5e-05
E7 ,Metropole,73380 ,FQC2711 ,Padron ,2014,P7,0.006575,5.5e-05
E7 ,Metropole,73381 ,FXM8839 ,Padron ,2014,P7,0.006575,5.5e-05
E7 ,Metropole,73834 ,FFN0725 ,Articulado ,2014,P7,0.006575,5.5e-05
E7 ,Metropole,73835 ,FNA3B42 ,Articulado ,2014,P7,0.006575,5.5e-05
E7 ,Metropole,73836 ,FSY2216 ,Articulado ,2014,P7,0.006575,5.5e-05
E7 ,Metropole,73837 ,FRZ4027 ,Articulado ,2014,P7,0.006575,5.5e-05
E3 ,Metropole,31243 ,FIH6990 ,Articulado ,2014,P7,0.006575,5.5e-05
E3 ,Metropole,31244 ,FHP7039 ,Articulado ,2014,P7,0.006575,5.5e-05
E3 ,Metropole,31245 ,FFN0735 ,Articulado ,2014,P7,0.006575,5.5e-05
E3 ,Metropole,31248 ,FLT1029 ,Articulado ,2014,P7,0.006575,5.5e-05
E3 ,Metropole,31249 ,FJP7385 ,Articulado ,2014,P7,0.006575,5.5e-05
E3 ,Metropole,31250 ,FLT1028 ,Articulado ,2014,P7,0.006575,5.5e-05
E3 ,Metropole,31251 ,FFN0745 ,Articulado ,2014,P7,0.006575,5.5e-05
E3 ,Metropole,31253 ,FJP7394 ,Articulado ,2014,P7,0.006575,5.5e-05
E3 ,Metropole,31254 ,FLT1008 ,Articulado ,2014,P7,0.006575,5.5e-05
E3 ,Metropole,31255 ,FLT1032 ,Articulado ,2014,P7,0.006575,5.5e-05
E3 ,Metropole,31256 ,FLT1031 ,Articulado ,2014,P7,0.006575,5.5e-05
E3 ,Metropole,31258 ,FHJ0569 ,Articulado ,2014,P7,0.006575,5.5e-05
E3 ,Metropole,31259 ,FLT1030 ,Articulado ,2014,P7,0.006575,5.5e-05
AR7 ,Nova Paineira,75100 ,FSN1I85 ,Articulado ,2014,P7,0.006575,5.5e-05
AR7 ,Nova Paineira,75101 ,FUQ3C51 ,Articulado ,2014,P7,0.006575,5.5e-05
AR7 ,Nova Paineira,75102 ,FTM9F14 ,Articulado ,2014,P7,0.006575,5.5e-05
AR7 ,Nova Paineira,75103 ,FRB8C74 ,Articulado ,2014,P7,0.006575,5.5e-05
AR7 ,Nova Paineira,75104 ,FSQ2G58 ,Articulado ,2014,P7,0.006575,5.5e-05
E3 ,Metropole,31261 ,FFN0734 ,Articulado ,2014,P7,0.006575,5.5e-05
E3 ,Metropole,31105 ,FNO3360 ,Articulado ,2014,P7,0.006575,5.5e-05
E7 ,Metropole,73360 ,FUB6126 ,Padron ,2014,P7,0.006575,5.5e-05
E3 ,Metropole,31099 ,FJH8750 ,Articulado ,2014,P7,0.006575,5.5e-05
E6 ,Grajau,61212 ,FUL0610 ,Padron ,2014,P7,0.006575,5.5e-05
E7 ,Metropole,73838 ,FST0165 ,Articulado ,2014,P7,0.006575,5.5e-05
E7 ,Metropole,73839 ,FTB6098 ,Articulado ,2014,P7,0.006575,5.5e-05
E7 ,Metropole,73840 ,FUP5669 ,Articulado ,2014,P7,0.006575,5.5e-05
E7 ,Metropole,73841 ,FQS4013 ,Articulado ,2014,P7,0.006575,5.5e-05
E7 ,Metropole,73842 ,FSS6894 ,Articulado ,2014,P7,0.006575,5.5e-05
E7 ,Metropole,73843 ,FTN1132 ,Articulado ,2014,P7,0.006575,5.5e-05
E7 ,Metropole,73844 ,FRJ8918 ,Articulado ,2014,P7,0.006575,5.5e-05
E7 ,Metropole,73845 ,FTC8831 ,Articulado ,2014,P7,0.006575,5.5e-05
E7 ,Metropole,73846 ,FSE9386 ,Articulado ,2014,P7,0.006575,5.5e-05
E7 ,Metropole,73847 ,FQL2162 ,Articulado ,2014,P7,0.006575,5.5e-05
E7 ,Metropole,73848 ,FRG5183 ,Articulado ,2014,P7,0.006575,5.5e-05
E7 ,Metropole,73849 ,FQQ6325 ,Articulado ,2014,P7,0.006575,5.5e-05
E7 ,Metropole,73850 ,FST9067 ,Articulado ,2014,P7,0.006575,5.5e-05
E7 ,Metropole,73851 ,FYQ7120 ,Articulado ,2014,P7,0.006575,5.5e-05
E7 ,Metropole,73852 ,FSY7861 ,Articulado ,2014,P7,0.006575,5.5e-05
E7 ,Metropole,73853 ,FRF7653 ,Articulado ,2014,P7,0.006575,5.5e-05
E7 ,Metropole,73854 ,FRH0624 ,Articulado ,2014,P7,0.006575,5.5e-05
E7 ,Metropole,73855 ,FRB4156 ,Articulado ,2014,P7,0.006575,5.5e-05
E3 ,Metropole,31096 ,FPL2863 ,Articulado ,2014,P7,0.006575,5.5e-05
E3 ,Metropole,31098 ,FKJ2379 ,Articulado ,2014,P7,0.006575,5.5e-05
E6 ,Grajau,61211 ,FRE4291 ,Padron ,2014,P7,0.006575,5.5e-05
AR1 ,Brigida,10001 ,FUM7191 ,Articulado ,2014,P7,0.006575,5.5e-05
E2 ,Sambaiba,21934 ,FFS0563 ,Padron ,2014,P7,0.006575,5.5e-05
E4 ,Via Sudeste,52717 ,FWU9957 ,Articulado ,2014,P7,0.006575,5.5e-05
E4 ,Via Sudeste,52718 ,FWK6500 ,Articulado ,2014,P7,0.006575,5.5e-05
D3 ,Transunião ,36312 ,FQE0B56 ,Básico ,2014,P7,0.006575,5.5e-05
E4 ,Via Sudeste,52719 ,FQF1378 ,Articulado ,2014,P7,0.006575,5.5e-05
E4 ,Via Sudeste,52720 ,FXS7549 ,Articulado ,2014,P7,0.006575,5.5e-05
D3 ,Transunião ,36304 ,FTN2090 ,Midiônibus ,2014,P7,0.006575,5.5e-05
E4 ,Via Sudeste,52721 ,FSG1781 ,Articulado ,2014,P7,0.006575,5.5e-05
D3 ,Transunião ,36291 ,EZL2354 ,Midiônibus ,2014,P7,0.006575,5.5e-05
E4 ,Via Sudeste,52722 ,FWD1780 ,Articulado ,2014,P7,0.006575,5.5e-05
D3 ,Transunião ,36288 ,FJP7C85 ,Midiônibus ,2014,P7,0.006575,5.5e-05
E4 ,Via Sudeste,52723 ,FQH6921 ,Articulado ,2014,P7,0.006575,5.5e-05
D3 ,Transunião ,36285 ,CFY8265 ,Midiônibus ,2014,P7,0.006575,5.5e-05
D3 ,Transunião ,36283 ,FRX3H20 ,Midiônibus ,2014,P7,0.006575,5.5e-05
E4 ,Via Sudeste,52724 ,FYB2370 ,Articulado ,2014,P7,0.006575,5.5e-05
D5 ,Pêssego,47256 ,FTV0944 ,Midiônibus ,2014,P7,0.006575,5.5e-05
D5 ,Pêssego,47241 ,EZL2D57 ,Midiônibus ,2014,P7,0.006575,5.5e-05
E4 ,Via Sudeste,52725 ,FQR1582 ,Articulado ,2014,P7,0.006575,5.5e-05
E1 ,Brigida,11961 ,CFY6141 ,Padron ,2014,P7,0.006575,5.5e-05
E1 ,Brigida,11960 ,CFY6140 ,Padron ,2014,P7,0.006575,5.5e-05
E1 ,Brigida,11959 ,CFY6139 ,Padron ,2014,P7,0.006575,5.5e-05
E1 ,Brigida,11946 ,CFY6044 ,Padron ,2014,P7,0.006575,5.5e-05
D5 ,Pêssego,47236 ,FVW6250 ,Midiônibus ,2014,P7,0.006575,5.5e-05
D3 ,Transunião ,36262 ,FQD3D73 ,Básico ,2014,P7,0.006575,5.5e-05
E4 ,Via Sudeste,52716 ,FVW8556 ,Articulado ,2014,P7,0.006575,5.5e-05
E4 ,Via Sudeste,52730 ,FYP5107 ,Articulado ,2014,P7,0.006575,5.5e-05
D3 ,Transunião ,36265 ,FSD9D40 ,Midiônibus ,2014,P7,0.006575,5.5e-05
D3 ,Transunião ,36267 ,FQM8J00 ,Midiônibus ,2014,P7,0.006575,5.5e-05
E4 ,Via Sudeste,52729 ,FXP5716 ,Articulado ,2014,P7,0.006575,5.5e-05
E4 ,Via Sudeste,52728 ,FSL5145 ,Articulado ,2014,P7,0.006575,5.5e-05
E4 ,Via Sudeste,52727 ,FQW8924 ,Articulado ,2014,P7,0.006575,5.5e-05
E4 ,Via Sudeste,52726 ,FRT4403 ,Articulado ,2014,P7,0.006575,5.5e-05
D3 ,Transunião ,36264 ,FQA0D89 ,Midiônibus ,2014,P7,0.006575,5.5e-05
E1 ,Brigida,11962 ,CFY6144 ,Padron ,2014,P7,0.006575,5.5e-05
E4 ,Via Sudeste,52715 ,FYN8605 ,Articulado ,2014,P7,0.006575,5.5e-05
E4 ,Via Sudeste,52714 ,FTA7753 ,Articulado ,2014,P7,0.006575,5.5e-05
D5 ,Pêssego,47557 ,FOO9980 ,Midiônibus ,2014,P7,0.006575,5.5e-05
D5 ,Pêssego,47555 ,CFY8259 ,Midiônibus ,2014,P7,0.006575,5.5e-05
D5 ,Pêssego,47553 ,FSD3H63 ,Midiônibus ,2014,P7,0.006575,5.5e-05
D5 ,Pêssego,47397 ,EZL2D12 ,Midiônibus ,2014,P7,0.006575,5.5e-05
E4 ,Via Sudeste,52707 ,FQP1263 ,Articulado ,2014,P7,0.006575,5.5e-05
D3 ,Transunião ,36505 ,FQQ6C42 ,Básico ,2014,P7,0.006575,5.5e-05
D3 ,Transunião ,36504 ,FQF4D61 ,Básico ,2014,P7,0.006575,5.5e-05
D3 ,Transunião ,36503 ,FTZ9J40 ,Midiônibus ,2014,P7,0.006575,5.5e-05
D3 ,Transunião ,36501 ,FQF3C86 ,Básico ,2014,P7,0.006575,5.5e-05
AR9 ,Transppass,80178 ,FYH5904 ,Articulado ,2014,P7,0.006575,5.5e-05
AR9 ,Transppass,80177 ,FSM3652 ,Articulado ,2014,P7,0.006575,5.5e-05
AR9 ,Transppass,80176 ,FQY2691 ,Articulado ,2014,P7,0.006575,5.5e-05
AR9 ,Transppass,80174 ,FRF0482 ,Articulado ,2014,P7,0.006575,5.5e-05
AR9 ,Transppass,80173 ,FTC5691 ,Articulado ,2014,P7,0.006575,5.5e-05
AR9 ,Transppass,80172 ,FTR3643 ,Articulado ,2014,P7,0.006575,5.5e-05
AR9 ,Transppass,80169 ,FUA7472 ,Articulado ,2014,P7,0.006575,5.5e-05
AR9 ,Transppass,80168 ,FSU4835 ,Articulado ,2014,P7,0.006575,5.5e-05
D3 ,Transunião ,36331 ,ELW6C19 ,Midiônibus ,2014,P7,0.006575,5.5e-05
E4 ,Via Sudeste,52713 ,FQN7392 ,Articulado ,2014,P7,0.006575,5.5e-05
D3 ,Transunião ,36334 ,FSY6D48 ,Midiônibus ,2014,P7,0.006575,5.5e-05
D3 ,Transunião ,36336 ,FQE6H03 ,Básico ,2014,P7,0.006575,5.5e-05
D3 ,Transunião ,36337 ,FUU7D69 ,Midiônibus ,2014,P7,0.006575,5.5e-05
E4 ,Via Sudeste,52712 ,FTH5881 ,Articulado ,2014,P7,0.006575,5.5e-05
D3 ,Transunião ,36329 ,CFY8C69 ,Midiônibus ,2014,P7,0.006575,5.5e-05
E4 ,Via Sudeste,52711 ,FQN0781 ,Articulado ,2014,P7,0.006575,5.5e-05
E4 ,Via Sudeste,52709 ,FRM4461 ,Articulado ,2014,P7,0.006575,5.5e-05
E4 ,Via Sudeste,52708 ,FTZ8052 ,Articulado ,2014,P7,0.006575,5.5e-05
AR9 ,Transppass,80161 ,FRD4961 ,Articulado ,2014,P7,0.006575,5.5e-05
AR9 ,Transppass,80162 ,FSJ7135 ,Articulado ,2014,P7,0.006575,5.5e-05
AR9 ,Transppass,80166 ,FQT3285 ,Articulado ,2014,P7,0.006575,5.5e-05
AR9 ,Transppass,80167 ,FSH9376 ,Articulado ,2014,P7,0.006575,5.5e-05
E4 ,Via Sudeste,52710 ,FTD4325 ,Articulado ,2014,P7,0.006575,5.5e-05
D5 ,Pêssego,47569 ,EZL2281 ,Midiônibus ,2014,P7,0.006575,5.5e-05
E1 ,Brigida,11963 ,CFY6149 ,Padron ,2014,P7,0.006575,5.5e-05
E1 ,Brigida,11965 ,CFY7990 ,Padron ,2014,P7,0.006575,5.5e-05
E1 ,G. Preto,12429 ,FFN0523 ,Padron ,2014,P7,0.006575,5.5e-05
E1 ,G. Preto,12430 ,FFN0527 ,Padron ,2014,P7,0.006575,5.5e-05
E1 ,G. Preto,12431 ,FFN0522 ,Padron ,2014,P7,0.006575,5.5e-05
E1 ,G. Preto,12432 ,FFN0286 ,Padron ,2014,P7,0.006575,5.5e-05
E1 ,G. Preto,12433 ,FFN0279 ,Padron ,2014,P7,0.006575,5.5e-05
E1 ,G. Preto,12434 ,FFN0532 ,Padron ,2014,P7,0.006575,5.5e-05
E1 ,G. Preto,12467 ,FTJ4490 ,Articulado ,2014,P7,0.006575,5.5e-05
E1 ,G. Preto,12468 ,FQI6198 ,Articulado ,2014,P7,0.006575,5.5e-05
E1 ,G. Preto,12469 ,FSU9539 ,Articulado ,2014,P7,0.006575,5.5e-05
E1 ,G. Preto,12470 ,FRB2249 ,Articulado ,2014,P7,0.006575,5.5e-05
E1 ,G. Preto,12471 ,FQI7414 ,Articulado ,2014,P7,0.006575,5.5e-05
D5 ,Pêssego,47208 ,FSS1F79 ,Midiônibus ,2014,P7,0.006575,5.5e-05
E1 ,G. Preto,12472 ,FRX3255 ,Articulado ,2014,P7,0.006575,5.5e-05
E1 ,G. Preto,12473 ,FRD1543 ,Articulado ,2014,P7,0.006575,5.5e-05
E1 ,G. Preto,12474 ,FUC6808 ,Articulado ,2014,P7,0.006575,5.5e-05
E1 ,G. Preto,12475 ,FTE7357 ,Articulado ,2014,P7,0.006575,5.5e-05
E1 ,G. Preto,12476 ,FQR6982 ,Articulado ,2014,P7,0.006575,5.5e-05
E4 ,Via Sudeste,52740 ,FXE7529 ,Articulado ,2014,P7,0.006575,5.5e-05
D5 ,Pêssego,47159 ,FLE2H83 ,Midiônibus ,2014,P7,0.006575,5.5e-05
E4 ,Via Sudeste,52739 ,FWU5968 ,Articulado ,2014,P7,0.006575,5.5e-05
E4 ,Via Sudeste,52738 ,FXE2247 ,Articulado ,2014,P7,0.006575,5.5e-05
D3 ,Transunião ,36246 ,FTK4589 ,Midiônibus ,2014,P7,0.006575,5.5e-05
E4 ,Via Sudeste,52737 ,FZD8076 ,Articulado ,2014,P7,0.006575,5.5e-05
E1 ,G. Preto,12428 ,FFN0714 ,Padron ,2014,P7,0.006575,5.5e-05
E4 ,Via Sudeste,52736 ,FUQ7085 ,Articulado ,2014,P7,0.006575,5.5e-05
E1 ,G. Preto,12534 ,FRA6072 ,Padron ,2014,P7,0.006575,5.5e-05
E1 ,G. Preto,12533 ,FRB0941 ,Padron ,2014,P7,0.006575,5.5e-05
D3 ,Transunião ,36253 ,FYR3G77 ,Básico ,2014,P7,0.006575,5.5e-05
E4 ,Via Sudeste,52734 ,FWM3613 ,Articulado ,2014,P7,0.006575,5.5e-05
E4 ,Via Sudeste,52733 ,FYC7349 ,Articulado ,2014,P7,0.006575,5.5e-05
E4 ,Via Sudeste,52732 ,FWB7052 ,Articulado ,2014,P7,0.006575,5.5e-05
E4 ,Via Sudeste,52735 ,FVL5094 ,Articulado ,2014,P7,0.006575,5.5e-05
E1 ,Brigida,11964 ,CFY6162 ,Padron ,2014,P7,0.006575,5.5e-05
E1 ,G. Preto,12427 ,FFN0524 ,Padron ,2014,P7,0.006575,5.5e-05
E1 ,G. Preto,12425 ,FFN0611 ,Padron ,2014,P7,0.006575,5.5e-05
E1 ,Brigida,11966 ,FCB0167 ,Padron ,2014,P7,0.006575,5.5e-05
E1 ,Brigida,11967 ,FCB0176 ,Padron ,2014,P7,0.006575,5.5e-05
E1 ,Brigida,11968 ,FCB0216 ,Padron ,2014,P7,0.006575,5.5e-05
E1 ,Brigida,11969 ,FCB0223 ,Padron ,2014,P7,0.006575,5.5e-05
E1 ,Brigida,11970 ,FCB0244 ,Padron ,2014,P7,0.006575,5.5e-05
E1 ,Brigida,11971 ,FCB9913 ,Padron ,2014,P7,0.006575,5.5e-05
E1 ,Brigida,11972 ,FCB9925 ,Padron ,2014,P7,0.006575,5.5e-05
E1 ,Brigida,11973 ,FCB9931 ,Padron ,2014,P7,0.006575,5.5e-05
E1 ,Brigida,11974 ,FCB9932 ,Padron ,2014,P7,0.006575,5.5e-05
E1 ,Brigida,11975 ,FCB9934 ,Padron ,2014,P7,0.006575,5.5e-05
E1 ,Brigida,11976 ,FCB9936 ,Padron ,2014,P7,0.006575,5.5e-05
E1 ,Brigida,11977 ,FCB9937 ,Padron ,2014,P7,0.006575,5.5e-05
E1 ,Brigida,11978 ,FCB9947 ,Padron ,2014,P7,0.006575,5.5e-05
E1 ,Brigida,11979 ,FCB9964 ,Padron ,2014,P7,0.006575,5.5e-05
E1 ,Brigida,11980 ,FCB9972 ,Padron ,2014,P7,0.006575,5.5e-05
E1 ,Brigida,11981 ,FCB9973 ,Padron ,2014,P7,0.006575,5.5e-05
E1 ,Brigida,11982 ,FCB9974 ,Padron ,2014,P7,0.006575,5.5e-05
D3 ,Transunião ,36258 ,FTT6980 ,Midiônibus ,2014,P7,0.006575,5.5e-05
E4 ,Via Sudeste,52731 ,FWM4038 ,Articulado ,2014,P7,0.006575,5.5e-05
E1 ,Brigida,11995 ,CFZ0236 ,Padron ,2014,P7,0.006575,5.5e-05
E1 ,Brigida,11994 ,CFZ0235 ,Padron ,2014,P7,0.006575,5.5e-05
E1 ,Brigida,11993 ,CFZ0234 ,Padron ,2014,P7,0.006575,5.5e-05
E1 ,Brigida,11992 ,CFZ0233 ,Padron ,2014,P7,0.006575,5.5e-05
E1 ,G. Preto,12426 ,FFN0520 ,Padron ,2014,P7,0.006575,5.5e-05
E1 ,Brigida,11991 ,CFZ0232 ,Padron ,2014,P7,0.006575,5.5e-05
E1 ,Brigida,11989 ,FFN0757 ,Padron ,2014,P7,0.006575,5.5e-05
E1 ,Brigida,11988 ,FFN0401 ,Padron ,2014,P7,0.006575,5.5e-05
E1 ,Brigida,11987 ,EZL8083 ,Padron ,2014,P7,0.006575,5.5e-05
E1 ,Brigida,11985 ,EFW5758 ,Padron ,2014,P7,0.006575,5.5e-05
E1 ,Brigida,11984 ,EFW5737 ,Padron ,2014,P7,0.006575,5.5e-05
E1 ,Brigida,11983 ,FCB9982 ,Padron ,2014,P7,0.006575,5.5e-05
E1 ,Brigida,11990 ,CFZ0231 ,Padron ,2014,P7,0.006575,5.5e-05
D5 ,Pêssego,47584 ,FQL0934 ,Midiônibus ,2014,P7,0.006575,5.5e-05
D5 ,Pêssego,47598 ,FXR9C00 ,Midiônibus ,2014,P7,0.006575,5.5e-05
D5 ,Pêssego,47651 ,FRJ6B76 ,Midiônibus ,2014,P7,0.006575,5.5e-05
AR8 ,G Preto,82492 ,FNC2490 ,Padron ,2014,P7,0.006575,5.5e-05
AR8 ,G Preto,82491 ,FMB1288 ,Padron ,2014,P7,0.006575,5.5e-05
E1 ,Brigida,11012 ,FSU0942 ,Articulado ,2014,P7,0.006575,5.5e-05
AR8 ,G Preto,82490 ,FPL4894 ,Padron ,2014,P7,0.006575,5.5e-05
AR8 ,G Preto,82489 ,FYP7235 ,Padron ,2014,P7,0.006575,5.5e-05
AR8 ,G Preto,82488 ,FIM8729 ,Padron ,2014,P7,0.006575,5.5e-05
AR8 ,G Preto,82487 ,FKD4356 ,Padron ,2014,P7,0.006575,5.5e-05
AR8 ,G Preto,82486 ,FDS3271 ,Padron ,2014,P7,0.006575,5.5e-05
AR8 ,G Preto,82485 ,FAY6822 ,Padron ,2014,P7,0.006575,5.5e-05
AR8 ,G Preto,82484 ,FJV1807 ,Padron ,2014,P7,0.006575,5.5e-05
AR8 ,G Preto,82466 ,FRD6C07 ,Padron ,2014,P7,0.006575,5.5e-05
AR8 ,G Preto,82465 ,FTH3451 ,Padron ,2014,P7,0.006575,5.5e-05
AR8 ,G Preto,82464 ,FSR7314 ,Padron ,2014,P7,0.006575,5.5e-05
AR8 ,G Preto,82463 ,FQW5051 ,Padron ,2014,P7,0.006575,5.5e-05
AR8 ,G Preto,82462 ,FSV9085 ,Padron ,2014,P7,0.006575,5.5e-05
AR8 ,G Preto,82460 ,FRX4043 ,Padron ,2014,P7,0.006575,5.5e-05
AR8 ,G Preto,82459 ,FRP4752 ,Padron ,2014,P7,0.006575,5.5e-05
AR8 ,G Preto,82445 ,FQN8964 ,Padron ,2014,P7,0.006575,5.5e-05
AR8 ,G Preto,82446 ,FQH5435 ,Padron ,2014,P7,0.006575,5.5e-05
AR8 ,G Preto,82447 ,FSK7826 ,Padron ,2014,P7,0.006575,5.5e-05
AR8 ,G Preto,82448 ,FQL6607 ,Padron ,2014,P7,0.006575,5.5e-05
AR8 ,G Preto,82449 ,FQS7548 ,Padron ,2014,P7,0.006575,5.5e-05
AR8 ,G Preto,82450 ,FQB6591 ,Padron ,2014,P7,0.006575,5.5e-05
AR8 ,G Preto,82493 ,FGF0883 ,Padron ,2014,P7,0.006575,5.5e-05
AR8 ,G Preto,82451 ,FRP6689 ,Padron ,2014,P7,0.006575,5.5e-05
AR8 ,G Preto,82453 ,FTL0545 ,Padron ,2014,P7,0.006575,5.5e-05
AR8 ,G Preto,82454 ,FRJ4282 ,Padron ,2014,P7,0.006575,5.5e-05
AR8 ,G Preto,82455 ,FTI8786 ,Padron ,2014,P7,0.006575,5.5e-05
AR8 ,G Preto,82456 ,FQY7107 ,Padron ,2014,P7,0.006575,5.5e-05
AR8 ,G Preto,82457 ,FTL4484 ,Padron ,2014,P7,0.006575,5.5e-05
AR8 ,G Preto,82458 ,FRP0493 ,Padron ,2014,P7,0.006575,5.5e-05
AR8 ,G Preto,82452 ,FTB1870 ,Padron ,2014,P7,0.006575,5.5e-05
AR8 ,G Preto,82444 ,FQX8233 ,Padron ,2014,P7,0.006575,5.5e-05
AR8 ,G Preto,82535 ,FQO7840 ,Padron ,2014,P7,0.006575,5.5e-05
AR8 ,G Preto,82537 ,FSW3418 ,Padron ,2014,P7,0.006575,5.5e-05
E1 ,Brigida,11016 ,FRJ2766 ,Articulado ,2014,P7,0.006575,5.5e-05
E1 ,Brigida,11017 ,FTF3107 ,Articulado ,2014,P7,0.006575,5.5e-05
E1 ,Brigida,11018 ,FQV5118 ,Articulado ,2014,P7,0.006575,5.5e-05
E1 ,Brigida,11019 ,FTF4319 ,Articulado ,2014,P7,0.006575,5.5e-05
E1 ,Brigida,11020 ,FQC2200 ,Articulado ,2014,P7,0.006575,5.5e-05
E1 ,Brigida,11021 ,FRP7601 ,Articulado ,2014,P7,0.006575,5.5e-05
E1 ,Brigida,11022 ,FSN4622 ,Articulado ,2014,P7,0.006575,5.5e-05
E1 ,Brigida,11023 ,FSX0133 ,Articulado ,2014,P7,0.006575,5.5e-05
E1 ,Brigida,11024 ,FRH3124 ,Articulado ,2014,P7,0.006575,5.5e-05
E1 ,Brigida,11025 ,FTW6525 ,Articulado ,2014,P7,0.006575,5.5e-05
E1 ,Brigida,11026 ,FTI0896 ,Articulado ,2014,P7,0.006575,5.5e-05
E1 ,Brigida,11027 ,FSK8717 ,Articulado ,2014,P7,0.006575,5.5e-05
E1 ,Brigida,11028 ,FTX8798 ,Articulado ,2014,P7,0.006575,5.5e-05
E1 ,Brigida,11029 ,FSA7229 ,Articulado ,2014,P7,0.006575,5.5e-05
E1 ,Brigida,11030 ,FUQ9100 ,Articulado ,2014,P7,0.006575,5.5e-05
E1 ,Brigida,11031 ,FUV6961 ,Articulado ,2014,P7,0.006575,5.5e-05
E1 ,Brigida,11032 ,FTC3022 ,Articulado ,2014,P7,0.006575,5.5e-05
AR8 ,G Preto,82538 ,FRK1127 ,Padron ,2014,P7,0.006575,5.5e-05
AR8 ,G Preto,82539 ,FRE8406 ,Padron ,2014,P7,0.006575,5.5e-05
AR8 ,G Preto,82540 ,FTA8425 ,Padron ,2014,P7,0.006575,5.5e-05
E1 ,Brigida,11013 ,FTW6893 ,Articulado ,2014,P7,0.006575,5.5e-05
E1 ,Brigida,11014 ,FSB8404 ,Articulado ,2014,P7,0.006575,5.5e-05
E1 ,Brigida,11015 ,FUC0455 ,Articulado ,2014,P7,0.006575,5.5e-05
AR8 ,G Preto,82536 ,FQS8169 ,Padron ,2014,P7,0.006575,5.5e-05
E1 ,Brigida,11040 ,FUA4930 ,Articulado ,2014,P7,0.006575,5.5e-05
E1 ,Brigida,11038 ,FSB7188 ,Articulado ,2014,P7,0.006575,5.5e-05
E1 ,Brigida,11037 ,FQH6267 ,Articulado ,2014,P7,0.006575,5.5e-05
E1 ,Brigida,11036 ,FTJ3356 ,Articulado ,2014,P7,0.006575,5.5e-05
E1 ,Brigida,11035 ,FSF1245 ,Articulado ,2014,P7,0.006575,5.5e-05
E1 ,Brigida,11034 ,FTS4954 ,Articulado ,2014,P7,0.006575,5.5e-05
E1 ,Brigida,11033 ,FTS3933 ,Articulado ,2014,P7,0.006575,5.5e-05
E1 ,Brigida,11039 ,FQU1549 ,Articulado ,2014,P7,0.006575,5.5e-05
AR8 ,G Preto,82443 ,FQT2642 ,Padron ,2014,P7,0.006575,5.5e-05
AR8 ,G Preto,82442 ,FRM2932 ,Padron ,2014,P7,0.006575,5.5e-05
AR8 ,G Preto,82441 ,FTR4863 ,Padron ,2014,P7,0.006575,5.5e-05
AR5 ,Via Sudeste,51573 ,FDP1540 ,Articulado ,2014,P7,0.006575,5.5e-05
AR5 ,Via Sudeste,51574 ,FRF7164 ,Articulado ,2014,P7,0.006575,5.5e-05
D3 ,Transunião ,36699 ,FOY0C80 ,Midiônibus ,2014,P7,0.006575,5.5e-05
D3 ,Transunião ,36698 ,FTH7E10 ,Básico ,2014,P7,0.006575,5.5e-05
D3 ,Transunião ,36686 ,FQG7F29 ,Midiônibus ,2014,P7,0.006575,5.5e-05
D3 ,Transunião ,36679 ,EMU5C28 ,Midiônibus ,2014,P7,0.006575,5.5e-05
D3 ,Transunião ,36672 ,FOH5A40 ,Midiônibus ,2014,P7,0.006575,5.5e-05
AR9 ,Transppass,80982 ,FUF3239 ,Básico ,2014,P7,0.006575,5.5e-05
D3 ,Transunião ,36642 ,EZL2C82 ,Básico ,2014,P7,0.006575,5.5e-05
D3 ,Transunião ,36622 ,FJP7275 ,Midiônibus ,2014,P7,0.006575,5.5e-05
D3 ,Transunião ,36604 ,FYH4H20 ,Midiônibus ,2014,P7,0.006575,5.5e-05
D3 ,Transunião ,36594 ,FUW3D50 ,Midiônibus ,2014,P7,0.006575,5.5e-05
D3 ,Transunião ,36583 ,FSI6C63 ,Básico ,2014,P7,0.006575,5.5e-05
D3 ,Transunião ,36582 ,FRK6F49 ,Midiônibus ,2014,P7,0.006575,5.5e-05
D3 ,Transunião ,36571 ,FTV7A30 ,Midiônibus ,2014,P7,0.006575,5.5e-05
D3 ,Transunião ,36566 ,EZL2D16 ,Midiônibus ,2014,P7,0.006575,5.5e-05
D3 ,Transunião ,36546 ,FSI1D23 ,Básico ,2014,P7,0.006575,5.5e-05
E4 ,Via Sudeste,52706 ,FTI7704 ,Articulado ,2014,P7,0.006575,5.5e-05
E6 ,Grajau,61210 ,FQJ9281 ,Padron ,2014,P7,0.006575,5.5e-05
D5 ,Pêssego,47663 ,FQY6E00 ,Midiônibus ,2014,P7,0.006575,5.5e-05
D5 ,Pêssego,47672 ,EXO1B90 ,Midiônibus ,2014,P7,0.006575,5.5e-05
D5 ,Pêssego,47762 ,EZL2311 ,Midiônibus ,2014,P7,0.006575,5.5e-05
D5 ,Pêssego,47807 ,EZL2D17 ,Midiônibus ,2014,P7,0.006575,5.5e-05
AR5 ,Via Sudeste,51572 ,FCL3998 ,Articulado ,2014,P7,0.006575,5.5e-05
E4 ,Via Sudeste,52705 ,FRX9855 ,Articulado ,2014,P7,0.006575,5.5e-05
E4 ,Via Sudeste,52703 ,FRH0726 ,Articulado ,2014,P7,0.006575,5.5e-05
E4 ,Via Sudeste,52702 ,FRN1327 ,Articulado ,2014,P7,0.006575,5.5e-05
E4 ,Via Sudeste,52701 ,FQA4851 ,Articulado ,2014,P7,0.006575,5.5e-05
D3 ,Transunião ,36527 ,FQR6E88 ,Básico ,2014,P7,0.006575,5.5e-05
D3 ,Transunião ,36532 ,FSE8C06 ,Básico ,2014,P7,0.006575,5.5e-05
D3 ,Transunião ,36535 ,FXQ3I80 ,Midiônibus ,2014,P7,0.006575,5.5e-05
E4 ,Via Sudeste,52704 ,FSY9296 ,Articulado ,2014,P7,0.006575,5.5e-05
AR5 ,Via Sudeste,51571 ,FVS5934 ,Articulado ,2014,P7,0.006575,5.5e-05
AR5 ,Via Sudeste,51570 ,FTJ8841 ,Articulado ,2014,P7,0.006575,5.5e-05
AR5 ,Via Sudeste,51569 ,FZJ0794 ,Articulado ,2014,P7,0.006575,5.5e-05
AR8 ,G Preto,82415 ,FFN0508 ,Articulado ,2014,P7,0.006575,5.5e-05
AR8 ,G Preto,82416 ,FFN0509 ,Articulado ,2014,P7,0.006575,5.5e-05
AR8 ,G Preto,82417 ,FFN0515 ,Articulado ,2014,P7,0.006575,5.5e-05
AR8 ,G Preto,82418 ,FFN0516 ,Articulado ,2014,P7,0.006575,5.5e-05
AR8 ,G Preto,82419 ,FFN0510 ,Articulado ,2014,P7,0.006575,5.5e-05
AR8 ,G Preto,82420 ,FFN0512 ,Articulado ,2014,P7,0.006575,5.5e-05
AR8 ,G Preto,82413 ,FLT1006 ,Padron ,2014,P7,0.006575,5.5e-05
AR8 ,G Preto,82421 ,FFN0518 ,Articulado ,2014,P7,0.006575,5.5e-05
AR8 ,G Preto,82423 ,FFN0521 ,Articulado ,2014,P7,0.006575,5.5e-05
AR8 ,G Preto,82424 ,FFN0514 ,Articulado ,2014,P7,0.006575,5.5e-05
AR8 ,G Preto,82435 ,FTY1795 ,Padron ,2014,P7,0.006575,5.5e-05
AR8 ,G Preto,82438 ,FSV3763 ,Padron ,2014,P7,0.006575,5.5e-05
AR8 ,G Preto,82439 ,FUW3501 ,Padron ,2014,P7,0.006575,5.5e-05
AR8 ,G Preto,82440 ,FQL8981 ,Padron ,2014,P7,0.006575,5.5e-05
AR8 ,G Preto,82422 ,FFN0513 ,Articulado ,2014,P7,0.006575,5.5e-05
E4 ,Via Sudeste,52741 ,FTM9320 ,Articulado ,2014,P7,0.006575,5.5e-05
AR8 ,G Preto,82411 ,FLT1004 ,Padron ,2014,P7,0.006575,5.5e-05
AR8 ,G Preto,82409 ,FLT0890 ,Padron ,2014,P7,0.006575,5.5e-05
E8 ,Transppass,81756 ,FQF9971 ,Articulado ,2014,P7,0.006575,5.5e-05
E8 ,Transppass,81757 ,FTW6854 ,Articulado ,2014,P7,0.006575,5.5e-05
E8 ,Transppass,81764 ,FQJ2401 ,Articulado ,2014,P7,0.006575,5.5e-05
E8 ,Transppass,81766 ,FRL6913 ,Articulado ,2014,P7,0.006575,5.5e-05
E8 ,Transppass,81770 ,FUP2403 ,Articulado ,2014,P7,0.006575,5.5e-05
E8 ,Transppass,81771 ,FSZ7604 ,Articulado ,2014,P7,0.006575,5.5e-05
AR8 ,G Preto,82410 ,FLT1003 ,Padron ,2014,P7,0.006575,5.5e-05
E8 ,Transppass,81772 ,FSY2187 ,Articulado ,2014,P7,0.006575,5.5e-05
E8 ,Transppass,81957 ,FUZ6292 ,Articulado ,2014,P7,0.006575,5.5e-05
E8 ,Transppass,81964 ,FSB8304 ,Articulado ,2014,P7,0.006575,5.5e-05
AR8 ,G Preto,82405 ,FLT0996 ,Padron ,2014,P7,0.006575,5.5e-05
AR8 ,G Preto,82406 ,FLT0997 ,Padron ,2014,P7,0.006575,5.5e-05
AR8 ,G Preto,82407 ,FLT0998 ,Padron ,2014,P7,0.006575,5.5e-05
AR8 ,G Preto,82408 ,FLT1002 ,Padron ,2014,P7,0.006575,5.5e-05
E8 ,Transppass,81951 ,FVF0398 ,Articulado ,2014,P7,0.006575,5.5e-05
E4 ,Via Sudeste,52742 ,FUY5102 ,Articulado ,2014,P7,0.006575,5.5e-05
D3 ,Transunião ,36259 ,FJO7810 ,Midiônibus ,2014,P7,0.006575,5.5e-05
D3 ,Transunião ,36230 ,FCD2450 ,Básico ,2014,P7,0.006575,5.5e-05
AR3 ,Metropole,32414 ,FQW6382 ,Padron ,2014,P7,0.006575,5.5e-05
AR3 ,Metropole,32415 ,FRZ6763 ,Padron ,2014,P7,0.006575,5.5e-05
AR3 ,Metropole,32416 ,FRC4704 ,Padron ,2014,P7,0.006575,5.5e-05
AR3 ,Metropole,32417 ,FRD8295 ,Padron ,2014,P7,0.006575,5.5e-05
AR3 ,Metropole,32418 ,FRO7705 ,Padron ,2014,P7,0.006575,5.5e-05
AR3 ,Metropole,32419 ,FRY4507 ,Padron ,2014,P7,0.006575,5.5e-05
AR1 ,Brigida,10011 ,FRP9731 ,Articulado ,2014,P7,0.006575,5.5e-05
AR3 ,Metropole,32425 ,FLT1024 ,Básico ,2014,P7,0.006575,5.5e-05
AR3 ,Metropole,32427 ,FQN5619 ,Padron ,2014,P7,0.006575,5.5e-05
AR3 ,Metropole,32428 ,FSD5228 ,Padron ,2014,P7,0.006575,5.5e-05
AR3 ,Metropole,32431 ,FLT1018 ,Básico ,2014,P7,0.006575,5.5e-05
D7 ,Transunião,56242 ,ELW6C28 ,Midiônibus ,2014,P7,0.006575,5.5e-05
D6 ,Allibus,45736 ,FQM8J79 ,Midiônibus ,2014,P7,0.006575,5.5e-05
D6 ,Allibus,45734 ,FXI5428 ,Midiônibus ,2014,P7,0.006575,5.5e-05
D7 ,Transunião,56233 ,FOK7743 ,Básico ,2014,P7,0.006575,5.5e-05
D7 ,Transunião,56232 ,EMU5298 ,Midiônibus ,2014,P7,0.006575,5.5e-05
D7 ,Transunião,56231 ,FUY0H17 ,Básico ,2014,P7,0.006575,5.5e-05
D6 ,Allibus,45731 ,FWL8439 ,Midiônibus ,2014,P7,0.006575,5.5e-05
D6 ,Allibus,45727 ,FSH3811 ,Midiônibus ,2014,P7,0.006575,5.5e-05
AR3 ,Metropole,32413 ,FWC0767 ,Padron ,2014,P7,0.006575,5.5e-05
D6 ,Allibus,45726 ,FRI7194 ,Midiônibus ,2014,P7,0.006575,5.5e-05
AR3 ,Metropole,32412 ,FSC2681 ,Padron ,2014,P7,0.006575,5.5e-05
AR3 ,Metropole,32409 ,FQZ2480 ,Padron ,2014,P7,0.006575,5.5e-05
E4 ,Via Sudeste,52773 ,FRS3573 ,Articulado ,2014,P7,0.006575,5.5e-05
AR1 ,Brigida,10404 ,FRM7244 ,Padron ,2014,P7,0.006575,5.5e-05
E4 ,Via Sudeste,52774 ,FSF4638 ,Articulado ,2014,P7,0.006575,5.5e-05
AR1 ,Brigida,10403 ,FSR0063 ,Padron ,2014,P7,0.006575,5.5e-05
D3 ,Transunião ,36154 ,FQW9G99 ,Midiônibus ,2014,P7,0.006575,5.5e-05
AR1 ,Brigida,10402 ,FTW6402 ,Padron ,2014,P7,0.006575,5.5e-05
AR1 ,Brigida,10401 ,FUY2851 ,Padron ,2014,P7,0.006575,5.5e-05
D5 ,Pêssego,47057 ,EZL2304 ,Midiônibus ,2014,P7,0.006575,5.5e-05
AR1 ,Brigida,10010 ,FSH8290 ,Articulado ,2014,P7,0.006575,5.5e-05
AR3 ,Metropole,32401 ,FSK8026 ,Padron ,2014,P7,0.006575,5.5e-05
AR3 ,Metropole,32402 ,FTL2567 ,Padron ,2014,P7,0.006575,5.5e-05
AR3 ,Metropole,32403 ,FSC7918 ,Padron ,2014,P7,0.006575,5.5e-05
D5 ,Pêssego,47020 ,FTQ6A89 ,Midiônibus ,2014,P7,0.006575,5.5e-05
D1 ,D1,15041 ,DTD5B33 ,Básico ,2014,P7,0.006575,5.5e-05
D3 ,Transunião ,36141 ,FUE4212 ,Midiônibus ,2014,P7,0.006575,5.5e-05
AR3 ,Metropole,32404 ,FQO7851 ,Padron ,2014,P7,0.006575,5.5e-05
AR3 ,Metropole,32405 ,FSI2236 ,Padron ,2014,P7,0.006575,5.5e-05
AR3 ,Metropole,32406 ,FRV7239 ,Padron ,2014,P7,0.006575,5.5e-05
AR3 ,Metropole,32407 ,FRI5340 ,Padron ,2014,P7,0.006575,5.5e-05
AR3 ,Metropole,32410 ,FQJ7149 ,Padron ,2014,P7,0.006575,5.5e-05
AR1 ,Brigida,10405 ,FRY1295 ,Padron ,2014,P7,0.006575,5.5e-05
D8 ,Movebuss,55512 ,FSG1657 ,Midiônibus ,2014,P7,0.006575,5.5e-05
E4 ,Via Sudeste,52790 ,FDG9634 ,Articulado ,2014,P7,0.006575,5.5e-05
AR3 ,Metropole,32892 ,FFN0499 ,Básico ,2014,P7,0.006575,5.5e-05
AR3 ,Metropole,32893 ,FFN0498 ,Básico ,2014,P7,0.006575,5.5e-05
AR3 ,Metropole,32894 ,FFN0503 ,Básico ,2014,P7,0.006575,5.5e-05
D8 ,Movebuss,55293 ,FQO3B91 ,Midiônibus ,2014,P7,0.006575,5.5e-05
D8 ,Movebuss,55283 ,FNA1F60 ,Midiônibus ,2014,P7,0.006575,5.5e-05
D8 ,Movebuss,55251 ,FBY8H62 ,Midiônibus ,2014,P7,0.006575,5.5e-05
D8 ,Movebuss,55249 ,FDS3B60 ,Midiônibus ,2014,P7,0.006575,5.5e-05
D6 ,Allibus,45746 ,FGA0640 ,Midiônibus ,2014,P7,0.006575,5.5e-05
D8 ,Movebuss,55229 ,FNA1F30 ,Midiônibus ,2014,P7,0.006575,5.5e-05
D3 ,Transunião ,36061 ,FCH7B44 ,Básico ,2014,P7,0.006575,5.5e-05
D3 ,Transunião ,36059 ,FOQ0813 ,Básico ,2014,P7,0.006575,5.5e-05
D3 ,Transunião ,36046 ,FQM6A90 ,Midiônibus ,2014,P7,0.006575,5.5e-05
D3 ,Transunião ,36042 ,FTP2J70 ,Midiônibus ,2014,P7,0.006575,5.5e-05
D3 ,Transunião ,36021 ,CFY8C60 ,Midiônibus ,2014,P7,0.006575,5.5e-05
D3 ,Transunião ,36015 ,FNK6B70 ,Midiônibus ,2014,P7,0.006575,5.5e-05
D3 ,Transunião ,36006 ,FIG2H95 ,Básico ,2014,P7,0.006575,5.5e-05
D8 ,Movebuss,55005 ,FRF8G63 ,Midiônibus ,2014,P7,0.006575,5.5e-05
D4 ,Alfa Rodobus SPE,35748 ,FXO9J58 ,Midiônibus ,2014,P7,0.006575,5.5e-05
D4 ,Alfa Rodobus SPE,35814 ,FXP9A68 ,Midiônibus ,2014,P7,0.006575,5.5e-05
AR3 ,Metropole,32891 ,FFN0497 ,Básico ,2014,P7,0.006575,5.5e-05
D3 ,Transunião ,36124 ,FAU1719 ,Midiônibus ,2014,P7,0.006575,5.5e-05
AR3 ,Metropole,32890 ,FFN0496 ,Básico ,2014,P7,0.006575,5.5e-05
AR3 ,Metropole,32888 ,FFN0494 ,Básico ,2014,P7,0.006575,5.5e-05
D8 ,Movebuss,55392 ,FQD8H34 ,Midiônibus ,2014,P7,0.006575,5.5e-05
D8 ,Movebuss,55325 ,FCD8I62 ,Midiônibus ,2014,P7,0.006575,5.5e-05
D8 ,Movebuss,55313 ,FEJ7050 ,Midiônibus ,2014,P7,0.006575,5.5e-05
D8 ,Movebuss,55310 ,FNA1562 ,Midiônibus ,2014,P7,0.006575,5.5e-05
D3 ,Transunião ,36110 ,EZL2271 ,Midiônibus ,2014,P7,0.006575,5.5e-05
AR3 ,Metropole,32741 ,FIH1220 ,Básico ,2014,P7,0.006575,5.5e-05
AR3 ,Metropole,32742 ,FHQ9079 ,Básico ,2014,P7,0.006575,5.5e-05
AR3 ,Metropole,32743 ,FIK3719 ,Básico ,2014,P7,0.006575,5.5e-05
D3 ,Transunião ,36104 ,FVT5G40 ,Midiônibus ,2014,P7,0.006575,5.5e-05
D3 ,Transunião ,36102 ,FUY3420 ,Midiônibus ,2014,P7,0.006575,5.5e-05
AR3 ,Metropole,32744 ,FIH1210 ,Básico ,2014,P7,0.006575,5.5e-05
D3 ,Transunião ,36084 ,DTB4A53 ,Midiônibus ,2014,P7,0.006575,5.5e-05
AR3 ,Metropole,32745 ,FJP7396 ,Básico ,2014,P7,0.006575,5.5e-05
AR3 ,Metropole,32746 ,FJP7395 ,Básico ,2014,P7,0.006575,5.5e-05
AR3 ,Metropole,32885 ,FIH7019 ,Básico ,2014,P7,0.006575,5.5e-05
D3 ,Transunião ,36075 ,EZL2342 ,Midiônibus ,2014,P7,0.006575,5.5e-05
AR3 ,Metropole,32886 ,FFN0299 ,Básico ,2014,P7,0.006575,5.5e-05
AR3 ,Metropole,32887 ,FJP7386 ,Básico ,2014,P7,0.006575,5.5e-05
D3 ,Transunião ,36074 ,FJI5273 ,Midiônibus ,2014,P7,0.006575,5.5e-05
AR3 ,Metropole,32889 ,FFN0495 ,Básico ,2014,P7,0.006575,5.5e-05
E4 ,Via Sudeste,52772 ,FIY7415 ,Articulado ,2014,P7,0.006575,5.5e-05
AR3 ,Metropole,32408 ,FQK4897 ,Padron ,2014,P7,0.006575,5.5e-05
D3 ,Transunião ,36162 ,FQP6780 ,Midiônibus ,2014,P7,0.006575,5.5e-05
D7 ,Transunião,56277 ,FRT0393 ,Básico ,2014,P7,0.006575,5.5e-05
D7 ,Transunião,56275 ,FNA1566 ,Básico ,2014,P7,0.006575,5.5e-05
AR1 ,Brigida,10007 ,FQM8357 ,Articulado ,2014,P7,0.006575,5.5e-05
D7 ,Transunião,56267 ,FPZ9510 ,Midiônibus ,2014,P7,0.006575,5.5e-05
AR1 ,Brigida,10008 ,FUG9788 ,Articulado ,2014,P7,0.006575,5.5e-05
D7 ,Transunião,56265 ,EZL2D52 ,Midiônibus ,2014,P7,0.006575,5.5e-05
D3 ,Transunião ,36206 ,FJA3209 ,Midiônibus ,2014,P7,0.006575,5.5e-05
AR1 ,Brigida,10406 ,FTW5636 ,Padron ,2014,P7,0.006575,5.5e-05
D3 ,Transunião ,36203 ,FQQ6A46 ,Midiônibus ,2014,P7,0.006575,5.5e-05
E2 ,Sambaiba,21933 ,FFS0548 ,Padron ,2014,P7,0.006575,5.5e-05
AR1 ,Brigida,10426 ,FSC3486 ,Padron ,2014,P7,0.006575,5.5e-05
AR1 ,Brigida,10003 ,FRL0453 ,Articulado ,2014,P7,0.006575,5.5e-05
AR1 ,Brigida,10425 ,FUT4195 ,Padron ,2014,P7,0.006575,5.5e-05
AR1 ,Brigida,10424 ,FQJ1424 ,Padron ,2014,P7,0.006575,5.5e-05
AR1 ,Brigida,10423 ,FSS9873 ,Padron ,2014,P7,0.006575,5.5e-05
D5 ,Pêssego,47138 ,EZL2D46 ,Midiônibus ,2014,P7,0.006575,5.5e-05
AR1 ,Brigida,10002 ,FRO5322 ,Articulado ,2014,P7,0.006575,5.5e-05
D7 ,Transunião,56281 ,FYB8E36 ,Midiônibus ,2014,P7,0.006575,5.5e-05
D7 ,Transunião,56258 ,FLN0E87 ,Básico ,2014,P7,0.006575,5.5e-05
D7 ,Transunião,56285 ,FUD1566 ,Midiônibus ,2014,P7,0.006575,5.5e-05
AR1 ,Brigida,10005 ,FRI5865 ,Articulado ,2014,P7,0.006575,5.5e-05
E6 ,Grajau,61075 ,FFN0712 ,Articulado ,2014,P7,0.006575,5.5e-05
AR3 ,Metropole,32171 ,FRU1806 ,Padron ,2014,P7,0.006575,5.5e-05
AR3 ,Metropole,32172 ,FQH2853 ,Padron ,2014,P7,0.006575,5.5e-05
AR1 ,Brigida,10004 ,FRG6804 ,Articulado ,2014,P7,0.006575,5.5e-05
D5 ,Pêssego,47100 ,FXX4307 ,Midiônibus ,2014,P7,0.006575,5.5e-05
AR3 ,Metropole,32173 ,FRT9431 ,Padron ,2014,P7,0.006575,5.5e-05
D3 ,Transunião ,36228 ,FZV3H20 ,Midiônibus ,2014,P7,0.006575,5.5e-05
AR3 ,Metropole,32174 ,FQT3650 ,Padron ,2014,P7,0.006575,5.5e-05
AR3 ,Metropole,32175 ,FTZ9479 ,Padron ,2014,P7,0.006575,5.5e-05
E6 ,Grajau,61073 ,FLT1011 ,Articulado ,2014,P7,0.006575,5.5e-05
E6 ,Grajau,61070 ,FLT1012 ,Articulado ,2014,P7,0.006575,5.5e-05
E6 ,Grajau,61069 ,FFN0732 ,Articulado ,2014,P7,0.006575,5.5e-05
D7 ,Transunião,56354 ,FMM5361 ,Básico ,2014,P7,0.006575,5.5e-05
D3 ,Transunião ,36212 ,EZL2C73 ,Midiônibus ,2014,P7,0.006575,5.5e-05
AR3 ,Metropole,32213 ,FLT1013 ,Básico ,2014,P7,0.006575,5.5e-05
AR3 ,Metropole,32214 ,FLT1009 ,Básico ,2014,P7,0.006575,5.5e-05
AR3 ,Metropole,32215 ,FLT0905 ,Básico ,2014,P7,0.006575,5.5e-05
AR1 ,Brigida,10006 ,FTZ6436 ,Articulado ,2014,P7,0.006575,5.5e-05
AR1 ,Brigida,10421 ,FSV4031 ,Padron ,2014,P7,0.006575,5.5e-05
AR1 ,Brigida,10422 ,FRQ8922 ,Padron ,2014,P7,0.006575,5.5e-05
E4 ,Via Sudeste,52762 ,FCG6167 ,Articulado ,2014,P7,0.006575,5.5e-05
AR1 ,Brigida,10408 ,FVB8108 ,Padron ,2014,P7,0.006575,5.5e-05
AR1 ,Brigida,10412 ,FRW1302 ,Padron ,2014,P7,0.006575,5.5e-05
E4 ,Via Sudeste,52759 ,FXR1725 ,Articulado ,2014,P7,0.006575,5.5e-05
AR1 ,Brigida,10411 ,FRV7291 ,Padron ,2014,P7,0.006575,5.5e-05
E4 ,Via Sudeste,52760 ,FKH4116 ,Articulado ,2014,P7,0.006575,5.5e-05
E4 ,Via Sudeste,52761 ,FCV1797 ,Articulado ,2014,P7,0.006575,5.5e-05
D3 ,Transunião ,36188 ,DTA6D88 ,Midiônibus ,2014,P7,0.006575,5.5e-05
AR1 ,Brigida,10420 ,FXO3940 ,Padron ,2014,P7,0.006575,5.5e-05
D3 ,Transunião ,36184 ,FUX5H88 ,Midiônibus ,2014,P7,0.006575,5.5e-05
AR1 ,Brigida,10409 ,FVT7479 ,Padron ,2014,P7,0.006575,5.5e-05
E4 ,Via Sudeste,52763 ,FDA4448 ,Articulado ,2014,P7,0.006575,5.5e-05
E4 ,Via Sudeste,52764 ,FAE3079 ,Articulado ,2014,P7,0.006575,5.5e-05
E4 ,Via Sudeste,52766 ,FSY7C11 ,Articulado ,2014,P7,0.006575,5.5e-05
E4 ,Via Sudeste,52765 ,FMY8920 ,Articulado ,2014,P7,0.006575,5.5e-05
D3 ,Transunião ,36179 ,FQB9D84 ,Básico ,2014,P7,0.006575,5.5e-05
AR1 ,Brigida,10410 ,FQM6370 ,Padron ,2014,P7,0.006575,5.5e-05
AR1 ,G. Preto,13529 ,FSK0224 ,Padron ,2014,P7,0.006575,5.5e-05
D7 ,Transunião,56257 ,FAB5826 ,Midiônibus ,2014,P7,0.006575,5.5e-05
AR1 ,G. Preto,13530 ,FQK8483 ,Padron ,2014,P7,0.006575,5.5e-05
AR1 ,G. Preto,13531 ,FRK5182 ,Padron ,2014,P7,0.006575,5.5e-05
AR1 ,Brigida,10417 ,FSY2527 ,Padron ,2014,P7,0.006575,5.5e-05
AR1 ,Brigida,10413 ,FVQ6343 ,Padron ,2014,P7,0.006575,5.5e-05
AR1 ,Brigida,10419 ,FQW7359 ,Padron ,2014,P7,0.006575,5.5e-05
AR1 ,Brigida,10414 ,FUG8934 ,Padron ,2014,P7,0.006575,5.5e-05
AR1 ,Brigida,10009 ,FTR7709 ,Articulado ,2014,P7,0.006575,5.5e-05
E4 ,Via Sudeste,52771 ,FGU7406 ,Articulado ,2014,P7,0.006575,5.5e-05
AR1 ,Brigida,10415 ,FRA5975 ,Padron ,2014,P7,0.006575,5.5e-05
D7 ,Transunião,56254 ,FFN7442 ,Básico ,2014,P7,0.006575,5.5e-05
D3 ,Transunião ,36166 ,FEJ7931 ,Básico ,2014,P7,0.006575,5.5e-05
AR1 ,Brigida,10416 ,FQI7926 ,Padron ,2014,P7,0.006575,5.5e-05
E4 ,Via Sudeste,52758 ,FQM1663 ,Articulado ,2014,P7,0.006575,5.5e-05
AR1 ,Brigida,10407 ,FTA9647 ,Padron ,2014,P7,0.006575,5.5e-05
AR1 ,Brigida,10418 ,FTP6148 ,Padron ,2014,P7,0.006575,5.5e-05
E4 ,Via Sudeste,52770 ,FUH1042 ,Articulado ,2014,P7,0.006575,5.5e-05
E4 ,Via Sudeste,52769 ,FRH9201 ,Articulado ,2014,P7,0.006575,5.5e-05
D10 ,Transwolff,66316 ,FCR7G60 ,Midiônibus ,2015,P7,0.006575,5.5e-05
D10 ,Transwolff,66283 ,FVH7G20 ,Básico ,2015,P7,0.006575,5.5e-05
D10 ,Transwolff,66297 ,GGR5C19 ,Midiônibus ,2015,P7,0.006575,5.5e-05
D2 ,Norte Buss,26014 ,GES3080 ,Midiônibus ,2015,P7,0.006575,5.5e-05
AR4 ,Express,48271 ,FLS9807 ,Básico ,2015,P7,0.006575,5.5e-05
E8 ,C Belo,71665 ,FPP6215 ,Articulado ,2015,P7,0.006575,5.5e-05
D10 ,Transwolff,66333 ,GJZ6G20 ,Básico ,2015,P7,0.006575,5.5e-05
D10 ,Transwolff,66408 ,GBP7H75 ,Básico ,2015,P7,0.006575,5.5e-05
D10 ,Transwolff,66427 ,FRC6430 ,Midiônibus ,2015,P7,0.006575,5.5e-05
D10 ,Transwolff,66402 ,GJD1H40 ,Midiônibus ,2015,P7,0.006575,5.5e-05
D10 ,Transwolff,66392 ,GFM1I19 ,Midiônibus ,2015,P7,0.006575,5.5e-05
D10 ,Transwolff,66381 ,GAU8A68 ,Básico ,2015,P7,0.006575,5.5e-05
D2 ,Spencer,25636 ,FWQ0218 ,Básico ,2015,P7,0.006575,5.5e-05
D2 ,Spencer,25637 ,FOM4I55 ,Básico ,2015,P7,0.006575,5.5e-05
E8 ,C Belo,71660 ,FSV4310 ,Articulado ,2015,P7,0.006575,5.5e-05
E8 ,C Belo,71661 ,FKH7651 ,Articulado ,2015,P7,0.006575,5.5e-05
AR4 ,Express,48273 ,FAU3G05 ,Básico ,2015,P7,0.006575,5.5e-05
E8 ,C Belo,71662 ,FRQ9942 ,Articulado ,2015,P7,0.006575,5.5e-05
E8 ,C Belo,71664 ,FNY2684 ,Articulado ,2015,P7,0.006575,5.5e-05
D10 ,Transwolff,66423 ,FSD6E23 ,Básico ,2015,P7,0.006575,5.5e-05
D2 ,Spencer,25640 ,FVM3710 ,Miniônibus ,2015,P7,0.006575,5.5e-05
D10 ,Transwolff,66341 ,GHZ7E30 ,Midiônibus ,2015,P7,0.006575,5.5e-05
D2 ,Spencer,25651 ,FSU5A95 ,Básico ,2015,P7,0.006575,5.5e-05
D2 ,Spencer,25652 ,FCF4B36 ,Básico ,2015,P7,0.006575,5.5e-05
D2 ,Spencer,25653 ,FZG9773 ,Básico ,2015,P7,0.006575,5.5e-05
E8 ,C Belo,71663 ,FVB2093 ,Articulado ,2015,P7,0.006575,5.5e-05
E8 ,C Belo,71666 ,FXS3756 ,Articulado ,2015,P7,0.006575,5.5e-05
D2 ,Norte Buss,26206 ,FVS6116 ,Midiônibus ,2015,P7,0.006575,5.5e-05
D5 ,Pêssego,47015 ,FID1104 ,Miniônibus ,2015,P7,0.006575,5.5e-05
D10 ,Transwolff,66214 ,GKH1I20 ,Básico ,2015,P7,0.006575,5.5e-05
D2 ,Norte Buss,26085 ,FZD0075 ,Midiônibus ,2015,P7,0.006575,5.5e-05
AR4 ,Express,48258 ,FCO4962 ,Básico ,2015,P7,0.006575,5.5e-05
D10 ,Transwolff,66260 ,GDG8H30 ,Básico ,2015,P7,0.006575,5.5e-05
D10 ,Transwolff,66198 ,GBR0E93 ,Básico ,2015,P7,0.006575,5.5e-05
D10 ,Transwolff,66186 ,GAG0F14 ,Básico ,2015,P7,0.006575,5.5e-05
D10 ,Transwolff,66185 ,FYB7G30 ,Midiônibus ,2015,P7,0.006575,5.5e-05
D10 ,Transwolff,66168 ,FZV0E38 ,Midiônibus ,2015,P7,0.006575,5.5e-05
D10 ,Transwolff,66164 ,FVM8J27 ,Básico ,2015,P7,0.006575,5.5e-05
D10 ,Transwolff,66156 ,GJW1G50 ,Básico ,2015,P7,0.006575,5.5e-05
D6 ,Allibus,45721 ,GGK5319 ,Midiônibus ,2015,P7,0.006575,5.5e-05
D6 ,Allibus,45720 ,GCS1130 ,Midiônibus ,2015,P7,0.006575,5.5e-05
D6 ,Allibus,45718 ,GGG9750 ,Midiônibus ,2015,P7,0.006575,5.5e-05
D6 ,Allibus,45716 ,GCT1220 ,Midiônibus ,2015,P7,0.006575,5.5e-05
D6 ,Allibus,45715 ,GAN8420 ,Midiônibus ,2015,P7,0.006575,5.5e-05
D6 ,Allibus,45714 ,GBC3638 ,Midiônibus ,2015,P7,0.006575,5.5e-05
D10 ,Transwolff,66153 ,FXH2E10 ,Midiônibus ,2015,P7,0.006575,5.5e-05
D6 ,Allibus,45743 ,GAK9868 ,Midiônibus ,2015,P7,0.006575,5.5e-05
D2 ,Norte Buss,26183 ,FOV8779 ,Midiônibus ,2015,P7,0.006575,5.5e-05
D2 ,Norte Buss,26185 ,FUJ9422 ,Midiônibus ,2015,P7,0.006575,5.5e-05
D2 ,Norte Buss,26189 ,GKI4339 ,Midiônibus ,2015,P7,0.006575,5.5e-05
D10 ,Transwolff,66086 ,GDB2C89 ,Midiônibus ,2015,P7,0.006575,5.5e-05
D6 ,Allibus,45757 ,GBS3490 ,Midiônibus ,2015,P7,0.006575,5.5e-05
D6 ,Allibus,45758 ,GCO9168 ,Midiônibus ,2015,P7,0.006575,5.5e-05
D6 ,Allibus,45762 ,GFT4690 ,Midiônibus ,2015,P7,0.006575,5.5e-05
D6 ,Allibus,45763 ,GGE0437 ,Midiônibus ,2015,P7,0.006575,5.5e-05
D2 ,Norte Buss,26037 ,FYV0249 ,Midiônibus ,2015,P7,0.006575,5.5e-05
D13 ,Alfa Rodobus,86163 ,GAT9370 ,Midiônibus ,2015,P7,0.006575,5.5e-05
D5 ,Pêssego,47009 ,FVV6022 ,Miniônibus ,2015,P7,0.006575,5.5e-05
E8 ,C Belo,71727 ,FJG1897 ,Articulado ,2015,P7,0.006575,5.5e-05
AR4 ,Express,48254 ,FSV6524 ,Básico ,2015,P7,0.006575,5.5e-05
AR2 ,Sambaiba,22055 ,FSL0215 ,Básico ,2015,P7,0.006575,5.5e-05
E8 ,C Belo,71659 ,FIW1709 ,Articulado ,2015,P7,0.006575,5.5e-05
E8 ,C Belo,71368 ,FTH0801 ,Articulado ,2015,P7,0.006575,5.5e-05
D10 ,Transwolff,66921 ,FGL8B90 ,Midiônibus ,2015,P7,0.006575,5.5e-05
E8 ,C Belo,71364 ,FFK0490 ,Articulado ,2015,P7,0.006575,5.5e-05
E8 ,C Belo,71362 ,FUN3622 ,Articulado ,2015,P7,0.006575,5.5e-05
E8 ,C Belo,71360 ,FWG9349 ,Articulado ,2015,P7,0.006575,5.5e-05
D5 ,Pêssego,47018 ,GKH4900 ,Midiônibus ,2015,P7,0.006575,5.5e-05
D5 ,Pêssego,47022 ,GKF2620 ,Midiônibus ,2015,P7,0.006575,5.5e-05
D5 ,Pêssego,47032 ,GDD7000 ,Miniônibus ,2015,P7,0.006575,5.5e-05
D10 ,Transwolff,66956 ,GJZ0F90 ,Midiônibus ,2015,P7,0.006575,5.5e-05
D5 ,Pêssego,47041 ,GDU3C60 ,Midiônibus ,2015,P7,0.006575,5.5e-05
D9 ,A2,68062 ,GHH6860 ,Midiônibus ,2015,P7,0.006575,5.5e-05
D9 ,A2,68115 ,FYO8699 ,Miniônibus ,2015,P7,0.006575,5.5e-05
D5 ,Pêssego,47226 ,GEH4240 ,Midiônibus ,2015,P7,0.006575,5.5e-05
D9 ,A2,68125 ,FZT1725 ,Midiônibus ,2015,P7,0.006575,5.5e-05
D10 ,Transwolff,66044 ,FXN1H94 ,Básico ,2015,P7,0.006575,5.5e-05
E8 ,C Belo,71370 ,FTG9863 ,Articulado ,2015,P7,0.006575,5.5e-05
D9 ,A2,68130 ,GHX3450 ,Midiônibus ,2015,P7,0.006575,5.5e-05
D10 ,Transwolff,66911 ,FXG5C70 ,Básico ,2015,P7,0.006575,5.5e-05
E8 ,C Belo,71379 ,FNX3219 ,Articulado ,2015,P7,0.006575,5.5e-05
E8 ,C Belo,71535 ,FTJ8817 ,Articulado ,2015,P7,0.006575,5.5e-05
E8 ,C Belo,71399 ,FTP8523 ,Articulado ,2015,P7,0.006575,5.5e-05
E8 ,C Belo,71398 ,FSQ7384 ,Articulado ,2015,P7,0.006575,5.5e-05
D10 ,Transwolff,66821 ,GCA9125 ,Básico ,2015,P7,0.006575,5.5e-05
D10 ,Transwolff,66840 ,GBF7G85 ,Básico ,2015,P7,0.006575,5.5e-05
D10 ,Transwolff,66862 ,FTJ6I10 ,Midiônibus ,2015,P7,0.006575,5.5e-05
E8 ,C Belo,71397 ,FQX7495 ,Articulado ,2015,P7,0.006575,5.5e-05
E8 ,C Belo,71396 ,FRH8756 ,Articulado ,2015,P7,0.006575,5.5e-05
E8 ,C Belo,71395 ,FRM1487 ,Articulado ,2015,P7,0.006575,5.5e-05
E8 ,C Belo,71394 ,FRU2568 ,Articulado ,2015,P7,0.006575,5.5e-05
E8 ,C Belo,71393 ,FSR6231 ,Articulado ,2015,P7,0.006575,5.5e-05
D10 ,Transwolff,66901 ,GAW5687 ,Básico ,2015,P7,0.006575,5.5e-05
E8 ,C Belo,71386 ,FTL9014 ,Articulado ,2015,P7,0.006575,5.5e-05
E8 ,C Belo,71384 ,FTU1862 ,Articulado ,2015,P7,0.006575,5.5e-05
E8 ,C Belo,71380 ,FKL1679 ,Articulado ,2015,P7,0.006575,5.5e-05
E8 ,C Belo,71372 ,FOW3034 ,Articulado ,2015,P7,0.006575,5.5e-05
D9 ,A2,68131 ,FNT1928 ,Midiônibus ,2015,P7,0.006575,5.5e-05
D9 ,A2,68151 ,GBB7035 ,Midiônibus ,2015,P7,0.006575,5.5e-05
D9 ,A2,68173 ,FRW7159 ,Midiônibus ,2015,P7,0.006575,5.5e-05
D9 ,A2,68675 ,GFC3768 ,Midiônibus ,2015,P7,0.006575,5.5e-05
D9 ,A2,68654 ,FRM8349 ,Miniônibus ,2015,P7,0.006575,5.5e-05
D5 ,Pêssego,47079 ,FOW6899 ,Miniônibus ,2015,P7,0.006575,5.5e-05
D5 ,Pêssego,47206 ,GEL7161 ,Miniônibus ,2015,P7,0.006575,5.5e-05
D9 ,A2,68623 ,FCW2835 ,Miniônibus ,2015,P7,0.006575,5.5e-05
D9 ,A2,68605 ,GIM6330 ,Midiônibus ,2015,P7,0.006575,5.5e-05
D5 ,Pêssego,47186 ,GJY9060 ,Midiônibus ,2015,P7,0.006575,5.5e-05
D9 ,A2,68591 ,FCH6175 ,Midiônibus ,2015,P7,0.006575,5.5e-05
D9 ,A2,68583 ,FOQ3J19 ,Miniônibus ,2015,P7,0.006575,5.5e-05
D9 ,A2,68554 ,FUE2554 ,Midiônibus ,2015,P7,0.006575,5.5e-05
D9 ,A2,68337 ,FCD6B03 ,Midiônibus ,2015,P7,0.006575,5.5e-05
D9 ,A2,68544 ,GDR8937 ,Midiônibus ,2015,P7,0.006575,5.5e-05
D5 ,Pêssego,47153 ,FZI4679 ,Miniônibus ,2015,P7,0.006575,5.5e-05
D5 ,Pêssego,47157 ,GEW3700 ,Miniônibus ,2015,P7,0.006575,5.5e-05
D9 ,A2,68459 ,GFB6D87 ,Midiônibus ,2015,P7,0.006575,5.5e-05
D9 ,A2,68725 ,GIO4520 ,Midiônibus ,2015,P7,0.006575,5.5e-05
D9 ,A2,68730 ,GJB2559 ,Midiônibus ,2015,P7,0.006575,5.5e-05
D9 ,A2,68756 ,FCQ7938 ,Miniônibus ,2015,P7,0.006575,5.5e-05
D9 ,A2,68759 ,FII0533 ,Miniônibus ,2015,P7,0.006575,5.5e-05
D9 ,A2,68220 ,FMT4F68 ,Miniônibus ,2015,P7,0.006575,5.5e-05
D9 ,A2,68221 ,GBS5H35 ,Miniônibus ,2015,P7,0.006575,5.5e-05
D9 ,A2,68897 ,FRL7608 ,Midiônibus ,2015,P7,0.006575,5.5e-05
D9 ,A2,68886 ,FJH0E64 ,Midiônibus ,2015,P7,0.006575,5.5e-05
D5 ,Pêssego,47059 ,GEA2715 ,Midiônibus ,2015,P7,0.006575,5.5e-05
D5 ,Pêssego,47063 ,GBI7940 ,Miniônibus ,2015,P7,0.006575,5.5e-05
D9 ,A2,68862 ,FFS4484 ,Miniônibus ,2015,P7,0.006575,5.5e-05
E8 ,C Belo,71536 ,FXK2969 ,Articulado ,2015,P7,0.006575,5.5e-05
D9 ,A2,68842 ,FLS9346 ,Midiônibus ,2015,P7,0.006575,5.5e-05
D9 ,A2,68839 ,GCW9G69 ,Midiônibus ,2015,P7,0.006575,5.5e-05
D9 ,A2,68779 ,FHB4960 ,Miniônibus ,2015,P7,0.006575,5.5e-05
D9 ,A2,68777 ,FQX2447 ,Midiônibus ,2015,P7,0.006575,5.5e-05
D9 ,A2,68226 ,FOO7D48 ,Miniônibus ,2015,P7,0.006575,5.5e-05
D9 ,A2,68227 ,FXL8379 ,Miniônibus ,2015,P7,0.006575,5.5e-05
D9 ,A2,68228 ,GBO8E77 ,Miniônibus ,2015,P7,0.006575,5.5e-05
D9 ,A2,68770 ,FCQ6519 ,Miniônibus ,2015,P7,0.006575,5.5e-05
D9 ,A2,68841 ,GCX8209 ,Midiônibus ,2015,P7,0.006575,5.5e-05
D10 ,Transwolff,66443 ,GHP9C10 ,Básico ,2015,P7,0.006575,5.5e-05
E8 ,C Belo,71537 ,FXQ6818 ,Articulado ,2015,P7,0.006575,5.5e-05
E8 ,C Belo,71538 ,FRV5113 ,Articulado ,2015,P7,0.006575,5.5e-05
D10 ,Transwolff,66515 ,FLZ2H90 ,Midiônibus ,2015,P7,0.006575,5.5e-05
D10 ,Transwolff,66520 ,GIE8C70 ,Midiônibus ,2015,P7,0.006575,5.5e-05
AR4 ,Express,48068 ,FFI6H91 ,Padron ,2015,P7,0.006575,5.5e-05
AR4 ,Express,48014 ,FZP2080 ,Básico ,2015,P7,0.006575,5.5e-05
AR4 ,Express,48004 ,FNN0051 ,Básico ,2015,P7,0.006575,5.5e-05
D5 ,Pêssego,47857 ,FJG5505 ,Miniônibus ,2015,P7,0.006575,5.5e-05
AR2 ,Sambaiba,22054 ,FKN1233 ,Básico ,2015,P7,0.006575,5.5e-05
D5 ,Pêssego,47734 ,GHV1024 ,Miniônibus ,2015,P7,0.006575,5.5e-05
D5 ,Pêssego,47724 ,GII7690 ,Midiônibus ,2015,P7,0.006575,5.5e-05
D5 ,Pêssego,47710 ,GEI3490 ,Miniônibus ,2015,P7,0.006575,5.5e-05
D9 ,A2,68482 ,FPB2557 ,Midiônibus ,2015,P7,0.006575,5.5e-05
D5 ,Pêssego,47644 ,GBS2479 ,Miniônibus ,2015,P7,0.006575,5.5e-05
D5 ,Pêssego,47614 ,FWX3G24 ,Miniônibus ,2015,P7,0.006575,5.5e-05
D5 ,Pêssego,47595 ,GCU4548 ,Miniônibus ,2015,P7,0.006575,5.5e-05
D5 ,Pêssego,47580 ,FSC5I72 ,Miniônibus ,2015,P7,0.006575,5.5e-05
D10 ,Transwolff,66500 ,GCF1I09 ,Midiônibus ,2015,P7,0.006575,5.5e-05
AR2 ,Sambaiba,22056 ,FZN0I54 ,Básico ,2015,P7,0.006575,5.5e-05
D10 ,Transwolff,66466 ,FRE9D50 ,Midiônibus ,2015,P7,0.006575,5.5e-05
AR2 ,Sambaiba,22052 ,FPK6815 ,Básico ,2015,P7,0.006575,5.5e-05
E8 ,C Belo,71658 ,FVZ6428 ,Articulado ,2015,P7,0.006575,5.5e-05
AR4 ,Express,48166 ,FUG0573 ,Básico ,2015,P7,0.006575,5.5e-05
E8 ,C Belo,71657 ,FNY4927 ,Articulado ,2015,P7,0.006575,5.5e-05
D10 ,Transwolff,66453 ,GBT6843 ,Básico ,2015,P7,0.006575,5.5e-05
E8 ,C Belo,71656 ,FVG3516 ,Articulado ,2015,P7,0.006575,5.5e-05
E8 ,C Belo,71655 ,FYJ2845 ,Articulado ,2015,P7,0.006575,5.5e-05
E8 ,C Belo,71654 ,FEF3924 ,Articulado ,2015,P7,0.006575,5.5e-05
E8 ,C Belo,71653 ,FIW7023 ,Articulado ,2015,P7,0.006575,5.5e-05
E8 ,C Belo,71652 ,FSW7432 ,Articulado ,2015,P7,0.006575,5.5e-05
AR4 ,Express,48096 ,FEA2685 ,Básico ,2015,P7,0.006575,5.5e-05
E8 ,C Belo,71651 ,FQW1861 ,Articulado ,2015,P7,0.006575,5.5e-05
E8 ,C Belo,71650 ,FPD0460 ,Articulado ,2015,P7,0.006575,5.5e-05
E8 ,C Belo,71549 ,FOD4626 ,Articulado ,2015,P7,0.006575,5.5e-05
E8 ,C Belo,71548 ,FCM4197 ,Articulado ,2015,P7,0.006575,5.5e-05
E8 ,C Belo,71547 ,FGW4865 ,Articulado ,2015,P7,0.006575,5.5e-05
AR2 ,Sambaiba,22053 ,GJD9452 ,Básico ,2015,P7,0.006575,5.5e-05
D10 ,Transwolff,66559 ,FCK0D20 ,Midiônibus ,2015,P7,0.006575,5.5e-05
D5 ,Pêssego,47566 ,FOO1926 ,Miniônibus ,2015,P7,0.006575,5.5e-05
D10 ,Transwolff,66612 ,FZJ8J70 ,Midiônibus ,2015,P7,0.006575,5.5e-05
AR2 ,Sambaiba,22063 ,FJV2138 ,Básico ,2015,P7,0.006575,5.5e-05
AR2 ,Sambaiba,22064 ,GCN5509 ,Básico ,2015,P7,0.006575,5.5e-05
AR2 ,Sambaiba,22065 ,FCI0J69 ,Básico ,2015,P7,0.006575,5.5e-05
AR2 ,Sambaiba,22066 ,FWL3921 ,Básico ,2015,P7,0.006575,5.5e-05
E8 ,C Belo,71546 ,FQS9274 ,Articulado ,2015,P7,0.006575,5.5e-05
E8 ,C Belo,71545 ,FQP1053 ,Articulado ,2015,P7,0.006575,5.5e-05
E8 ,C Belo,71544 ,FQN4732 ,Articulado ,2015,P7,0.006575,5.5e-05
E8 ,C Belo,71543 ,FRF0821 ,Articulado ,2015,P7,0.006575,5.5e-05
E8 ,C Belo,71542 ,FCV3140 ,Articulado ,2015,P7,0.006575,5.5e-05
E8 ,C Belo,71541 ,FSX9081 ,Articulado ,2015,P7,0.006575,5.5e-05
D5 ,Pêssego,47296 ,FAP5936 ,Miniônibus ,2015,P7,0.006575,5.5e-05
D10 ,Transwolff,66716 ,GBO4F74 ,Midiônibus ,2015,P7,0.006575,5.5e-05
E8 ,C Belo,71540 ,FRN1532 ,Articulado ,2015,P7,0.006575,5.5e-05
E8 ,C Belo,71539 ,FTX3851 ,Articulado ,2015,P7,0.006575,5.5e-05
D10 ,Transwolff,66740 ,FDR3B90 ,Midiônibus ,2015,P7,0.006575,5.5e-05
AR2 ,Sambaiba,22062 ,FHS7E08 ,Básico ,2015,P7,0.006575,5.5e-05
AR2 ,Sambaiba,22061 ,GBU1D87 ,Básico ,2015,P7,0.006575,5.5e-05
AR2 ,Sambaiba,22060 ,GBJ1635 ,Básico ,2015,P7,0.006575,5.5e-05
AR2 ,Sambaiba,22059 ,FSE9472 ,Básico ,2015,P7,0.006575,5.5e-05
D10 ,Transwolff,66616 ,FAH5G10 ,Básico ,2015,P7,0.006575,5.5e-05
D10 ,Transwolff,66628 ,FTA0F40 ,Midiônibus ,2015,P7,0.006575,5.5e-05
D10 ,Transwolff,66656 ,FNB3059 ,Básico ,2015,P7,0.006575,5.5e-05
D10 ,Transwolff,66657 ,FVW9I50 ,Básico ,2015,P7,0.006575,5.5e-05
D10 ,Transwolff,66668 ,FOZ9B00 ,Midiônibus ,2015,P7,0.006575,5.5e-05
D10 ,Transwolff,66682 ,FKJ5D20 ,Midiônibus ,2015,P7,0.006575,5.5e-05
D10 ,Transwolff,66693 ,GHY7I00 ,Midiônibus ,2015,P7,0.006575,5.5e-05
D10 ,Transwolff,66806 ,GBB6E13 ,Básico ,2015,P7,0.006575,5.5e-05
D2 ,Spencer,25092 ,FSU6372 ,Básico ,2015,P7,0.006575,5.5e-05
D2 ,Spencer,25081 ,FSH9041 ,Básico ,2015,P7,0.006575,5.5e-05
AR2 ,Sambaiba,22057 ,FXZ4991 ,Básico ,2015,P7,0.006575,5.5e-05
AR2 ,Sambaiba,22058 ,FZQ5756 ,Básico ,2015,P7,0.006575,5.5e-05
D5 ,Pêssego,47541 ,FZN2979 ,Miniônibus ,2015,P7,0.006575,5.5e-05
D5 ,Pêssego,47540 ,FVZ3133 ,Miniônibus ,2015,P7,0.006575,5.5e-05
D5 ,Pêssego,47303 ,FCI8G68 ,Midiônibus ,2015,P7,0.006575,5.5e-05
D2 ,Spencer,25065 ,FZZ5I25 ,Básico ,2015,P7,0.006575,5.5e-05
D10 ,Transwolff,66695 ,GHE6A20 ,Midiônibus ,2015,P7,0.006575,5.5e-05
D10 ,Transwolff,66021 ,GBB2F88 ,Básico ,2015,P7,0.006575,5.5e-05
E6 ,Grajau,61099 ,FCY1693 ,Articulado ,2015,P7,0.006575,5.5e-05
D2 ,Norte Buss,26277 ,FOG1572 ,Midiônibus ,2015,P7,0.006575,5.5e-05
E4 ,Via Sudeste,52777 ,FLN6780 ,Articulado ,2015,P7,0.006575,5.5e-05
E4 ,Via Sudeste,52778 ,FSN7532 ,Articulado ,2015,P7,0.006575,5.5e-05
E4 ,Via Sudeste,52779 ,FBP0601 ,Articulado ,2015,P7,0.006575,5.5e-05
E4 ,Via Sudeste,52780 ,FCT8360 ,Articulado ,2015,P7,0.006575,5.5e-05
D3 ,Transunião ,36145 ,GJF0259 ,Básico ,2015,P7,0.006575,5.5e-05
D3 ,Transunião ,36143 ,GJP2679 ,Midiônibus ,2015,P7,0.006575,5.5e-05
E4 ,Via Sudeste,52781 ,FRL7642 ,Articulado ,2015,P7,0.006575,5.5e-05
E4 ,Via Sudeste,52782 ,FMS2423 ,Articulado ,2015,P7,0.006575,5.5e-05
D3 ,Transunião ,36135 ,FXW3A32 ,Básico ,2015,P7,0.006575,5.5e-05
E4 ,Via Sudeste,52783 ,FGU3779 ,Articulado ,2015,P7,0.006575,5.5e-05
E6 ,Grajau,61753 ,FSY9142 ,Articulado ,2015,P7,0.006575,5.5e-05
E6 ,Grajau,61752 ,FQI9781 ,Articulado ,2015,P7,0.006575,5.5e-05
E6 ,Grajau,61751 ,FFB2003 ,Articulado ,2015,P7,0.006575,5.5e-05
E6 ,Grajau,61750 ,FCE2247 ,Articulado ,2015,P7,0.006575,5.5e-05
E6 ,Grajau,61749 ,FCL5250 ,Articulado ,2015,P7,0.006575,5.5e-05
E6 ,Grajau,61748 ,FVR9056 ,Articulado ,2015,P7,0.006575,5.5e-05
E6 ,Grajau,61747 ,FCK0358 ,Articulado ,2015,P7,0.006575,5.5e-05
E4 ,Via Sudeste,52789 ,FKS5254 ,Articulado ,2015,P7,0.006575,5.5e-05
E4 ,Via Sudeste,52788 ,FCK0413 ,Articulado ,2015,P7,0.006575,5.5e-05
E4 ,Via Sudeste,52787 ,FGH4263 ,Articulado ,2015,P7,0.006575,5.5e-05
E4 ,Via Sudeste,52786 ,FHE9612 ,Articulado ,2015,P7,0.006575,5.5e-05
E4 ,Via Sudeste,52785 ,FMZ7221 ,Articulado ,2015,P7,0.006575,5.5e-05
E4 ,Via Sudeste,52784 ,FNX2490 ,Articulado ,2015,P7,0.006575,5.5e-05
E4 ,Via Sudeste,52776 ,FGA6606 ,Articulado ,2015,P7,0.006575,5.5e-05
E6 ,Grajau,61739 ,FQQ5132 ,Articulado ,2015,P7,0.006575,5.5e-05
E6 ,Grajau,61741 ,FCQ2063 ,Articulado ,2015,P7,0.006575,5.5e-05
E6 ,Grajau,61742 ,FCE0124 ,Articulado ,2015,P7,0.006575,5.5e-05
E6 ,Grajau,61743 ,FVU2115 ,Articulado ,2015,P7,0.006575,5.5e-05
E6 ,Grajau,61744 ,FAR7490 ,Articulado ,2015,P7,0.006575,5.5e-05
E6 ,Grajau,61745 ,FXU7058 ,Articulado ,2015,P7,0.006575,5.5e-05
E6 ,Grajau,61746 ,FJH9879 ,Articulado ,2015,P7,0.006575,5.5e-05
E6 ,Grajau,61740 ,FTM1451 ,Articulado ,2015,P7,0.006575,5.5e-05
E4 ,Via Sudeste,52775 ,FJK3379 ,Articulado ,2015,P7,0.006575,5.5e-05
D3 ,Transunião ,36157 ,FQE6847 ,Miniônibus ,2015,P7,0.006575,5.5e-05
D3 ,Transunião ,36159 ,GJG5001 ,Básico ,2015,P7,0.006575,5.5e-05
E5 ,Mobibrasil,63040 ,FDC2I46 ,Articulado ,2015,P7,0.006575,5.5e-05
E5 ,Mobibrasil,63041 ,FJU4787 ,Articulado ,2015,P7,0.006575,5.5e-05
E5 ,Mobibrasil,63042 ,FCL7678 ,Articulado ,2015,P7,0.006575,5.5e-05
E5 ,Mobibrasil,63043 ,FXO2E59 ,Articulado ,2015,P7,0.006575,5.5e-05
E5 ,Mobibrasil,63044 ,FPI7660 ,Articulado ,2015,P7,0.006575,5.5e-05
E5 ,Mobibrasil,63045 ,FYH1D41 ,Articulado ,2015,P7,0.006575,5.5e-05
E5 ,Mobibrasil,63039 ,FXQ4905 ,Articulado ,2015,P7,0.006575,5.5e-05
E5 ,Mobibrasil,63046 ,FOP6632 ,Articulado ,2015,P7,0.006575,5.5e-05
E4 ,Via Sudeste,52755 ,FTB6631 ,Articulado ,2015,P7,0.006575,5.5e-05
D3 ,Transunião ,36204 ,FRB2C50 ,Midiônibus ,2015,P7,0.006575,5.5e-05
E5 ,Mobibrasil,63051 ,GAU7C80 ,Articulado ,2015,P7,0.006575,5.5e-05
E5 ,Mobibrasil,63052 ,GBI0D50 ,Articulado ,2015,P7,0.006575,5.5e-05
E4 ,Via Sudeste,52754 ,FSI0B39 ,Articulado ,2015,P7,0.006575,5.5e-05
E4 ,Via Sudeste,52753 ,FDH4D92 ,Articulado ,2015,P7,0.006575,5.5e-05
D13 ,Alfa Rodobus,86320 ,GCV0A46 ,Midiônibus ,2015,P7,0.006575,5.5e-05
E4 ,Via Sudeste,52791 ,FED8930 ,Articulado ,2015,P7,0.006575,5.5e-05
E5 ,Mobibrasil,63038 ,FKM2364 ,Articulado ,2015,P7,0.006575,5.5e-05
E5 ,Mobibrasil,63036 ,FQS7282 ,Articulado ,2015,P7,0.006575,5.5e-05
D3 ,Transunião ,36161 ,FPC4199 ,Básico ,2015,P7,0.006575,5.5e-05
E4 ,Via Sudeste,52768 ,FQB6641 ,Articulado ,2015,P7,0.006575,5.5e-05
E4 ,Via Sudeste,52767 ,FJM3130 ,Articulado ,2015,P7,0.006575,5.5e-05
D3 ,Transunião ,36176 ,FOI2B61 ,Básico ,2015,P7,0.006575,5.5e-05
D3 ,Transunião ,36178 ,GHF5G10 ,Miniônibus ,2015,P7,0.006575,5.5e-05
D3 ,Transunião ,36194 ,GHD9G19 ,Básico ,2015,P7,0.006575,5.5e-05
E5 ,Mobibrasil,63037 ,FVC8963 ,Articulado ,2015,P7,0.006575,5.5e-05
D3 ,Transunião ,36196 ,FML8129 ,Básico ,2015,P7,0.006575,5.5e-05
E4 ,Via Sudeste,52756 ,FRG6732 ,Articulado ,2015,P7,0.006575,5.5e-05
E5 ,Mobibrasil,63031 ,FYV0052 ,Articulado ,2015,P7,0.006575,5.5e-05
E5 ,Mobibrasil,63032 ,FPO1400 ,Articulado ,2015,P7,0.006575,5.5e-05
E5 ,Mobibrasil,63033 ,FDZ9D34 ,Articulado ,2015,P7,0.006575,5.5e-05
E5 ,Mobibrasil,63034 ,FUY1838 ,Articulado ,2015,P7,0.006575,5.5e-05
E5 ,Mobibrasil,63035 ,FLT5921 ,Articulado ,2015,P7,0.006575,5.5e-05
E4 ,Via Sudeste,52757 ,FMZ4733 ,Articulado ,2015,P7,0.006575,5.5e-05
E5 ,Mobibrasil,63053 ,GAR9I80 ,Articulado ,2015,P7,0.006575,5.5e-05
E4 ,Via Sudeste,52792 ,FCE8604 ,Articulado ,2015,P7,0.006575,5.5e-05
E4 ,Via Sudeste,52794 ,FPT8796 ,Articulado ,2015,P7,0.006575,5.5e-05
D8 ,Movebuss,55190 ,FEN1956 ,Midiônibus ,2015,P7,0.006575,5.5e-05
D4 ,Alfa Rodobus SPE,35724 ,FWN3717 ,Miniônibus ,2015,P7,0.006575,5.5e-05
D4 ,Alfa Rodobus SPE,35719 ,FPW9719 ,Miniônibus ,2015,P7,0.006575,5.5e-05
D8 ,Movebuss,55210 ,GDP5959 ,Miniônibus ,2015,P7,0.006575,5.5e-05
D4 ,Alfa Rodobus SPE,35709 ,FBW5A51 ,Básico ,2015,P7,0.006575,5.5e-05
D8 ,Movebuss,55221 ,FCC3427 ,Midiônibus ,2015,P7,0.006575,5.5e-05
D4 ,Alfa Rodobus SPE,35103 ,FPI2I30 ,Midiônibus ,2015,P7,0.006575,5.5e-05
D4 ,Alfa Rodobus SPE,35102 ,FCV2C49 ,Midiônibus ,2015,P7,0.006575,5.5e-05
D8 ,Movebuss,55235 ,FXU7C92 ,Midiônibus ,2015,P7,0.006575,5.5e-05
D13 ,Alfa Rodobus,86350 ,FBU9693 ,Midiônibus ,2015,P7,0.006575,5.5e-05
D13 ,Alfa Rodobus,86351 ,GAL3380 ,Midiônibus ,2015,P7,0.006575,5.5e-05
D8 ,Movebuss,55415 ,FJQ9175 ,Básico ,2015,P7,0.006575,5.5e-05
D8 ,Movebuss,55444 ,GFK8400 ,Midiônibus ,2015,P7,0.006575,5.5e-05
D8 ,Movebuss,55479 ,GHF2900 ,Midiônibus ,2015,P7,0.006575,5.5e-05
D8 ,Movebuss,55490 ,FCS0246 ,Midiônibus ,2015,P7,0.006575,5.5e-05
D8 ,Movebuss,55509 ,FEE8I92 ,Midiônibus ,2015,P7,0.006575,5.5e-05
D7 ,Transunião,56206 ,FWP2I76 ,Miniônibus ,2015,P7,0.006575,5.5e-05
E6 ,Grajau,61098 ,FWM2512 ,Articulado ,2015,P7,0.006575,5.5e-05
E6 ,Grajau,61097 ,FRH9D71 ,Articulado ,2015,P7,0.006575,5.5e-05
E6 ,Grajau,61096 ,FPD4H60 ,Articulado ,2015,P7,0.006575,5.5e-05
D7 ,Transunião,56294 ,FPT2027 ,Básico ,2015,P7,0.006575,5.5e-05
D7 ,Transunião,56286 ,FUH2E83 ,Miniônibus ,2015,P7,0.006575,5.5e-05
D7 ,Transunião,56272 ,FOJ8140 ,Básico ,2015,P7,0.006575,5.5e-05
D4 ,Alfa Rodobus SPE,35730 ,FBY9060 ,Miniônibus ,2015,P7,0.006575,5.5e-05
D7 ,Transunião,56266 ,FCP3G32 ,Básico ,2015,P7,0.006575,5.5e-05
D7 ,Transunião,56249 ,FJE3G09 ,Miniônibus ,2015,P7,0.006575,5.5e-05
D7 ,Transunião,56244 ,FKR9287 ,Básico ,2015,P7,0.006575,5.5e-05
D7 ,Transunião,56240 ,FCJ7486 ,Básico ,2015,P7,0.006575,5.5e-05
D7 ,Transunião,56236 ,FWK7C96 ,Miniônibus ,2015,P7,0.006575,5.5e-05
D7 ,Transunião,56220 ,FUW3158 ,Básico ,2015,P7,0.006575,5.5e-05
D7 ,Transunião,56209 ,FPG3H19 ,Básico ,2015,P7,0.006575,5.5e-05
D7 ,Transunião,56255 ,FZG9556 ,Básico ,2015,P7,0.006575,5.5e-05
D4 ,Alfa Rodobus SPE,35743 ,FCC5799 ,Miniônibus ,2015,P7,0.006575,5.5e-05
D4 ,Alfa Rodobus SPE,35749 ,FCA8B31 ,Básico ,2015,P7,0.006575,5.5e-05
D4 ,Alfa Rodobus SPE,35754 ,FDB1007 ,Básico ,2015,P7,0.006575,5.5e-05
D4 ,Alfa Rodobus SPE,35971 ,FBF0745 ,Básico ,2015,P7,0.006575,5.5e-05
D3 ,Transunião ,36051 ,FXS7751 ,Básico ,2015,P7,0.006575,5.5e-05
D3 ,Transunião ,36064 ,FZN7564 ,Básico ,2015,P7,0.006575,5.5e-05
D3 ,Transunião ,36067 ,GCO9I67 ,Midiônibus ,2015,P7,0.006575,5.5e-05
D3 ,Transunião ,36073 ,FXY5464 ,Miniônibus ,2015,P7,0.006575,5.5e-05
D3 ,Transunião ,36080 ,FCX7I63 ,Básico ,2015,P7,0.006575,5.5e-05
D4 ,Alfa Rodobus SPE,35849 ,FCK8J85 ,Miniônibus ,2015,P7,0.006575,5.5e-05
D3 ,Transunião ,36099 ,FJK0089 ,Midiônibus ,2015,P7,0.006575,5.5e-05
E4 ,Via Sudeste,52798 ,FSY7254 ,Articulado ,2015,P7,0.006575,5.5e-05
D3 ,Transunião ,36109 ,FTQ6701 ,Básico ,2015,P7,0.006575,5.5e-05
D13 ,Alfa Rodobus,86336 ,GKB9922 ,Midiônibus ,2015,P7,0.006575,5.5e-05
E4 ,Via Sudeste,52797 ,FSQ1723 ,Articulado ,2015,P7,0.006575,5.5e-05
E4 ,Via Sudeste,52796 ,FTN4691 ,Articulado ,2015,P7,0.006575,5.5e-05
E4 ,Via Sudeste,52795 ,FWU6279 ,Articulado ,2015,P7,0.006575,5.5e-05
E4 ,Via Sudeste,52799 ,FPE8848 ,Articulado ,2015,P7,0.006575,5.5e-05
E4 ,Via Sudeste,52793 ,FWW5285 ,Articulado ,2015,P7,0.006575,5.5e-05
D4 ,Alfa Rodobus SPE,35844 ,FGX7709 ,Miniônibus ,2015,P7,0.006575,5.5e-05
D4 ,Alfa Rodobus SPE,35836 ,FEJ9997 ,Miniônibus ,2015,P7,0.006575,5.5e-05
D4 ,Alfa Rodobus SPE,35755 ,FCA4339 ,Básico ,2015,P7,0.006575,5.5e-05
D8 ,Movebuss,55155 ,FXO4888 ,Midiônibus ,2015,P7,0.006575,5.5e-05
D4 ,Alfa Rodobus SPE,35766 ,FMJ3B90 ,Miniônibus ,2015,P7,0.006575,5.5e-05
D4 ,Alfa Rodobus SPE,35770 ,FMK4198 ,Miniônibus ,2015,P7,0.006575,5.5e-05
D4 ,Alfa Rodobus SPE,35773 ,FQB4122 ,Miniônibus ,2015,P7,0.006575,5.5e-05
D4 ,Alfa Rodobus SPE,35787 ,FJN6469 ,Miniônibus ,2015,P7,0.006575,5.5e-05
D8 ,Movebuss,55052 ,GDC0A90 ,Midiônibus ,2015,P7,0.006575,5.5e-05
D8 ,Movebuss,55124 ,GAF5B74 ,Miniônibus ,2015,P7,0.006575,5.5e-05
D13 ,Alfa Rodobus,86521 ,FVK7744 ,Midiônibus ,2015,P7,0.006575,5.5e-05
D4 ,Alfa Rodobus SPE,35794 ,FWN0059 ,Miniônibus ,2015,P7,0.006575,5.5e-05
D4 ,Alfa Rodobus SPE,35797 ,GKG8A30 ,Básico ,2015,P7,0.006575,5.5e-05
D4 ,Alfa Rodobus SPE,35813 ,FCG6176 ,Miniônibus ,2015,P7,0.006575,5.5e-05
D4 ,Alfa Rodobus SPE,35818 ,FAC9448 ,Miniônibus ,2015,P7,0.006575,5.5e-05
D8 ,Movebuss,55060 ,GKD0750 ,Midiônibus ,2015,P7,0.006575,5.5e-05
D13 ,Alfa Rodobus,86516 ,FBJ6157 ,Midiônibus ,2015,P7,0.006575,5.5e-05
D10 ,Transwolff,66012 ,FVS2D10 ,Básico ,2015,P7,0.006575,5.5e-05
E5 ,Mobibrasil,63054 ,GBN7D30 ,Articulado ,2015,P7,0.006575,5.5e-05
E4 ,Via Sudeste,52752 ,FUA1B58 ,Articulado ,2015,P7,0.006575,5.5e-05
D3 ,Transunião ,36659 ,GGE1958 ,Midiônibus ,2015,P7,0.006575,5.5e-05
E4 ,Via Sudeste,52106 ,FUJ2721 ,Articulado ,2015,P7,0.006575,5.5e-05
E4 ,Via Sudeste,52107 ,FFC1745 ,Articulado ,2015,P7,0.006575,5.5e-05
E4 ,Via Sudeste,52108 ,FXL0357 ,Articulado ,2015,P7,0.006575,5.5e-05
E4 ,Via Sudeste,52109 ,GGV5108 ,Articulado ,2015,P7,0.006575,5.5e-05
E4 ,Via Sudeste,52110 ,FRL6869 ,Articulado ,2015,P7,0.006575,5.5e-05
E4 ,Via Sudeste,52111 ,GDL7800 ,Articulado ,2015,P7,0.006575,5.5e-05
D3 ,Transunião ,36644 ,FQH0I62 ,Básico ,2015,P7,0.006575,5.5e-05
D3 ,Transunião ,36616 ,GIU0414 ,Básico ,2015,P7,0.006575,5.5e-05
D13 ,Alfa Rodobus,86205 ,FCO4690 ,Midiônibus ,2015,P7,0.006575,5.5e-05
D3 ,Transunião ,36555 ,FZY5335 ,Midiônibus ,2015,P7,0.006575,5.5e-05
D3 ,Transunião ,36516 ,FPT4459 ,Midiônibus ,2015,P7,0.006575,5.5e-05
E3 ,Metropole,31100 ,FOY6169 ,Articulado ,2015,P7,0.006575,5.5e-05
E3 ,Metropole,31101 ,GGG7640 ,Articulado ,2015,P7,0.006575,5.5e-05
E3 ,Metropole,31102 ,GFB8350 ,Articulado ,2015,P7,0.006575,5.5e-05
E3 ,Metropole,31103 ,FNW4431 ,Articulado ,2015,P7,0.006575,5.5e-05
E3 ,Metropole,31104 ,FWC1292 ,Articulado ,2015,P7,0.006575,5.5e-05
E3 ,Metropole,31120 ,FDC6480 ,Articulado ,2015,P7,0.006575,5.5e-05
E3 ,Metropole,31119 ,FXP4718 ,Articulado ,2015,P7,0.006575,5.5e-05
E3 ,Metropole,31118 ,FBY9185 ,Articulado ,2015,P7,0.006575,5.5e-05
E3 ,Metropole,31117 ,FIY8874 ,Articulado ,2015,P7,0.006575,5.5e-05
E3 ,Metropole,31116 ,FOY3956 ,Articulado ,2015,P7,0.006575,5.5e-05
E3 ,Metropole,31114 ,FQJ4361 ,Articulado ,2015,P7,0.006575,5.5e-05
E4 ,Via Sudeste,52105 ,GHC6934 ,Articulado ,2015,P7,0.006575,5.5e-05
E3 ,Metropole,31113 ,FAZ2199 ,Articulado ,2015,P7,0.006575,5.5e-05
E3 ,Metropole,31111 ,FFI3555 ,Articulado ,2015,P7,0.006575,5.5e-05
E3 ,Metropole,31110 ,GEB1868 ,Articulado ,2015,P7,0.006575,5.5e-05
E3 ,Metropole,31109 ,GFG0977 ,Articulado ,2015,P7,0.006575,5.5e-05
E3 ,Metropole,31108 ,GDP8336 ,Articulado ,2015,P7,0.006575,5.5e-05
E3 ,Metropole,31107 ,FIL5825 ,Articulado ,2015,P7,0.006575,5.5e-05
E3 ,Metropole,31106 ,GEL3914 ,Articulado ,2015,P7,0.006575,5.5e-05
E3 ,Metropole,31112 ,FZR4375 ,Articulado ,2015,P7,0.006575,5.5e-05
E4 ,Via Sudeste,52104 ,FLT6813 ,Articulado ,2015,P7,0.006575,5.5e-05
E4 ,Via Sudeste,52103 ,FTF1192 ,Articulado ,2015,P7,0.006575,5.5e-05
E4 ,Via Sudeste,52102 ,FQG3981 ,Articulado ,2015,P7,0.006575,5.5e-05
D13 ,Alfa Rodobus,86044 ,GAR7960 ,Midiônibus ,2015,P7,0.006575,5.5e-05
D13 ,Alfa Rodobus,86080 ,GGS5I86 ,Midiônibus ,2015,P7,0.006575,5.5e-05
AR4 ,Express,48480 ,FQS8C36 ,Básico ,2015,P7,0.006575,5.5e-05
AR4 ,Express,48428 ,GAL5088 ,Básico ,2015,P7,0.006575,5.5e-05
AR4 ,Express,48426 ,GAJ1390 ,Básico ,2015,P7,0.006575,5.5e-05
AR4 ,Express,48424 ,FYD8395 ,Básico ,2015,P7,0.006575,5.5e-05
AR4 ,Express,48671 ,FSZ6205 ,Básico ,2015,P7,0.006575,5.5e-05
AR4 ,Express,48418 ,FQY7023 ,Básico ,2015,P7,0.006575,5.5e-05
AR4 ,Express,48406 ,FCT6071 ,Básico ,2015,P7,0.006575,5.5e-05
AR4 ,Express,48403 ,FDP9803 ,Básico ,2015,P7,0.006575,5.5e-05
AR4 ,Express,48390 ,FRS5406 ,Básico ,2015,P7,0.006575,5.5e-05
AR4 ,Express,48386 ,FLV5B62 ,Básico ,2015,P7,0.006575,5.5e-05
AR4 ,Express,48279 ,FOD9840 ,Básico ,2015,P7,0.006575,5.5e-05
D2 ,Norte Buss,26283 ,FWF4783 ,Midiônibus ,2015,P7,0.006575,5.5e-05
AR4 ,Express,48417 ,FBG2G12 ,Básico ,2015,P7,0.006575,5.5e-05
E3 ,Metropole,31121 ,FEI0232 ,Articulado ,2015,P7,0.006575,5.5e-05
AR4 ,Express,48835 ,FCK3I84 ,Básico ,2015,P7,0.006575,5.5e-05
D2 ,Norte Buss,26492 ,GHD5332 ,Midiônibus ,2015,P7,0.006575,5.5e-05
E4 ,Via Sudeste,52101 ,GDF9320 ,Articulado ,2015,P7,0.006575,5.5e-05
AR5 ,Via Sudeste,51584 ,FQU2582 ,Articulado ,2015,P7,0.006575,5.5e-05
AR5 ,Via Sudeste,51583 ,FXY6420 ,Articulado ,2015,P7,0.006575,5.5e-05
AR5 ,Via Sudeste,51582 ,FPK2817 ,Articulado ,2015,P7,0.006575,5.5e-05
AR5 ,Via Sudeste,51581 ,FJH2653 ,Articulado ,2015,P7,0.006575,5.5e-05
AR5 ,Via Sudeste,51580 ,FTQ6492 ,Articulado ,2015,P7,0.006575,5.5e-05
AR5 ,Via Sudeste,51201 ,FAF7386 ,Articulado ,2015,P7,0.006575,5.5e-05
AR5 ,Via Sudeste,51579 ,FJX4191 ,Articulado ,2015,P7,0.006575,5.5e-05
AR5 ,Via Sudeste,51577 ,FMZ2078 ,Articulado ,2015,P7,0.006575,5.5e-05
AR5 ,Via Sudeste,51576 ,FKD2594 ,Articulado ,2015,P7,0.006575,5.5e-05
AR5 ,Via Sudeste,51575 ,FEJ2431 ,Articulado ,2015,P7,0.006575,5.5e-05
D13 ,Alfa Rodobus,86001 ,GBG8720 ,Midiônibus ,2015,P7,0.006575,5.5e-05
E3 ,Metropole,31014 ,FUQ6H23 ,Articulado ,2015,P7,0.006575,5.5e-05
D2 ,Norte Buss,26493 ,FOS4373 ,Midiônibus ,2015,P7,0.006575,5.5e-05
AR5 ,Via Sudeste,51578 ,FDC7895 ,Articulado ,2015,P7,0.006575,5.5e-05
E5 ,Mobibrasil,63055 ,GBG7C70 ,Articulado ,2015,P7,0.006575,5.5e-05
E3 ,Metropole,31122 ,FNE5699 ,Articulado ,2015,P7,0.006575,5.5e-05
E3 ,Metropole,31125 ,FSR9487 ,Articulado ,2015,P7,0.006575,5.5e-05
E3 ,Metropole,31355 ,FCQ7383 ,Articulado ,2015,P7,0.006575,5.5e-05
E3 ,Metropole,31356 ,FDZ5344 ,Articulado ,2015,P7,0.006575,5.5e-05
E3 ,Metropole,31562 ,FFW0B90 ,Articulado ,2015,P7,0.006575,5.5e-05
E3 ,Metropole,31568 ,FJM4I90 ,Articulado ,2015,P7,0.006575,5.5e-05
E3 ,Metropole,31569 ,FQP4H21 ,Articulado ,2015,P7,0.006575,5.5e-05
E3 ,Metropole,31570 ,FRA5E23 ,Articulado ,2015,P7,0.006575,5.5e-05
E3 ,Metropole,31571 ,FKC8C25 ,Articulado ,2015,P7,0.006575,5.5e-05
E3 ,Metropole,31572 ,FCZ7I56 ,Articulado ,2015,P7,0.006575,5.5e-05
E3 ,Metropole,31696 ,FLP8B67 ,Articulado ,2015,P7,0.006575,5.5e-05
E3 ,Metropole,31698 ,FOP3C58 ,Articulado ,2015,P7,0.006575,5.5e-05
E3 ,Metropole,31699 ,FPA0D49 ,Articulado ,2015,P7,0.006575,5.5e-05
E3 ,Metropole,31700 ,FAS8E10 ,Articulado ,2015,P7,0.006575,5.5e-05
D13 ,Alfa Rodobus,86315 ,GCO1730 ,Midiônibus ,2015,P7,0.006575,5.5e-05
D3 ,Transunião ,36250 ,GFH3665 ,Midiônibus ,2015,P7,0.006575,5.5e-05
D3 ,Transunião ,36243 ,FEJ0J49 ,Básico ,2015,P7,0.006575,5.5e-05
D3 ,Transunião ,36236 ,FQR4B36 ,Midiônibus ,2015,P7,0.006575,5.5e-05
E5 ,Mobibrasil,63060 ,GBG0F59 ,Articulado ,2015,P7,0.006575,5.5e-05
E4 ,Via Sudeste,52751 ,FTI2E37 ,Articulado ,2015,P7,0.006575,5.5e-05
E4 ,Via Sudeste,52750 ,FCS5D80 ,Articulado ,2015,P7,0.006575,5.5e-05
E5 ,Mobibrasil,63056 ,GBB9E79 ,Articulado ,2015,P7,0.006575,5.5e-05
E4 ,Via Sudeste,52749 ,FQW4F96 ,Articulado ,2015,P7,0.006575,5.5e-05
E4 ,Via Sudeste,52748 ,FTY4G25 ,Articulado ,2015,P7,0.006575,5.5e-05
E5 ,Mobibrasil,63057 ,GBF3J38 ,Articulado ,2015,P7,0.006575,5.5e-05
E3 ,Metropole,31354 ,FNT0752 ,Articulado ,2015,P7,0.006575,5.5e-05
E4 ,Via Sudeste,52747 ,FRT8B64 ,Articulado ,2015,P7,0.006575,5.5e-05
D13 ,Alfa Rodobus,86318 ,GGJ3400 ,Midiônibus ,2015,P7,0.006575,5.5e-05
E4 ,Via Sudeste,52746 ,FRQ8E43 ,Articulado ,2015,P7,0.006575,5.5e-05
E4 ,Via Sudeste,52745 ,FRE1H22 ,Articulado ,2015,P7,0.006575,5.5e-05
E5 ,Mobibrasil,63059 ,GAJ4G69 ,Articulado ,2015,P7,0.006575,5.5e-05
E4 ,Via Sudeste,52744 ,FQK9A31 ,Articulado ,2015,P7,0.006575,5.5e-05
E4 ,Via Sudeste,52743 ,FER5E37 ,Articulado ,2015,P7,0.006575,5.5e-05
E5 ,Mobibrasil,63058 ,GBJ1B88 ,Articulado ,2015,P7,0.006575,5.5e-05
E3 ,Metropole,31353 ,FLI0841 ,Articulado ,2015,P7,0.006575,5.5e-05
E3 ,Metropole,31320 ,FJW0840 ,Articulado ,2015,P7,0.006575,5.5e-05
D3 ,Transunião ,36274 ,FAC7959 ,Midiônibus ,2015,P7,0.006575,5.5e-05
E3 ,Metropole,31139 ,FTE9872 ,Articulado ,2015,P7,0.006575,5.5e-05
E3 ,Metropole,31138 ,FYV5974 ,Articulado ,2015,P7,0.006575,5.5e-05
E3 ,Metropole,31137 ,FMZ8453 ,Articulado ,2015,P7,0.006575,5.5e-05
E3 ,Metropole,31136 ,FMC9107 ,Articulado ,2015,P7,0.006575,5.5e-05
E3 ,Metropole,31135 ,FSN9158 ,Articulado ,2015,P7,0.006575,5.5e-05
E3 ,Metropole,31134 ,FCH7633 ,Articulado ,2015,P7,0.006575,5.5e-05
E3 ,Metropole,31140 ,FWY1764 ,Articulado ,2015,P7,0.006575,5.5e-05
E3 ,Metropole,31133 ,FDB2789 ,Articulado ,2015,P7,0.006575,5.5e-05
E3 ,Metropole,31131 ,FTK4293 ,Articulado ,2015,P7,0.006575,5.5e-05
E3 ,Metropole,31130 ,FQL9682 ,Articulado ,2015,P7,0.006575,5.5e-05
E3 ,Metropole,31129 ,FKR6756 ,Articulado ,2015,P7,0.006575,5.5e-05
E3 ,Metropole,31128 ,FEY8080 ,Articulado ,2015,P7,0.006575,5.5e-05
E3 ,Metropole,31127 ,FOU7650 ,Articulado ,2015,P7,0.006575,5.5e-05
E3 ,Metropole,31126 ,FKH8221 ,Articulado ,2015,P7,0.006575,5.5e-05
E3 ,Metropole,31132 ,FNF9157 ,Articulado ,2015,P7,0.006575,5.5e-05
E3 ,Metropole,31124 ,FVX1518 ,Articulado ,2015,P7,0.006575,5.5e-05
E3 ,Metropole,31141 ,FBY9611 ,Articulado ,2015,P7,0.006575,5.5e-05
E3 ,Metropole,31216 ,FUB5J32 ,Articulado ,2015,P7,0.006575,5.5e-05
D3 ,Transunião ,36278 ,FMZ9089 ,Básico ,2015,P7,0.006575,5.5e-05
D3 ,Transunião ,36280 ,GCZ7I47 ,Básico ,2015,P7,0.006575,5.5e-05
D3 ,Transunião ,36289 ,FFN8B29 ,Básico ,2015,P7,0.006575,5.5e-05
D3 ,Transunião ,36292 ,FXB3H99 ,Midiônibus ,2015,P7,0.006575,5.5e-05
D3 ,Transunião ,36313 ,GEB0C31 ,Básico ,2015,P7,0.006575,5.5e-05
E3 ,Metropole,31271 ,FWX4C57 ,Articulado ,2015,P7,0.006575,5.5e-05
E3 ,Metropole,31215 ,FDC2A90 ,Articulado ,2015,P7,0.006575,5.5e-05
E3 ,Metropole,31269 ,FOR9G48 ,Articulado ,2015,P7,0.006575,5.5e-05
E3 ,Metropole,31262 ,FOL3C26 ,Articulado ,2015,P7,0.006575,5.5e-05
E3 ,Metropole,31260 ,FWD8H05 ,Articulado ,2015,P7,0.006575,5.5e-05
D13 ,Alfa Rodobus,86288 ,GCH4646 ,Midiônibus ,2015,P7,0.006575,5.5e-05
D13 ,Alfa Rodobus,86287 ,FTZ2299 ,Midiônibus ,2015,P7,0.006575,5.5e-05
E3 ,Metropole,31218 ,FPD1I83 ,Articulado ,2015,P7,0.006575,5.5e-05
E3 ,Metropole,31217 ,FXB6G92 ,Articulado ,2015,P7,0.006575,5.5e-05
E3 ,Metropole,31268 ,FJZ3I57 ,Articulado ,2015,P7,0.006575,5.5e-05
E3 ,Metropole,31115 ,FRU8259 ,Articulado ,2015,P7,0.006575,5.5e-05
D6 ,Allibus,45738 ,GAM8160 ,Midiônibus ,2015,P7,0.006575,5.5e-05
E8 ,C Belo,71729 ,FWQ8369 ,Articulado ,2015,P7,0.006575,5.5e-05
D11 ,Transwolff,78859 ,GKF4D20 ,Midiônibus ,2015,P7,0.006575,5.5e-05
D11 ,Transwolff,78863 ,GBH7G36 ,Básico ,2015,P7,0.006575,5.5e-05
D11 ,Transwolff,78867 ,GBU3J42 ,Básico ,2015,P7,0.006575,5.5e-05
D11 ,Transwolff,78876 ,FRV1H10 ,Básico ,2015,P7,0.006575,5.5e-05
AR1 ,G. Preto,13528 ,FRW7436 ,Padron ,2015,P7,0.006575,5.5e-05
AR1 ,G. Preto,13527 ,FWQ1127 ,Padron ,2015,P7,0.006575,5.5e-05
AR1 ,G. Preto,13526 ,FKO1383 ,Padron ,2015,P7,0.006575,5.5e-05
AR1 ,G. Preto,13525 ,FDS4731 ,Padron ,2015,P7,0.006575,5.5e-05
AR1 ,G. Preto,13524 ,FOA7870 ,Padron ,2015,P7,0.006575,5.5e-05
AR1 ,G. Preto,13523 ,FXP7309 ,Padron ,2015,P7,0.006575,5.5e-05
AR1 ,G. Preto,13522 ,FIL8792 ,Padron ,2015,P7,0.006575,5.5e-05
D11 ,Transwolff,78918 ,FTE0430 ,Midiônibus ,2015,P7,0.006575,5.5e-05
D11 ,Transwolff,78948 ,FVC4D19 ,Midiônibus ,2015,P7,0.006575,5.5e-05
D11 ,Transwolff,78971 ,GFN7H80 ,Midiônibus ,2015,P7,0.006575,5.5e-05
E1 ,G. Preto,12521 ,FGM7569 ,Padron ,2015,P7,0.006575,5.5e-05
E1 ,G. Preto,12520 ,FJV9960 ,Padron ,2015,P7,0.006575,5.5e-05
E1 ,G. Preto,12519 ,FXW6928 ,Padron ,2015,P7,0.006575,5.5e-05
E1 ,G. Preto,12479 ,FQW7436 ,Articulado ,2015,P7,0.006575,5.5e-05
E1 ,G. Preto,12478 ,FRT8762 ,Articulado ,2015,P7,0.006575,5.5e-05
E1 ,G. Preto,12477 ,FCJ8635 ,Articulado ,2015,P7,0.006575,5.5e-05
AR9 ,Transppass,80021 ,FBO0560 ,Básico ,2015,P7,0.006575,5.5e-05
AR9 ,Transppass,80029 ,FCJ5F96 ,Básico ,2015,P7,0.006575,5.5e-05
AR9 ,Transppass,80076 ,FCF1287 ,Básico ,2015,P7,0.006575,5.5e-05
AR9 ,Transppass,80077 ,FBO9982 ,Básico ,2015,P7,0.006575,5.5e-05
AR9 ,Transppass,80083 ,FCW3619 ,Básico ,2015,P7,0.006575,5.5e-05
AR9 ,Transppass,80084 ,FDE4540 ,Básico ,2015,P7,0.006575,5.5e-05
AR9 ,Transppass,80086 ,FCG7756 ,Básico ,2015,P7,0.006575,5.5e-05
AR9 ,Transppass,80087 ,FCD9935 ,Básico ,2015,P7,0.006575,5.5e-05
AR9 ,Transppass,80089 ,FAX4940 ,Básico ,2015,P7,0.006575,5.5e-05
D1 ,D1,15091 ,FBO9881 ,Miniônibus ,2015,P7,0.006575,5.5e-05
D11 ,Transwolff,78815 ,GCB9A17 ,Básico ,2015,P7,0.006575,5.5e-05
D1 ,D1,15148 ,FDS8G49 ,Básico ,2015,P7,0.006575,5.5e-05
D11 ,Transwolff,78790 ,GIY7B40 ,Midiônibus ,2015,P7,0.006575,5.5e-05
E2 ,Sambaiba,21646 ,FCU4706 ,Articulado ,2015,P7,0.006575,5.5e-05
E2 ,Sambaiba,21647 ,FLT1249 ,Articulado ,2015,P7,0.006575,5.5e-05
E2 ,Sambaiba,21648 ,FYS6678 ,Articulado ,2015,P7,0.006575,5.5e-05
E2 ,Sambaiba,21649 ,FSJ5145 ,Articulado ,2015,P7,0.006575,5.5e-05
D11 ,Transwolff,78209 ,FKC6A20 ,Midiônibus ,2015,P7,0.006575,5.5e-05
D11 ,Transwolff,78217 ,FOE6C17 ,Midiônibus ,2015,P7,0.006575,5.5e-05
D11 ,Transwolff,78239 ,FCX6B99 ,Midiônibus ,2015,P7,0.006575,5.5e-05
D11 ,Transwolff,78261 ,FJR3J70 ,Midiônibus ,2015,P7,0.006575,5.5e-05
D11 ,Transwolff,78280 ,FJO8H40 ,Midiônibus ,2015,P7,0.006575,5.5e-05
E2 ,Sambaiba,21650 ,FFP3191 ,Articulado ,2015,P7,0.006575,5.5e-05
D11 ,Transwolff,78327 ,GIY9E28 ,Midiônibus ,2015,P7,0.006575,5.5e-05
E2 ,Sambaiba,21651 ,FPK5652 ,Articulado ,2015,P7,0.006575,5.5e-05
E2 ,Sambaiba,21652 ,FIN6583 ,Articulado ,2015,P7,0.006575,5.5e-05
E2 ,Sambaiba,21653 ,FDR9261 ,Articulado ,2015,P7,0.006575,5.5e-05
AR9 ,Transppass,80091 ,FCA8609 ,Básico ,2015,P7,0.006575,5.5e-05
E2 ,Sambaiba,21654 ,BAI7904 ,Articulado ,2015,P7,0.006575,5.5e-05
D11 ,Transwolff,78357 ,FWL5J09 ,Midiônibus ,2015,P7,0.006575,5.5e-05
D11 ,Transwolff,78365 ,GFW8440 ,Midiônibus ,2015,P7,0.006575,5.5e-05
D11 ,Transwolff,78386 ,GEX7F40 ,Midiônibus ,2015,P7,0.006575,5.5e-05
D11 ,Transwolff,78396 ,GEZ5D49 ,Midiônibus ,2015,P7,0.006575,5.5e-05
D11 ,Transwolff,78417 ,FXK8B10 ,Midiônibus ,2015,P7,0.006575,5.5e-05
D1 ,D1,15268 ,FYM8I49 ,Miniônibus ,2015,P7,0.006575,5.5e-05
D11 ,Transwolff,78494 ,FZR1F80 ,Básico ,2015,P7,0.006575,5.5e-05
D1 ,D1,15243 ,FCX9H33 ,Básico ,2015,P7,0.006575,5.5e-05
D1 ,D1,15242 ,FKY9F29 ,Básico ,2015,P7,0.006575,5.5e-05
D11 ,Transwolff,78530 ,FIW1E99 ,Midiônibus ,2015,P7,0.006575,5.5e-05
D11 ,Transwolff,78549 ,GFR2I68 ,Midiônibus ,2015,P7,0.006575,5.5e-05
D11 ,Transwolff,78570 ,FGA9H60 ,Midiônibus ,2015,P7,0.006575,5.5e-05
D11 ,Transwolff,78572 ,GIX9J90 ,Midiônibus ,2015,P7,0.006575,5.5e-05
D11 ,Transwolff,78653 ,GDG7D20 ,Midiônibus ,2015,P7,0.006575,5.5e-05
D11 ,Transwolff,78346 ,FYJ5390 ,Midiônibus ,2015,P7,0.006575,5.5e-05
E2 ,Sambaiba,21645 ,FRZ5174 ,Articulado ,2015,P7,0.006575,5.5e-05
AR9 ,Transppass,80092 ,FCC1398 ,Básico ,2015,P7,0.006575,5.5e-05
AR9 ,Transppass,80095 ,FCP3963 ,Básico ,2015,P7,0.006575,5.5e-05
AR9 ,Transppass,80148 ,FPP4950 ,Básico ,2015,P7,0.006575,5.5e-05
AR9 ,Transppass,80149 ,FCI0157 ,Básico ,2015,P7,0.006575,5.5e-05
AR9 ,Transppass,80151 ,FEG8980 ,Básico ,2015,P7,0.006575,5.5e-05
AR9 ,Transppass,80152 ,FCT5710 ,Básico ,2015,P7,0.006575,5.5e-05
AR9 ,Transppass,80154 ,FCT7816 ,Básico ,2015,P7,0.006575,5.5e-05
AR9 ,Transppass,80155 ,FED2983 ,Básico ,2015,P7,0.006575,5.5e-05
AR9 ,Transppass,80254 ,FAC2670 ,Básico ,2015,P7,0.006575,5.5e-05
AR9 ,Transppass,80258 ,FCD8408 ,Básico ,2015,P7,0.006575,5.5e-05
AR9 ,Transppass,80263 ,FAT7460 ,Básico ,2015,P7,0.006575,5.5e-05
AR9 ,Transppass,80269 ,FBI8547 ,Básico ,2015,P7,0.006575,5.5e-05
AR9 ,Transppass,80271 ,FCR6347 ,Básico ,2015,P7,0.006575,5.5e-05
AR9 ,Transppass,80272 ,FCL3469 ,Básico ,2015,P7,0.006575,5.5e-05
AR9 ,Transppass,80273 ,FEL6219 ,Básico ,2015,P7,0.006575,5.5e-05
AR9 ,Transppass,80274 ,FBQ4A99 ,Básico ,2015,P7,0.006575,5.5e-05
AR9 ,Transppass,80276 ,FCG2437 ,Básico ,2015,P7,0.006575,5.5e-05
AR9 ,Transppass,80278 ,FCM9096 ,Básico ,2015,P7,0.006575,5.5e-05
AR9 ,Transppass,80281 ,FBU9H85 ,Básico ,2015,P7,0.006575,5.5e-05
AR9 ,Transppass,80282 ,FBQ4932 ,Básico ,2015,P7,0.006575,5.5e-05
AR9 ,Transppass,80283 ,FCF9933 ,Básico ,2015,P7,0.006575,5.5e-05
AR9 ,Transppass,80284 ,FEF2938 ,Básico ,2015,P7,0.006575,5.5e-05
AR9 ,Transppass,80285 ,FAX6909 ,Básico ,2015,P7,0.006575,5.5e-05
AR9 ,Transppass,80288 ,FDB3798 ,Básico ,2015,P7,0.006575,5.5e-05
AR9 ,Transppass,80289 ,FCQ2G52 ,Básico ,2015,P7,0.006575,5.5e-05
AR9 ,Transppass,80338 ,FBY4588 ,Básico ,2015,P7,0.006575,5.5e-05
AR9 ,Transppass,80339 ,FBY5328 ,Básico ,2015,P7,0.006575,5.5e-05
AR9 ,Transppass,80341 ,FCP4I65 ,Básico ,2015,P7,0.006575,5.5e-05
AR9 ,Transppass,80342 ,FGJ8024 ,Básico ,2015,P7,0.006575,5.5e-05
AR9 ,Transppass,80343 ,FAA3957 ,Básico ,2015,P7,0.006575,5.5e-05
AR9 ,Transppass,80344 ,FCM6928 ,Básico ,2015,P7,0.006575,5.5e-05
AR9 ,Transppass,80146 ,FBU7854 ,Básico ,2015,P7,0.006575,5.5e-05
AR9 ,Transppass,80145 ,FAT7I50 ,Básico ,2015,P7,0.006575,5.5e-05
AR9 ,Transppass,80144 ,FCT7643 ,Básico ,2015,P7,0.006575,5.5e-05
AR9 ,Transppass,80143 ,FCE2596 ,Básico ,2015,P7,0.006575,5.5e-05
AR9 ,Transppass,80097 ,FBN2598 ,Básico ,2015,P7,0.006575,5.5e-05
AR9 ,Transppass,80098 ,FEF0J59 ,Básico ,2015,P7,0.006575,5.5e-05
AR9 ,Transppass,80099 ,FAE4D31 ,Básico ,2015,P7,0.006575,5.5e-05
AR9 ,Transppass,80101 ,FCC0699 ,Básico ,2015,P7,0.006575,5.5e-05
AR9 ,Transppass,80102 ,FCY9085 ,Básico ,2015,P7,0.006575,5.5e-05
AR9 ,Transppass,80103 ,FAF2645 ,Básico ,2015,P7,0.006575,5.5e-05
AR9 ,Transppass,80104 ,FAT8525 ,Básico ,2015,P7,0.006575,5.5e-05
AR9 ,Transppass,80105 ,FAH6249 ,Básico ,2015,P7,0.006575,5.5e-05
AR9 ,Transppass,80106 ,FAU9424 ,Básico ,2015,P7,0.006575,5.5e-05
AR9 ,Transppass,80107 ,FCA6423 ,Básico ,2015,P7,0.006575,5.5e-05
AR9 ,Transppass,80109 ,FAB5697 ,Básico ,2015,P7,0.006575,5.5e-05
AR9 ,Transppass,80111 ,FAI8090 ,Básico ,2015,P7,0.006575,5.5e-05
AR9 ,Transppass,80112 ,FAR8170 ,Básico ,2015,P7,0.006575,5.5e-05
AR9 ,Transppass,80113 ,FCR5300 ,Básico ,2015,P7,0.006575,5.5e-05
AR9 ,Transppass,80094 ,FAU1523 ,Básico ,2015,P7,0.006575,5.5e-05
AR9 ,Transppass,80114 ,FAS2G39 ,Básico ,2015,P7,0.006575,5.5e-05
AR9 ,Transppass,80122 ,FAJ1B18 ,Básico ,2015,P7,0.006575,5.5e-05
AR9 ,Transppass,80123 ,FCY8138 ,Básico ,2015,P7,0.006575,5.5e-05
AR9 ,Transppass,80124 ,FCQ7974 ,Básico ,2015,P7,0.006575,5.5e-05
AR9 ,Transppass,80127 ,FFM2E56 ,Básico ,2015,P7,0.006575,5.5e-05
AR9 ,Transppass,80128 ,FBV8698 ,Básico ,2015,P7,0.006575,5.5e-05
AR9 ,Transppass,80129 ,FBR1598 ,Básico ,2015,P7,0.006575,5.5e-05
AR9 ,Transppass,80131 ,FCF2310 ,Básico ,2015,P7,0.006575,5.5e-05
AR9 ,Transppass,80132 ,FBB0485 ,Básico ,2015,P7,0.006575,5.5e-05
AR9 ,Transppass,80133 ,FCD3621 ,Básico ,2015,P7,0.006575,5.5e-05
AR9 ,Transppass,80135 ,FCU1547 ,Básico ,2015,P7,0.006575,5.5e-05
AR9 ,Transppass,80136 ,FAC0870 ,Básico ,2015,P7,0.006575,5.5e-05
AR9 ,Transppass,80137 ,FAC6963 ,Básico ,2015,P7,0.006575,5.5e-05
AR9 ,Transppass,80138 ,FCD3089 ,Básico ,2015,P7,0.006575,5.5e-05
AR9 ,Transppass,80141 ,FAC5750 ,Básico ,2015,P7,0.006575,5.5e-05
AR9 ,Transppass,80115 ,FAG3378 ,Básico ,2015,P7,0.006575,5.5e-05
D11 ,Transwolff,78167 ,GGV2G80 ,Midiônibus ,2015,P7,0.006575,5.5e-05
E2 ,Sambaiba,21644 ,FRQ9686 ,Articulado ,2015,P7,0.006575,5.5e-05
D11 ,Transwolff,78125 ,FNA0C18 ,Midiônibus ,2015,P7,0.006575,5.5e-05
E9 ,Gatusa,76321 ,FZM0408 ,Articulado ,2015,P7,0.006575,5.5e-05
E9 ,Gatusa,76322 ,FTQ5171 ,Articulado ,2015,P7,0.006575,5.5e-05
E9 ,Gatusa,76323 ,FVE9577 ,Articulado ,2015,P7,0.006575,5.5e-05
E9 ,Gatusa,76324 ,FZY6690 ,Articulado ,2015,P7,0.006575,5.5e-05
E9 ,Gatusa,76325 ,FLC0990 ,Articulado ,2015,P7,0.006575,5.5e-05
E9 ,Gatusa,76326 ,FOK5939 ,Articulado ,2015,P7,0.006575,5.5e-05
E9 ,Gatusa,76327 ,FWP5194 ,Articulado ,2015,P7,0.006575,5.5e-05
E2 ,Sambaiba,21615 ,FBU7955 ,Articulado ,2015,P7,0.006575,5.5e-05
E9 ,Gatusa,76328 ,FNI1J09 ,Articulado ,2015,P7,0.006575,5.5e-05
E2 ,Sambaiba,21616 ,FYR8130 ,Articulado ,2015,P7,0.006575,5.5e-05
E9 ,Gatusa,76329 ,FZJ3239 ,Articulado ,2015,P7,0.006575,5.5e-05
E9 ,Gatusa,76330 ,FUP8397 ,Articulado ,2015,P7,0.006575,5.5e-05
E9 ,Gatusa,76331 ,FWJ5153 ,Articulado ,2015,P7,0.006575,5.5e-05
E9 ,Gatusa,76332 ,FVT8506 ,Articulado ,2015,P7,0.006575,5.5e-05
E9 ,Gatusa,76333 ,FKP6100 ,Articulado ,2015,P7,0.006575,5.5e-05
E9 ,Gatusa,76334 ,FYC6203 ,Articulado ,2015,P7,0.006575,5.5e-05
E2 ,Sambaiba,21618 ,FCF9573 ,Articulado ,2015,P7,0.006575,5.5e-05
E9 ,Gatusa,76335 ,FDB3535 ,Articulado ,2015,P7,0.006575,5.5e-05
E9 ,Gatusa,76336 ,FZJ7990 ,Articulado ,2015,P7,0.006575,5.5e-05
E2 ,Sambaiba,21619 ,FFJ9D00 ,Articulado ,2015,P7,0.006575,5.5e-05
E9 ,Gatusa,76337 ,FZK2180 ,Articulado ,2015,P7,0.006575,5.5e-05
E9 ,Gatusa,76338 ,FCF5450 ,Articulado ,2015,P7,0.006575,5.5e-05
E9 ,Gatusa,76339 ,FPY4569 ,Articulado ,2015,P7,0.006575,5.5e-05
E9 ,Gatusa,76340 ,FIK2489 ,Articulado ,2015,P7,0.006575,5.5e-05
E9 ,Gatusa,76378 ,FTB4H32 ,Articulado ,2015,P7,0.006575,5.5e-05
E9 ,Gatusa,76379 ,FTN9D26 ,Articulado ,2015,P7,0.006575,5.5e-05
E9 ,Gatusa,76380 ,FTN0H82 ,Articulado ,2015,P7,0.006575,5.5e-05
E9 ,Gatusa,76381 ,FTB6J24 ,Articulado ,2015,P7,0.006575,5.5e-05
E2 ,Sambaiba,21620 ,FKC8296 ,Articulado ,2015,P7,0.006575,5.5e-05
E2 ,Sambaiba,21614 ,FOW9537 ,Articulado ,2015,P7,0.006575,5.5e-05
E2 ,Sambaiba,21613 ,FFL1794 ,Articulado ,2015,P7,0.006575,5.5e-05
E2 ,Sambaiba,21612 ,FIK7857 ,Articulado ,2015,P7,0.006575,5.5e-05
E2 ,Sambaiba,21611 ,FXR2H74 ,Articulado ,2015,P7,0.006575,5.5e-05
E7 ,Metropole,73856 ,FOU7259 ,Articulado ,2015,P7,0.006575,5.5e-05
E7 ,Metropole,73857 ,FCS6840 ,Articulado ,2015,P7,0.006575,5.5e-05
E7 ,Metropole,73858 ,FIO2371 ,Articulado ,2015,P7,0.006575,5.5e-05
E7 ,Metropole,73859 ,FHB4782 ,Articulado ,2015,P7,0.006575,5.5e-05
E7 ,Metropole,73860 ,FVX6403 ,Articulado ,2015,P7,0.006575,5.5e-05
E7 ,Metropole,73861 ,FEL5914 ,Articulado ,2015,P7,0.006575,5.5e-05
E7 ,Metropole,73862 ,FRY0994 ,Articulado ,2015,P7,0.006575,5.5e-05
E7 ,Metropole,73863 ,FOE6275 ,Articulado ,2015,P7,0.006575,5.5e-05
E7 ,Metropole,73864 ,FPZ2096 ,Articulado ,2015,P7,0.006575,5.5e-05
E7 ,Metropole,73865 ,FZL1330 ,Articulado ,2015,P7,0.006575,5.5e-05
E2 ,Sambaiba,21591 ,FEF0387 ,Articulado ,2015,P7,0.006575,5.5e-05
E2 ,Sambaiba,21592 ,FAB3505 ,Articulado ,2015,P7,0.006575,5.5e-05
E2 ,Sambaiba,21593 ,FVG0243 ,Articulado ,2015,P7,0.006575,5.5e-05
E2 ,Sambaiba,21594 ,FZG5193 ,Articulado ,2015,P7,0.006575,5.5e-05
E9 ,Gatusa,76382 ,FTN6J42 ,Articulado ,2015,P7,0.006575,5.5e-05
E2 ,Sambaiba,21595 ,FWB4852 ,Articulado ,2015,P7,0.006575,5.5e-05
E2 ,Sambaiba,21597 ,FJO3B97 ,Articulado ,2015,P7,0.006575,5.5e-05
E2 ,Sambaiba,21598 ,FDR7G86 ,Articulado ,2015,P7,0.006575,5.5e-05
E2 ,Sambaiba,21599 ,FMU6095 ,Articulado ,2015,P7,0.006575,5.5e-05
E2 ,Sambaiba,21600 ,FDR6274 ,Articulado ,2015,P7,0.006575,5.5e-05
E2 ,Sambaiba,21601 ,FLI5132 ,Articulado ,2015,P7,0.006575,5.5e-05
E2 ,Sambaiba,21602 ,FQM8310 ,Articulado ,2015,P7,0.006575,5.5e-05
E2 ,Sambaiba,21603 ,FPP9693 ,Articulado ,2015,P7,0.006575,5.5e-05
E2 ,Sambaiba,21604 ,FOQ3811 ,Articulado ,2015,P7,0.006575,5.5e-05
E2 ,Sambaiba,21605 ,FKC1781 ,Articulado ,2015,P7,0.006575,5.5e-05
E2 ,Sambaiba,21606 ,FTK4J06 ,Articulado ,2015,P7,0.006575,5.5e-05
E2 ,Sambaiba,21607 ,FOT6640 ,Articulado ,2015,P7,0.006575,5.5e-05
E2 ,Sambaiba,21608 ,FWR2927 ,Articulado ,2015,P7,0.006575,5.5e-05
E2 ,Sambaiba,21609 ,FIW2174 ,Articulado ,2015,P7,0.006575,5.5e-05
E2 ,Sambaiba,21610 ,FCQ1176 ,Articulado ,2015,P7,0.006575,5.5e-05
E2 ,Sambaiba,21596 ,FZC4291 ,Articulado ,2015,P7,0.006575,5.5e-05
E9 ,Gatusa,76383 ,FST3G57 ,Articulado ,2015,P7,0.006575,5.5e-05
E9 ,Gatusa,76384 ,FHK3D10 ,Articulado ,2015,P7,0.006575,5.5e-05
E9 ,Gatusa,76385 ,FII3H00 ,Articulado ,2015,P7,0.006575,5.5e-05
E2 ,Sambaiba,21640 ,FDU2375 ,Articulado ,2015,P7,0.006575,5.5e-05
AR7 ,KBPX,77912 ,FAR1725 ,Padron ,2015,P7,0.006575,5.5e-05
AR7 ,KBPX,77913 ,FIL5159 ,Padron ,2015,P7,0.006575,5.5e-05
AR7 ,KBPX,77914 ,FBB0866 ,Padron ,2015,P7,0.006575,5.5e-05
AR7 ,KBPX,77915 ,FCI8040 ,Padron ,2015,P7,0.006575,5.5e-05
AR7 ,KBPX,77916 ,FAU8627 ,Padron ,2015,P7,0.006575,5.5e-05
AR7 ,KBPX,77917 ,FBS8804 ,Padron ,2015,P7,0.006575,5.5e-05
AR7 ,KBPX,77918 ,FCI9467 ,Padron ,2015,P7,0.006575,5.5e-05
AR7 ,KBPX,77919 ,FAB9519 ,Padron ,2015,P7,0.006575,5.5e-05
AR7 ,KBPX,77920 ,FML5420 ,Padron ,2015,P7,0.006575,5.5e-05
AR7 ,KBPX,77921 ,FNF5350 ,Padron ,2015,P7,0.006575,5.5e-05
AR7 ,KBPX,77922 ,FBI3043 ,Padron ,2015,P7,0.006575,5.5e-05
AR7 ,KBPX,77923 ,FTG1A62 ,Padron ,2015,P7,0.006575,5.5e-05
AR7 ,KBPX,77924 ,FCW9B70 ,Padron ,2015,P7,0.006575,5.5e-05
E2 ,Sambaiba,21639 ,FNT2544 ,Articulado ,2015,P7,0.006575,5.5e-05
AR7 ,KBPX,77925 ,FHU1864 ,Padron ,2015,P7,0.006575,5.5e-05
AR7 ,KBPX,77927 ,FLO5C40 ,Padron ,2015,P7,0.006575,5.5e-05
D11 ,Transwolff,78001 ,GIR7F49 ,Midiônibus ,2015,P7,0.006575,5.5e-05
D11 ,Transwolff,78017 ,FRQ8B65 ,Básico ,2015,P7,0.006575,5.5e-05
D11 ,Transwolff,78058 ,GCB3A10 ,Básico ,2015,P7,0.006575,5.5e-05
D11 ,Transwolff,78061 ,FVB0J60 ,Midiônibus ,2015,P7,0.006575,5.5e-05
D11 ,Transwolff,78072 ,FON2D80 ,Midiônibus ,2015,P7,0.006575,5.5e-05
E2 ,Sambaiba,21641 ,FYO8204 ,Articulado ,2015,P7,0.006575,5.5e-05
E2 ,Sambaiba,21642 ,FRI7885 ,Articulado ,2015,P7,0.006575,5.5e-05
D11 ,Transwolff,78084 ,FPF1080 ,Midiônibus ,2015,P7,0.006575,5.5e-05
E2 ,Sambaiba,21643 ,FED9627 ,Articulado ,2015,P7,0.006575,5.5e-05
D11 ,Transwolff,78091 ,FDS8280 ,Básico ,2015,P7,0.006575,5.5e-05
D11 ,Transwolff,78112 ,FRU5G50 ,Midiônibus ,2015,P7,0.006575,5.5e-05
D11 ,Transwolff,78113 ,FPN7A49 ,Midiônibus ,2015,P7,0.006575,5.5e-05
D11 ,Transwolff,78119 ,FVE7I10 ,Midiônibus ,2015,P7,0.006575,5.5e-05
AR7 ,KBPX,77926 ,FCD3028 ,Padron ,2015,P7,0.006575,5.5e-05
AR9 ,Transppass,80345 ,FCI6724 ,Básico ,2015,P7,0.006575,5.5e-05
E2 ,Sambaiba,21638 ,FOZ7199 ,Articulado ,2015,P7,0.006575,5.5e-05
E2 ,Sambaiba,21636 ,FCJ0012 ,Articulado ,2015,P7,0.006575,5.5e-05
E2 ,Sambaiba,21621 ,FXN1797 ,Articulado ,2015,P7,0.006575,5.5e-05
E9 ,Gatusa,76386 ,FXE0E97 ,Articulado ,2015,P7,0.006575,5.5e-05
E9 ,Gatusa,76387 ,FAN9B58 ,Articulado ,2015,P7,0.006575,5.5e-05
E2 ,Sambaiba,21622 ,FBY2903 ,Articulado ,2015,P7,0.006575,5.5e-05
E2 ,Sambaiba,21623 ,FZV4132 ,Articulado ,2015,P7,0.006575,5.5e-05
E2 ,Sambaiba,21624 ,FBY2683 ,Articulado ,2015,P7,0.006575,5.5e-05
E2 ,Sambaiba,21625 ,FCQ3598 ,Articulado ,2015,P7,0.006575,5.5e-05
E2 ,Sambaiba,21626 ,FXL1224 ,Articulado ,2015,P7,0.006575,5.5e-05
E8 ,C Belo,71728 ,FWK3578 ,Articulado ,2015,P7,0.006575,5.5e-05
E2 ,Sambaiba,21627 ,FFM8721 ,Articulado ,2015,P7,0.006575,5.5e-05
E2 ,Sambaiba,21628 ,FSW2026 ,Articulado ,2015,P7,0.006575,5.5e-05
E2 ,Sambaiba,21629 ,FXY8557 ,Articulado ,2015,P7,0.006575,5.5e-05
E2 ,Sambaiba,21630 ,FCX3978 ,Articulado ,2015,P7,0.006575,5.5e-05
E2 ,Sambaiba,21631 ,FRS4365 ,Articulado ,2015,P7,0.006575,5.5e-05
E2 ,Sambaiba,21637 ,FCU8608 ,Articulado ,2015,P7,0.006575,5.5e-05
E2 ,Sambaiba,21632 ,FXG9919 ,Articulado ,2015,P7,0.006575,5.5e-05
E2 ,Sambaiba,21634 ,FVM1471 ,Articulado ,2015,P7,0.006575,5.5e-05
AR7 ,KBPX,77900 ,FCL4D28 ,Padron ,2015,P7,0.006575,5.5e-05
AR7 ,KBPX,77901 ,FAT1659 ,Padron ,2015,P7,0.006575,5.5e-05
AR7 ,KBPX,77902 ,FBF0890 ,Padron ,2015,P7,0.006575,5.5e-05
AR7 ,KBPX,77903 ,FQQ1954 ,Padron ,2015,P7,0.006575,5.5e-05
AR7 ,KBPX,77904 ,FCD7260 ,Padron ,2015,P7,0.006575,5.5e-05
AR7 ,KBPX,77905 ,FCP0970 ,Padron ,2015,P7,0.006575,5.5e-05
AR7 ,KBPX,77906 ,FHB4893 ,Padron ,2015,P7,0.006575,5.5e-05
AR7 ,KBPX,77907 ,FAU6046 ,Padron ,2015,P7,0.006575,5.5e-05
AR7 ,KBPX,77908 ,FNT3885 ,Padron ,2015,P7,0.006575,5.5e-05
AR7 ,KBPX,77909 ,FCG0827 ,Padron ,2015,P7,0.006575,5.5e-05
AR7 ,KBPX,77910 ,FAV4541 ,Padron ,2015,P7,0.006575,5.5e-05
AR7 ,KBPX,77911 ,FCF2357 ,Padron ,2015,P7,0.006575,5.5e-05
E2 ,Sambaiba,21635 ,FXJ4387 ,Articulado ,2015,P7,0.006575,5.5e-05
E2 ,Sambaiba,21633 ,FIE3020 ,Articulado ,2015,P7,0.006575,5.5e-05
AR9 ,Transppass,80346 ,FBS8145 ,Básico ,2015,P7,0.006575,5.5e-05
D11 ,Transwolff,78132 ,GDO6F50 ,Midiônibus ,2015,P7,0.006575,5.5e-05
AR9 ,Transppass,80358 ,FCU1152 ,Básico ,2015,P7,0.006575,5.5e-05
E8 ,C Belo,71737 ,FKH3511 ,Articulado ,2015,P7,0.006575,5.5e-05
E8 ,C Belo,71736 ,FKS6880 ,Articulado ,2015,P7,0.006575,5.5e-05
E8 ,C Belo,71735 ,FNZ4729 ,Articulado ,2015,P7,0.006575,5.5e-05
AR1 ,Brigida,10437 ,FUT5617 ,Padron ,2015,P7,0.006575,5.5e-05
AR1 ,Brigida,10436 ,FRN5176 ,Padron ,2015,P7,0.006575,5.5e-05
AR1 ,Brigida,10435 ,FTL6905 ,Padron ,2015,P7,0.006575,5.5e-05
E8 ,C Belo,71755 ,GAJ7865 ,Articulado ,2015,P7,0.006575,5.5e-05
E8 ,C Belo,71756 ,FSN8246 ,Articulado ,2015,P7,0.006575,5.5e-05
E8 ,C Belo,71757 ,FUA6437 ,Articulado ,2015,P7,0.006575,5.5e-05
E8 ,C Belo,71758 ,GAA7238 ,Articulado ,2015,P7,0.006575,5.5e-05
E8 ,C Belo,71759 ,GAF2407 ,Articulado ,2015,P7,0.006575,5.5e-05
AR1 ,Brigida,10434 ,FTS8764 ,Padron ,2015,P7,0.006575,5.5e-05
AR1 ,Brigida,10433 ,FUT7243 ,Padron ,2015,P7,0.006575,5.5e-05
AR1 ,Brigida,10432 ,FSX9362 ,Padron ,2015,P7,0.006575,5.5e-05
AR1 ,Brigida,10431 ,FUJ6391 ,Padron ,2015,P7,0.006575,5.5e-05
E8 ,C Belo,71738 ,FSX7312 ,Articulado ,2015,P7,0.006575,5.5e-05
E1 ,Brigida,11050 ,FCK5150 ,Articulado ,2015,P7,0.006575,5.5e-05
AR8 ,G Preto,82500 ,FZP3729 ,Padron ,2015,P7,0.006575,5.5e-05
AR8 ,G Preto,82499 ,FUD7529 ,Padron ,2015,P7,0.006575,5.5e-05
E1 ,Brigida,11045 ,FVT7605 ,Articulado ,2015,P7,0.006575,5.5e-05
E1 ,Brigida,11046 ,FYI0556 ,Articulado ,2015,P7,0.006575,5.5e-05
E1 ,Brigida,11047 ,FQU9257 ,Articulado ,2015,P7,0.006575,5.5e-05
E1 ,Brigida,11048 ,FBV4518 ,Articulado ,2015,P7,0.006575,5.5e-05
E8 ,Transppass,81626 ,FHX8C34 ,Padron ,2015,P7,0.006575,5.5e-05
E1 ,Brigida,11049 ,FMW8159 ,Articulado ,2015,P7,0.006575,5.5e-05
E8 ,Transppass,81627 ,FJX3F86 ,Padron ,2015,P7,0.006575,5.5e-05
AR1 ,Brigida,10430 ,FZY2640 ,Padron ,2015,P7,0.006575,5.5e-05
AR8 ,G Preto,82480 ,FTK5843 ,Articulado ,2015,P7,0.006575,5.5e-05
AR8 ,G Preto,82482 ,FFW3670 ,Articulado ,2015,P7,0.006575,5.5e-05
AR8 ,G Preto,82483 ,FSX8H11 ,Articulado ,2015,P7,0.006575,5.5e-05
AR8 ,G Preto,82494 ,FIG9241 ,Padron ,2015,P7,0.006575,5.5e-05
AR8 ,G Preto,82495 ,FJX7812 ,Padron ,2015,P7,0.006575,5.5e-05
AR8 ,G Preto,82496 ,FVN5301 ,Padron ,2015,P7,0.006575,5.5e-05
AR8 ,G Preto,82497 ,FOQ2430 ,Padron ,2015,P7,0.006575,5.5e-05
AR8 ,G Preto,82498 ,FPD9470 ,Padron ,2015,P7,0.006575,5.5e-05
AR8 ,G Preto,82481 ,FRV2074 ,Articulado ,2015,P7,0.006575,5.5e-05
E1 ,Brigida,11044 ,FVK1404 ,Articulado ,2015,P7,0.006575,5.5e-05
E8 ,C Belo,71734 ,FPE9894 ,Articulado ,2015,P7,0.006575,5.5e-05
AR8 ,G Preto,82518 ,FKV6817 ,Padron ,2015,P7,0.006575,5.5e-05
AR8 ,G Preto,82503 ,FSK1561 ,Padron ,2015,P7,0.006575,5.5e-05
AR8 ,G Preto,82502 ,FXS4918 ,Padron ,2015,P7,0.006575,5.5e-05
AR8 ,G Preto,82501 ,FMJ7420 ,Padron ,2015,P7,0.006575,5.5e-05
E1 ,Brigida,11438 ,FST0348 ,Padron ,2015,P7,0.006575,5.5e-05
E1 ,Brigida,11450 ,FWK5930 ,Padron ,2015,P7,0.006575,5.5e-05
E1 ,Brigida,11449 ,FTF1439 ,Padron ,2015,P7,0.006575,5.5e-05
E1 ,Brigida,11448 ,FTL5708 ,Padron ,2015,P7,0.006575,5.5e-05
E1 ,Brigida,11447 ,FUW6347 ,Padron ,2015,P7,0.006575,5.5e-05
E1 ,Brigida,11446 ,FTH5846 ,Padron ,2015,P7,0.006575,5.5e-05
E1 ,Brigida,11445 ,FUH4765 ,Padron ,2015,P7,0.006575,5.5e-05
E1 ,Brigida,11439 ,FQR0549 ,Padron ,2015,P7,0.006575,5.5e-05
E1 ,Brigida,11444 ,FRR2564 ,Padron ,2015,P7,0.006575,5.5e-05
E1 ,Brigida,11443 ,FUU7513 ,Padron ,2015,P7,0.006575,5.5e-05
E1 ,Brigida,11442 ,FSO5872 ,Padron ,2015,P7,0.006575,5.5e-05
E1 ,Brigida,11441 ,FTN2071 ,Padron ,2015,P7,0.006575,5.5e-05
AR8 ,G Preto,82504 ,FTV2472 ,Padron ,2015,P7,0.006575,5.5e-05
AR8 ,G Preto,82505 ,FSR6913 ,Padron ,2015,P7,0.006575,5.5e-05
AR8 ,G Preto,82506 ,FZC6718 ,Padron ,2015,P7,0.006575,5.5e-05
AR8 ,G Preto,82507 ,FEF7319 ,Padron ,2015,P7,0.006575,5.5e-05
AR8 ,G Preto,82517 ,FPG3594 ,Padron ,2015,P7,0.006575,5.5e-05
AR8 ,G Preto,82516 ,FNU8708 ,Padron ,2015,P7,0.006575,5.5e-05
AR8 ,G Preto,82515 ,FXS7965 ,Padron ,2015,P7,0.006575,5.5e-05
AR8 ,G Preto,82514 ,FUW4897 ,Padron ,2015,P7,0.006575,5.5e-05
E8 ,C Belo,71730 ,FCX5150 ,Articulado ,2015,P7,0.006575,5.5e-05
E8 ,C Belo,71731 ,FHF3541 ,Articulado ,2015,P7,0.006575,5.5e-05
E8 ,C Belo,71732 ,FTB9842 ,Articulado ,2015,P7,0.006575,5.5e-05
AR1 ,Brigida,10429 ,FUX2789 ,Padron ,2015,P7,0.006575,5.5e-05
E8 ,C Belo,71733 ,FZN2153 ,Articulado ,2015,P7,0.006575,5.5e-05
AR1 ,Brigida,10428 ,FQR2635 ,Padron ,2015,P7,0.006575,5.5e-05
AR8 ,G Preto,82513 ,FCX9208 ,Padron ,2015,P7,0.006575,5.5e-05
AR8 ,G Preto,82512 ,FOE8210 ,Padron ,2015,P7,0.006575,5.5e-05
AR8 ,G Preto,82511 ,FSW4503 ,Padron ,2015,P7,0.006575,5.5e-05
AR8 ,G Preto,82510 ,FOS5206 ,Padron ,2015,P7,0.006575,5.5e-05
AR8 ,G Preto,82509 ,FNB2385 ,Padron ,2015,P7,0.006575,5.5e-05
AR8 ,G Preto,82508 ,FPC9814 ,Padron ,2015,P7,0.006575,5.5e-05
AR1 ,Brigida,10427 ,FUV5397 ,Padron ,2015,P7,0.006575,5.5e-05
E8 ,C Belo,71739 ,FPO1773 ,Articulado ,2015,P7,0.006575,5.5e-05
E1 ,Brigida,11440 ,FXW3180 ,Padron ,2015,P7,0.006575,5.5e-05
E8 ,C Belo,71745 ,GAI1555 ,Articulado ,2015,P7,0.006575,5.5e-05
E8 ,Transppass,81277 ,FBY6C11 ,Básico ,2015,P7,0.006575,5.5e-05
E8 ,Transppass,81275 ,FAP7214 ,Básico ,2015,P7,0.006575,5.5e-05
E8 ,Transppass,81255 ,FAM9980 ,Básico ,2015,P7,0.006575,5.5e-05
E8 ,Transppass,81159 ,FFN0940 ,Básico ,2015,P7,0.006575,5.5e-05
E8 ,Transppass,81079 ,FBG4476 ,Básico ,2015,P7,0.006575,5.5e-05
AR9 ,Transppass,80625 ,FKD3I95 ,Padron ,2015,P7,0.006575,5.5e-05
E8 ,C Belo,71752 ,FSD4682 ,Articulado ,2015,P7,0.006575,5.5e-05
AR9 ,Transppass,80347 ,FCV8482 ,Básico ,2015,P7,0.006575,5.5e-05
E8 ,C Belo,71742 ,FQU5532 ,Articulado ,2015,P7,0.006575,5.5e-05
AR9 ,Transppass,80628 ,GJV9D64 ,Padron ,2015,P7,0.006575,5.5e-05
AR9 ,Transppass,80995 ,FAR8243 ,Básico ,2015,P7,0.006575,5.5e-05
E1 ,Brigida,11041 ,FVG6851 ,Articulado ,2015,P7,0.006575,5.5e-05
E8 ,C Belo,71741 ,FRC8561 ,Articulado ,2015,P7,0.006575,5.5e-05
AR9 ,Transppass,80999 ,FCK5590 ,Básico ,2015,P7,0.006575,5.5e-05
AR9 ,Transppass,80997 ,FBD4238 ,Básico ,2015,P7,0.006575,5.5e-05
AR9 ,Transppass,80996 ,FCA2370 ,Básico ,2015,P7,0.006575,5.5e-05
E8 ,C Belo,71744 ,FQH9804 ,Articulado ,2015,P7,0.006575,5.5e-05
AR9 ,Transppass,80624 ,FWM1F38 ,Padron ,2015,P7,0.006575,5.5e-05
E8 ,C Belo,71753 ,FRQ5283 ,Articulado ,2015,P7,0.006575,5.5e-05
AR9 ,Transppass,80623 ,FCF9432 ,Padron ,2015,P7,0.006575,5.5e-05
AR9 ,Transppass,80622 ,FVT4C93 ,Padron ,2015,P7,0.006575,5.5e-05
AR9 ,Transppass,80359 ,FCF3750 ,Básico ,2015,P7,0.006575,5.5e-05
AR9 ,Transppass,80361 ,FIS3604 ,Básico ,2015,P7,0.006575,5.5e-05
E8 ,C Belo,71746 ,FQM8596 ,Articulado ,2015,P7,0.006575,5.5e-05
E8 ,C Belo,71743 ,FQG8213 ,Articulado ,2015,P7,0.006575,5.5e-05
E8 ,C Belo,71747 ,GAF3067 ,Articulado ,2015,P7,0.006575,5.5e-05
D12 ,Transcap,85467 ,FHK8418 ,Midiônibus ,2015,P7,0.006575,5.5e-05
AR9 ,Transppass,80362 ,FFA5488 ,Básico ,2015,P7,0.006575,5.5e-05
E8 ,C Belo,71740 ,FUB4630 ,Articulado ,2015,P7,0.006575,5.5e-05
AR9 ,Transppass,80363 ,FEG9590 ,Básico ,2015,P7,0.006575,5.5e-05
E1 ,Brigida,11043 ,FVG9133 ,Articulado ,2015,P7,0.006575,5.5e-05
E1 ,Brigida,11042 ,FOV8882 ,Articulado ,2015,P7,0.006575,5.5e-05
E8 ,C Belo,71748 ,GAJ9108 ,Articulado ,2015,P7,0.006575,5.5e-05
D12 ,Transcap,85468 ,FEI2459 ,Midiônibus ,2015,P7,0.006575,5.5e-05
AR9 ,Transppass,80620 ,FPW2I50 ,Padron ,2015,P7,0.006575,5.5e-05
E8 ,C Belo,71749 ,GAC5699 ,Articulado ,2015,P7,0.006575,5.5e-05
AR9 ,Transppass,80621 ,FGA4D59 ,Padron ,2015,P7,0.006575,5.5e-05
E8 ,C Belo,71750 ,GAI1430 ,Articulado ,2015,P7,0.006575,5.5e-05
E8 ,C Belo,71751 ,FSW2631 ,Articulado ,2015,P7,0.006575,5.5e-05
D12 ,Transcap,85469 ,GDC3F30 ,Midiônibus ,2015,P7,0.006575,5.5e-05
E8 ,C Belo,71754 ,FQZ8514 ,Articulado ,2015,P7,0.006575,5.5e-05
D5 ,Pêssego,47178 ,GEE8277 ,Midiônibus ,2016,P7,0.006575,5.5e-05
D1 ,Norte Buss,16499 ,FSY2609 ,Miniônibus ,2016,P7,0.006575,5.5e-05
E3 ,Metropole,31193 ,GCM1845 ,Articulado ,2016,P7,0.006575,5.5e-05
E3 ,Metropole,31194 ,GGH1191 ,Articulado ,2016,P7,0.006575,5.5e-05
E3 ,Metropole,31195 ,GIO5988 ,Articulado ,2016,P7,0.006575,5.5e-05
E3 ,Metropole,31196 ,GJI9549 ,Articulado ,2016,P7,0.006575,5.5e-05
D1 ,Norte Buss,16774 ,FTT6878 ,Miniônibus ,2016,P7,0.006575,5.5e-05
D1 ,Norte Buss,16772 ,GFM8780 ,Miniônibus ,2016,P7,0.006575,5.5e-05
E3 ,Metropole,31191 ,GBK9985 ,Articulado ,2016,P7,0.006575,5.5e-05
D1 ,Norte Buss,16761 ,FAY6451 ,Miniônibus ,2016,P7,0.006575,5.5e-05
D1 ,Norte Buss,16724 ,FKS4924 ,Miniônibus ,2016,P7,0.006575,5.5e-05
E3 ,Metropole,31357 ,GBS8795 ,Articulado ,2016,P7,0.006575,5.5e-05
D1 ,Norte Buss,16683 ,GFF0G39 ,Miniônibus ,2016,P7,0.006575,5.5e-05
D1 ,Norte Buss,16503 ,GEL1510 ,Miniônibus ,2016,P7,0.006575,5.5e-05
D1 ,Norte Buss,16671 ,FCU5411 ,Miniônibus ,2016,P7,0.006575,5.5e-05
E3 ,Metropole,31192 ,GCO8591 ,Articulado ,2016,P7,0.006575,5.5e-05
E3 ,Metropole,31190 ,GFH2219 ,Articulado ,2016,P7,0.006575,5.5e-05
E5 ,Mobibrasil,63172 ,GBS3533 ,Padron ,2016,P7,0.006575,5.5e-05
D5 ,Pêssego,47197 ,FBI0587 ,Midiônibus ,2016,P7,0.006575,5.5e-05
D5 ,Pêssego,47594 ,GCW6H69 ,Midiônibus ,2016,P7,0.006575,5.5e-05
E3 ,Metropole,31172 ,FFC8255 ,Articulado ,2016,P7,0.006575,5.5e-05
E3 ,Metropole,31173 ,GBO2519 ,Articulado ,2016,P7,0.006575,5.5e-05
D1 ,Norte Buss,16470 ,GGB7520 ,Miniônibus ,2016,P7,0.006575,5.5e-05
E3 ,Metropole,31174 ,GKF4064 ,Articulado ,2016,P7,0.006575,5.5e-05
D5 ,Pêssego,47579 ,GEK4209 ,Midiônibus ,2016,P7,0.006575,5.5e-05
E3 ,Metropole,31175 ,GAP1269 ,Articulado ,2016,P7,0.006575,5.5e-05
E3 ,Metropole,31177 ,GJR9124 ,Articulado ,2016,P7,0.006575,5.5e-05
E3 ,Metropole,31178 ,GGY3417 ,Articulado ,2016,P7,0.006575,5.5e-05
E3 ,Metropole,31179 ,GHH5854 ,Articulado ,2016,P7,0.006575,5.5e-05
E3 ,Metropole,31180 ,GFL4617 ,Articulado ,2016,P7,0.006575,5.5e-05
E3 ,Metropole,31181 ,GJI3308 ,Articulado ,2016,P7,0.006575,5.5e-05
D5 ,Pêssego,47565 ,GJT3680 ,Miniônibus ,2016,P7,0.006575,5.5e-05
E3 ,Metropole,31182 ,GGR9616 ,Articulado ,2016,P7,0.006575,5.5e-05
D5 ,Pêssego,47379 ,GHD9500 ,Midiônibus ,2016,P7,0.006575,5.5e-05
E3 ,Metropole,31183 ,GGK9712 ,Articulado ,2016,P7,0.006575,5.5e-05
E3 ,Metropole,31184 ,GJW2427 ,Articulado ,2016,P7,0.006575,5.5e-05
D5 ,Pêssego,47338 ,FJV0179 ,Básico ,2016,P7,0.006575,5.5e-05
E3 ,Metropole,31185 ,GJJ5786 ,Articulado ,2016,P7,0.006575,5.5e-05
D5 ,Pêssego,47297 ,FGX1771 ,Miniônibus ,2016,P7,0.006575,5.5e-05
D5 ,Pêssego,47290 ,GHJ8834 ,Midiônibus ,2016,P7,0.006575,5.5e-05
E3 ,Metropole,31186 ,GAO5963 ,Articulado ,2016,P7,0.006575,5.5e-05
D5 ,Pêssego,47275 ,FLA5J01 ,Miniônibus ,2016,P7,0.006575,5.5e-05
E3 ,Metropole,31187 ,GGH5787 ,Articulado ,2016,P7,0.006575,5.5e-05
D5 ,Pêssego,47229 ,GKI8666 ,Midiônibus ,2016,P7,0.006575,5.5e-05
D5 ,Pêssego,47227 ,FLO6501 ,Básico ,2016,P7,0.006575,5.5e-05
D5 ,Pêssego,47198 ,GHQ8517 ,Midiônibus ,2016,P7,0.006575,5.5e-05
E3 ,Metropole,31189 ,GJV9485 ,Articulado ,2016,P7,0.006575,5.5e-05
D1 ,Norte Buss,16490 ,FZL4668 ,Miniônibus ,2016,P7,0.006575,5.5e-05
D5 ,Pêssego,47181 ,GIN3171 ,Miniônibus ,2016,P7,0.006575,5.5e-05
E3 ,Metropole,31188 ,GDF3848 ,Articulado ,2016,P7,0.006575,5.5e-05
E5 ,Mobibrasil,63287 ,GEB8C27 ,Padron ,2016,P7,0.006575,5.5e-05
E5 ,Mobibrasil,63313 ,FZV3441 ,Articulado ,2016,P7,0.006575,5.5e-05
D5 ,Pêssego,47145 ,DPA1359 ,Midiônibus ,2016,P7,0.006575,5.5e-05
D5 ,Pêssego,47149 ,GIS0337 ,Básico ,2016,P7,0.006575,5.5e-05
E3 ,Metropole,31171 ,GHC4571 ,Articulado ,2016,P7,0.006575,5.5e-05
E5 ,Mobibrasil,63189 ,GCD3G68 ,Padron ,2016,P7,0.006575,5.5e-05
E5 ,Mobibrasil,63188 ,FIM6434 ,Padron ,2016,P7,0.006575,5.5e-05
D1 ,Norte Buss,16536 ,FUF8626 ,Miniônibus ,2016,P7,0.006575,5.5e-05
D1 ,Norte Buss,16542 ,GHK3150 ,Miniônibus ,2016,P7,0.006575,5.5e-05
D1 ,Norte Buss,16546 ,GFM2928 ,Miniônibus ,2016,P7,0.006575,5.5e-05
E5 ,Mobibrasil,63186 ,FFI9992 ,Padron ,2016,P7,0.006575,5.5e-05
D1 ,Norte Buss,16565 ,FKP8243 ,Miniônibus ,2016,P7,0.006575,5.5e-05
E5 ,Mobibrasil,63185 ,GEL6880 ,Padron ,2016,P7,0.006575,5.5e-05
D1 ,Norte Buss,16566 ,FFS4969 ,Miniônibus ,2016,P7,0.006575,5.5e-05
D1 ,Norte Buss,16571 ,FON6449 ,Miniônibus ,2016,P7,0.006575,5.5e-05
E5 ,Mobibrasil,63164 ,FWZ9111 ,Padron ,2016,P7,0.006575,5.5e-05
D5 ,Pêssego,47130 ,GED1I89 ,Midiônibus ,2016,P7,0.006575,5.5e-05
E5 ,Mobibrasil,63184 ,FJX8882 ,Padron ,2016,P7,0.006575,5.5e-05
E5 ,Mobibrasil,63166 ,FVZ6644 ,Padron ,2016,P7,0.006575,5.5e-05
E5 ,Mobibrasil,63167 ,FCH3E38 ,Padron ,2016,P7,0.006575,5.5e-05
E5 ,Mobibrasil,63183 ,GIW6030 ,Padron ,2016,P7,0.006575,5.5e-05
E5 ,Mobibrasil,63168 ,GDP2663 ,Padron ,2016,P7,0.006575,5.5e-05
E5 ,Mobibrasil,63169 ,FJY1009 ,Padron ,2016,P7,0.006575,5.5e-05
E5 ,Mobibrasil,63182 ,GAV4282 ,Padron ,2016,P7,0.006575,5.5e-05
E5 ,Mobibrasil,63181 ,FCX7223 ,Padron ,2016,P7,0.006575,5.5e-05
E5 ,Mobibrasil,63180 ,GGD4414 ,Padron ,2016,P7,0.006575,5.5e-05
E5 ,Mobibrasil,63179 ,FBE1D21 ,Padron ,2016,P7,0.006575,5.5e-05
E5 ,Mobibrasil,63170 ,FFW6227 ,Padron ,2016,P7,0.006575,5.5e-05
E5 ,Mobibrasil,63178 ,FCK9161 ,Padron ,2016,P7,0.006575,5.5e-05
E5 ,Mobibrasil,63176 ,FPI8281 ,Padron ,2016,P7,0.006575,5.5e-05
E5 ,Mobibrasil,63175 ,FCG4D77 ,Padron ,2016,P7,0.006575,5.5e-05
E5 ,Mobibrasil,63174 ,GGK9D34 ,Padron ,2016,P7,0.006575,5.5e-05
E5 ,Mobibrasil,63165 ,FEZ2E27 ,Padron ,2016,P7,0.006575,5.5e-05
D1 ,Norte Buss,16633 ,FPC6633 ,Miniônibus ,2016,P7,0.006575,5.5e-05
D5 ,Pêssego,47121 ,GIB4460 ,Midiônibus ,2016,P7,0.006575,5.5e-05
D5 ,Pêssego,47101 ,GII0898 ,Miniônibus ,2016,P7,0.006575,5.5e-05
E5 ,Mobibrasil,63312 ,GHB8880 ,Articulado ,2016,P7,0.006575,5.5e-05
E5 ,Mobibrasil,63311 ,GJF7817 ,Articulado ,2016,P7,0.006575,5.5e-05
E5 ,Mobibrasil,63310 ,FVY1F12 ,Articulado ,2016,P7,0.006575,5.5e-05
E5 ,Mobibrasil,63309 ,GED3J99 ,Articulado ,2016,P7,0.006575,5.5e-05
E5 ,Mobibrasil,63308 ,GEQ8844 ,Articulado ,2016,P7,0.006575,5.5e-05
E5 ,Mobibrasil,63307 ,GFQ7002 ,Articulado ,2016,P7,0.006575,5.5e-05
E5 ,Mobibrasil,63306 ,FJR9H63 ,Articulado ,2016,P7,0.006575,5.5e-05
E5 ,Mobibrasil,63305 ,GJH1899 ,Articulado ,2016,P7,0.006575,5.5e-05
E5 ,Mobibrasil,63171 ,GBV6G44 ,Padron ,2016,P7,0.006575,5.5e-05
E5 ,Mobibrasil,63286 ,FNA9G88 ,Padron ,2016,P7,0.006575,5.5e-05
E5 ,Mobibrasil,63285 ,FXR8B38 ,Padron ,2016,P7,0.006575,5.5e-05
E5 ,Mobibrasil,63284 ,GGQ3E44 ,Padron ,2016,P7,0.006575,5.5e-05
D5 ,Pêssego,47067 ,FDT1661 ,Midiônibus ,2016,P7,0.006575,5.5e-05
E5 ,Mobibrasil,63283 ,GKG8F30 ,Padron ,2016,P7,0.006575,5.5e-05
D5 ,Pêssego,47120 ,FHO6262 ,Miniônibus ,2016,P7,0.006575,5.5e-05
D1 ,Norte Buss,16518 ,FPC6069 ,Miniônibus ,2016,P7,0.006575,5.5e-05
E5 ,Mobibrasil,63281 ,FHS9G03 ,Padron ,2016,P7,0.006575,5.5e-05
D1 ,Norte Buss,16519 ,GII6449 ,Miniônibus ,2016,P7,0.006575,5.5e-05
E5 ,Mobibrasil,63280 ,GDW4D31 ,Padron ,2016,P7,0.006575,5.5e-05
E5 ,Mobibrasil,63279 ,GDM0J04 ,Padron ,2016,P7,0.006575,5.5e-05
E5 ,Mobibrasil,63278 ,FZB4C99 ,Padron ,2016,P7,0.006575,5.5e-05
D1 ,Norte Buss,16601 ,FZM8971 ,Miniônibus ,2016,P7,0.006575,5.5e-05
D1 ,Norte Buss,16600 ,FDZ1588 ,Miniônibus ,2016,P7,0.006575,5.5e-05
D1 ,Norte Buss,16598 ,GDP0572 ,Miniônibus ,2016,P7,0.006575,5.5e-05
D1 ,Norte Buss,16596 ,FNR0086 ,Miniônibus ,2016,P7,0.006575,5.5e-05
E5 ,Mobibrasil,63193 ,GIB6330 ,Padron ,2016,P7,0.006575,5.5e-05
D1 ,Norte Buss,16530 ,FPC3649 ,Miniônibus ,2016,P7,0.006575,5.5e-05
E5 ,Mobibrasil,63192 ,FNX6863 ,Padron ,2016,P7,0.006575,5.5e-05
E5 ,Mobibrasil,63191 ,FXM2F22 ,Padron ,2016,P7,0.006575,5.5e-05
E5 ,Mobibrasil,63190 ,FVG1777 ,Padron ,2016,P7,0.006575,5.5e-05
E5 ,Mobibrasil,63282 ,GHZ7D78 ,Padron ,2016,P7,0.006575,5.5e-05
D5 ,Pêssego,47168 ,FEL5775 ,Miniônibus ,2016,P7,0.006575,5.5e-05
E3 ,Metropole,31155 ,GGA4741 ,Articulado ,2016,P7,0.006575,5.5e-05
E3 ,Metropole,31169 ,GKH1671 ,Articulado ,2016,P7,0.006575,5.5e-05
AR6 ,Mobibrasil,64152 ,GIW3990 ,Padron ,2016,P7,0.006575,5.5e-05
AR6 ,Mobibrasil,64153 ,GCY2698 ,Padron ,2016,P7,0.006575,5.5e-05
AR6 ,Mobibrasil,64154 ,FJN2929 ,Padron ,2016,P7,0.006575,5.5e-05
AR6 ,Mobibrasil,64155 ,GAB8332 ,Padron ,2016,P7,0.006575,5.5e-05
D2 ,Norte Buss,26393 ,FTI6233 ,Miniônibus ,2016,P7,0.006575,5.5e-05
AR6 ,Mobibrasil,64156 ,FLS2B61 ,Padron ,2016,P7,0.006575,5.5e-05
AR6 ,Mobibrasil,64157 ,GAD2464 ,Padron ,2016,P7,0.006575,5.5e-05
D2 ,Norte Buss,26383 ,GHI0548 ,Miniônibus ,2016,P7,0.006575,5.5e-05
AR6 ,Mobibrasil,64158 ,FYB9305 ,Padron ,2016,P7,0.006575,5.5e-05
AR6 ,Mobibrasil,64159 ,FJI6994 ,Padron ,2016,P7,0.006575,5.5e-05
AR6 ,Mobibrasil,64160 ,FNN9717 ,Padron ,2016,P7,0.006575,5.5e-05
AR6 ,Mobibrasil,64161 ,FRN7997 ,Padron ,2016,P7,0.006575,5.5e-05
AR9 ,C Belo,72948 ,FHV3991 ,Padron ,2016,P7,0.006575,5.5e-05
AR6 ,Mobibrasil,64162 ,GIF3E48 ,Padron ,2016,P7,0.006575,5.5e-05
D2 ,Norte Buss,26373 ,GIX8129 ,Midiônibus ,2016,P7,0.006575,5.5e-05
D2 ,Norte Buss,26370 ,GIR3270 ,Miniônibus ,2016,P7,0.006575,5.5e-05
AR6 ,Mobibrasil,64163 ,GHR2990 ,Padron ,2016,P7,0.006575,5.5e-05
AR9 ,C Belo,72947 ,FXJ1672 ,Padron ,2016,P7,0.006575,5.5e-05
D2 ,Norte Buss,26365 ,GFV5678 ,Midiônibus ,2016,P7,0.006575,5.5e-05
AR6 ,Mobibrasil,64151 ,FPI4229 ,Padron ,2016,P7,0.006575,5.5e-05
AR6 ,Mobibrasil,64150 ,FAU3161 ,Padron ,2016,P7,0.006575,5.5e-05
AR6 ,Mobibrasil,64149 ,GBP3208 ,Padron ,2016,P7,0.006575,5.5e-05
AR6 ,Mobibrasil,64148 ,GKH9888 ,Padron ,2016,P7,0.006575,5.5e-05
D2 ,Norte Buss,26478 ,GAA3123 ,Midiônibus ,2016,P7,0.006575,5.5e-05
AR6 ,Mobibrasil,64124 ,GIF1627 ,Padron ,2016,P7,0.006575,5.5e-05
AR6 ,Mobibrasil,64125 ,GDU7888 ,Padron ,2016,P7,0.006575,5.5e-05
AR6 ,Mobibrasil,64126 ,FBQ2901 ,Padron ,2016,P7,0.006575,5.5e-05
AR6 ,Mobibrasil,64127 ,GJW6259 ,Padron ,2016,P7,0.006575,5.5e-05
D2 ,Norte Buss,26465 ,FUW9655 ,Miniônibus ,2016,P7,0.006575,5.5e-05
AR6 ,Mobibrasil,64128 ,FAD7931 ,Padron ,2016,P7,0.006575,5.5e-05
AR6 ,Mobibrasil,64129 ,GIG4B57 ,Padron ,2016,P7,0.006575,5.5e-05
AR6 ,Mobibrasil,64130 ,GJR8712 ,Padron ,2016,P7,0.006575,5.5e-05
AR9 ,C Belo,72946 ,FVS6343 ,Padron ,2016,P7,0.006575,5.5e-05
D2 ,Norte Buss,26455 ,GBJ7795 ,Midiônibus ,2016,P7,0.006575,5.5e-05
AR6 ,Mobibrasil,64131 ,GAM6344 ,Padron ,2016,P7,0.006575,5.5e-05
AR9 ,C Belo,72949 ,GFH0290 ,Padron ,2016,P7,0.006575,5.5e-05
AR6 ,Mobibrasil,64132 ,GDH3120 ,Padron ,2016,P7,0.006575,5.5e-05
AR6 ,Mobibrasil,64143 ,FMK6554 ,Padron ,2016,P7,0.006575,5.5e-05
AR6 ,Mobibrasil,64144 ,GDE7330 ,Padron ,2016,P7,0.006575,5.5e-05
D2 ,Norte Buss,26414 ,GJD6174 ,Midiônibus ,2016,P7,0.006575,5.5e-05
AR6 ,Mobibrasil,64145 ,GIX3923 ,Padron ,2016,P7,0.006575,5.5e-05
AR6 ,Mobibrasil,64146 ,FYX2999 ,Padron ,2016,P7,0.006575,5.5e-05
AR6 ,Mobibrasil,64147 ,FOL5252 ,Padron ,2016,P7,0.006575,5.5e-05
D2 ,Norte Buss,26454 ,FXE5771 ,Miniônibus ,2016,P7,0.006575,5.5e-05
AR9 ,C Belo,72945 ,FPU5456 ,Padron ,2016,P7,0.006575,5.5e-05
D2 ,Norte Buss,26357 ,GHL7167 ,Miniônibus ,2016,P7,0.006575,5.5e-05
AR9 ,C Belo,72944 ,GHU6207 ,Padron ,2016,P7,0.006575,5.5e-05
AR9 ,C Belo,72827 ,GFD2340 ,Padron ,2016,P7,0.006575,5.5e-05
D10 ,Transwolff,66048 ,FUT4286 ,Básico ,2016,P7,0.006575,5.5e-05
AR9 ,C Belo,72826 ,GEN0736 ,Padron ,2016,P7,0.006575,5.5e-05
D2 ,Norte Buss,26226 ,GJM6244 ,Midiônibus ,2016,P7,0.006575,5.5e-05
D2 ,Norte Buss,26220 ,GJW6907 ,Midiônibus ,2016,P7,0.006575,5.5e-05
D2 ,Norte Buss,26217 ,GHH2035 ,Midiônibus ,2016,P7,0.006575,5.5e-05
D2 ,Norte Buss,26212 ,FXA6052 ,Midiônibus ,2016,P7,0.006575,5.5e-05
AR9 ,C Belo,72825 ,FSB7941 ,Padron ,2016,P7,0.006575,5.5e-05
D2 ,Norte Buss,26205 ,FPY7705 ,Midiônibus ,2016,P7,0.006575,5.5e-05
D10 ,Transwolff,66037 ,GDV7418 ,Básico ,2016,P7,0.006575,5.5e-05
D2 ,Norte Buss,26202 ,FXV9627 ,Midiônibus ,2016,P7,0.006575,5.5e-05
AR9 ,C Belo,72823 ,GDU8409 ,Padron ,2016,P7,0.006575,5.5e-05
D10 ,Transwolff,66096 ,FWA9D89 ,Midiônibus ,2016,P7,0.006575,5.5e-05
D10 ,Transwolff,66101 ,GBF8839 ,Básico ,2016,P7,0.006575,5.5e-05
D2 ,Norte Buss,26186 ,GKC0766 ,Midiônibus ,2016,P7,0.006575,5.5e-05
AR9 ,C Belo,72822 ,GDN0658 ,Padron ,2016,P7,0.006575,5.5e-05
AR9 ,C Belo,72821 ,GDY6467 ,Padron ,2016,P7,0.006575,5.5e-05
D10 ,Transwolff,66106 ,GIR0B87 ,Básico ,2016,P7,0.006575,5.5e-05
D2 ,Norte Buss,26179 ,GFR9349 ,Midiônibus ,2016,P7,0.006575,5.5e-05
D2 ,Norte Buss,26177 ,FKJ6727 ,Miniônibus ,2016,P7,0.006575,5.5e-05
AR9 ,C Belo,72824 ,GDQ6390 ,Padron ,2016,P7,0.006575,5.5e-05
D12 ,Transcap,85783 ,GEX7J22 ,Básico ,2016,P7,0.006575,5.5e-05
AR9 ,C Belo,72828 ,FSH0952 ,Padron ,2016,P7,0.006575,5.5e-05
AR9 ,C Belo,72829 ,FTU9452 ,Padron ,2016,P7,0.006575,5.5e-05
AR9 ,C Belo,72943 ,FZW0038 ,Padron ,2016,P7,0.006575,5.5e-05
AR9 ,C Belo,72942 ,FWS4889 ,Padron ,2016,P7,0.006575,5.5e-05
AR9 ,C Belo,72941 ,GEI0170 ,Padron ,2016,P7,0.006575,5.5e-05
AR9 ,C Belo,72940 ,FYC2441 ,Padron ,2016,P7,0.006575,5.5e-05
AR9 ,C Belo,72834 ,GEA1680 ,Padron ,2016,P7,0.006575,5.5e-05
AR9 ,C Belo,72833 ,GDV7685 ,Padron ,2016,P7,0.006575,5.5e-05
AR9 ,C Belo,72832 ,FQZ5124 ,Padron ,2016,P7,0.006575,5.5e-05
AR6 ,Mobibrasil,64275 ,FEA5H88 ,Padron ,2016,P7,0.006575,5.5e-05
AR6 ,Mobibrasil,64277 ,GDE6H78 ,Padron ,2016,P7,0.006575,5.5e-05
D2 ,Norte Buss,26246 ,FCM9816 ,Midiônibus ,2016,P7,0.006575,5.5e-05
D2 ,Norte Buss,26323 ,GKB2609 ,Midiônibus ,2016,P7,0.006575,5.5e-05
D2 ,Norte Buss,26304 ,FAC8668 ,Midiônibus ,2016,P7,0.006575,5.5e-05
D2 ,Norte Buss,26291 ,FHH5286 ,Midiônibus ,2016,P7,0.006575,5.5e-05
D2 ,Norte Buss,26289 ,GJH5397 ,Midiônibus ,2016,P7,0.006575,5.5e-05
AR9 ,C Belo,72831 ,GEC0093 ,Padron ,2016,P7,0.006575,5.5e-05
D2 ,Norte Buss,26281 ,GHM6776 ,Miniônibus ,2016,P7,0.006575,5.5e-05
AR9 ,C Belo,72830 ,FSV7592 ,Padron ,2016,P7,0.006575,5.5e-05
D2 ,Norte Buss,26274 ,FNW4432 ,Midiônibus ,2016,P7,0.006575,5.5e-05
D2 ,Norte Buss,26257 ,FZG0207 ,Miniônibus ,2016,P7,0.006575,5.5e-05
D2 ,Norte Buss,26254 ,FOJ9497 ,Midiônibus ,2016,P7,0.006575,5.5e-05
D2 ,Norte Buss,26322 ,GCD2262 ,Midiônibus ,2016,P7,0.006575,5.5e-05
E3 ,Metropole,31170 ,GAN2045 ,Articulado ,2016,P7,0.006575,5.5e-05
D12 ,Transcap,85784 ,FWJ5168 ,Básico ,2016,P7,0.006575,5.5e-05
D2 ,Norte Buss,26500 ,FOT2636 ,Midiônibus ,2016,P7,0.006575,5.5e-05
E3 ,Metropole,31142 ,GHT6645 ,Articulado ,2016,P7,0.006575,5.5e-05
E7 ,Metropole,73882 ,GDY4146 ,Articulado ,2016,P7,0.006575,5.5e-05
E7 ,Metropole,73881 ,GHQ7734 ,Articulado ,2016,P7,0.006575,5.5e-05
E7 ,Metropole,73880 ,GEA2047 ,Articulado ,2016,P7,0.006575,5.5e-05
E7 ,Metropole,73879 ,GCD7074 ,Articulado ,2016,P7,0.006575,5.5e-05
E7 ,Metropole,73878 ,GEW5868 ,Articulado ,2016,P7,0.006575,5.5e-05
E7 ,Metropole,73877 ,GIR5265 ,Articulado ,2016,P7,0.006575,5.5e-05
E7 ,Metropole,73875 ,GCL3276 ,Articulado ,2016,P7,0.006575,5.5e-05
E7 ,Metropole,73874 ,GAB6267 ,Articulado ,2016,P7,0.006575,5.5e-05
E7 ,Metropole,73873 ,GAK9038 ,Articulado ,2016,P7,0.006575,5.5e-05
E7 ,Metropole,73872 ,GIN5917 ,Articulado ,2016,P7,0.006575,5.5e-05
E7 ,Metropole,73871 ,GEK5604 ,Articulado ,2016,P7,0.006575,5.5e-05
E7 ,Metropole,73870 ,GBG9451 ,Articulado ,2016,P7,0.006575,5.5e-05
E7 ,Metropole,73869 ,GHK6411 ,Articulado ,2016,P7,0.006575,5.5e-05
E7 ,Metropole,73868 ,GCW2258 ,Articulado ,2016,P7,0.006575,5.5e-05
E7 ,Metropole,73867 ,GKA1096 ,Articulado ,2016,P7,0.006575,5.5e-05
E7 ,Metropole,73866 ,GJW4923 ,Articulado ,2016,P7,0.006575,5.5e-05
D5 ,Pêssego,47055 ,FMJ8869 ,Básico ,2016,P7,0.006575,5.5e-05
D5 ,Pêssego,47040 ,FPO1989 ,Miniônibus ,2016,P7,0.006575,5.5e-05
E3 ,Metropole,31143 ,GCP7718 ,Articulado ,2016,P7,0.006575,5.5e-05
E3 ,Metropole,31144 ,GAZ9507 ,Articulado ,2016,P7,0.006575,5.5e-05
E3 ,Metropole,31145 ,FMR2583 ,Articulado ,2016,P7,0.006575,5.5e-05
E3 ,Metropole,31146 ,GGQ6978 ,Articulado ,2016,P7,0.006575,5.5e-05
E3 ,Metropole,31168 ,GER7758 ,Articulado ,2016,P7,0.006575,5.5e-05
E3 ,Metropole,31167 ,GJM3258 ,Articulado ,2016,P7,0.006575,5.5e-05
E3 ,Metropole,31166 ,GGN9816 ,Articulado ,2016,P7,0.006575,5.5e-05
E3 ,Metropole,31165 ,GER5306 ,Articulado ,2016,P7,0.006575,5.5e-05
E3 ,Metropole,31164 ,GFA5089 ,Articulado ,2016,P7,0.006575,5.5e-05
E3 ,Metropole,31163 ,GHN1518 ,Articulado ,2016,P7,0.006575,5.5e-05
E3 ,Metropole,31162 ,GIY0219 ,Articulado ,2016,P7,0.006575,5.5e-05
E3 ,Metropole,31161 ,FDE4407 ,Articulado ,2016,P7,0.006575,5.5e-05
E3 ,Metropole,31160 ,GDW0724 ,Articulado ,2016,P7,0.006575,5.5e-05
D5 ,Pêssego,47036 ,GIR5636 ,Miniônibus ,2016,P7,0.006575,5.5e-05
E3 ,Metropole,31159 ,GIH2721 ,Articulado ,2016,P7,0.006575,5.5e-05
E3 ,Metropole,31156 ,GKB7295 ,Articulado ,2016,P7,0.006575,5.5e-05
D5 ,Pêssego,47599 ,GII6677 ,Miniônibus ,2016,P7,0.006575,5.5e-05
E3 ,Metropole,31154 ,GJF5247 ,Articulado ,2016,P7,0.006575,5.5e-05
E3 ,Metropole,31153 ,GHW1084 ,Articulado ,2016,P7,0.006575,5.5e-05
E3 ,Metropole,31152 ,GKI7847 ,Articulado ,2016,P7,0.006575,5.5e-05
E3 ,Metropole,31150 ,GIO1692 ,Articulado ,2016,P7,0.006575,5.5e-05
E3 ,Metropole,31149 ,GHC9442 ,Articulado ,2016,P7,0.006575,5.5e-05
E3 ,Metropole,31148 ,GHB0475 ,Articulado ,2016,P7,0.006575,5.5e-05
E3 ,Metropole,31147 ,GBD0174 ,Articulado ,2016,P7,0.006575,5.5e-05
E3 ,Metropole,31157 ,GEP5538 ,Articulado ,2016,P7,0.006575,5.5e-05
D5 ,Pêssego,47024 ,GFG9553 ,Básico ,2016,P7,0.006575,5.5e-05
E7 ,Metropole,73424 ,GKG1132 ,Padron ,2016,P7,0.006575,5.5e-05
E7 ,Metropole,73423 ,GIU4364 ,Padron ,2016,P7,0.006575,5.5e-05
E3 ,Metropole,31058 ,FUU5074 ,Padron ,2016,P7,0.006575,5.5e-05
E3 ,Metropole,31057 ,GCU0693 ,Padron ,2016,P7,0.006575,5.5e-05
E3 ,Metropole,31056 ,GGU4727 ,Padron ,2016,P7,0.006575,5.5e-05
E3 ,Metropole,31055 ,GGQ9761 ,Padron ,2016,P7,0.006575,5.5e-05
E3 ,Metropole,31054 ,GDQ4094 ,Padron ,2016,P7,0.006575,5.5e-05
E3 ,Metropole,31053 ,GJX3269 ,Padron ,2016,P7,0.006575,5.5e-05
E3 ,Metropole,31044 ,GAI1095 ,Padron ,2016,P7,0.006575,5.5e-05
E3 ,Metropole,31041 ,FCL2361 ,Padron ,2016,P7,0.006575,5.5e-05
E3 ,Metropole,31037 ,GGA5756 ,Padron ,2016,P7,0.006575,5.5e-05
E3 ,Metropole,31059 ,FXI7307 ,Padron ,2016,P7,0.006575,5.5e-05
E7 ,Metropole,73401 ,GFI5830 ,Padron ,2016,P7,0.006575,5.5e-05
D2 ,Norte Buss,26511 ,FPQ4181 ,Midiônibus ,2016,P7,0.006575,5.5e-05
D2 ,Norte Buss,26510 ,FXH7179 ,Midiônibus ,2016,P7,0.006575,5.5e-05
D2 ,Norte Buss,26509 ,FMB6919 ,Midiônibus ,2016,P7,0.006575,5.5e-05
D2 ,Norte Buss,26508 ,FYZ4708 ,Midiônibus ,2016,P7,0.006575,5.5e-05
D2 ,Norte Buss,26507 ,GDS6307 ,Midiônibus ,2016,P7,0.006575,5.5e-05
D2 ,Norte Buss,26506 ,FZR1076 ,Midiônibus ,2016,P7,0.006575,5.5e-05
D2 ,Norte Buss,26505 ,FTI7995 ,Midiônibus ,2016,P7,0.006575,5.5e-05
D2 ,Norte Buss,26504 ,FVB2534 ,Midiônibus ,2016,P7,0.006575,5.5e-05
D2 ,Norte Buss,26503 ,FOD3923 ,Midiônibus ,2016,P7,0.006575,5.5e-05
D2 ,Norte Buss,26512 ,GIE5102 ,Midiônibus ,2016,P7,0.006575,5.5e-05
D12 ,Transcap,85786 ,GFH9678 ,Básico ,2016,P7,0.006575,5.5e-05
E3 ,Metropole,31061 ,FWG0459 ,Padron ,2016,P7,0.006575,5.5e-05
E3 ,Metropole,31064 ,FZW7207 ,Padron ,2016,P7,0.006575,5.5e-05
E7 ,Metropole,73422 ,GDJ8774 ,Padron ,2016,P7,0.006575,5.5e-05
E7 ,Metropole,73421 ,GIR2856 ,Padron ,2016,P7,0.006575,5.5e-05
E7 ,Metropole,73420 ,GEU7353 ,Padron ,2016,P7,0.006575,5.5e-05
E7 ,Metropole,73419 ,GHM2369 ,Padron ,2016,P7,0.006575,5.5e-05
E7 ,Metropole,73418 ,GJK0741 ,Padron ,2016,P7,0.006575,5.5e-05
E7 ,Metropole,73417 ,GKF9704 ,Padron ,2016,P7,0.006575,5.5e-05
E7 ,Metropole,73416 ,FZZ2027 ,Padron ,2016,P7,0.006575,5.5e-05
E7 ,Metropole,73414 ,FWC5543 ,Padron ,2016,P7,0.006575,5.5e-05
E7 ,Metropole,73413 ,GGQ1390 ,Padron ,2016,P7,0.006575,5.5e-05
E3 ,Metropole,31062 ,GKF2917 ,Padron ,2016,P7,0.006575,5.5e-05
E7 ,Metropole,73412 ,FZB8301 ,Padron ,2016,P7,0.006575,5.5e-05
E7 ,Metropole,73410 ,FMX7059 ,Padron ,2016,P7,0.006575,5.5e-05
E7 ,Metropole,73405 ,FKP5144 ,Padron ,2016,P7,0.006575,5.5e-05
E7 ,Metropole,73404 ,FCU3183 ,Padron ,2016,P7,0.006575,5.5e-05
E7 ,Metropole,73403 ,FJB5822 ,Padron ,2016,P7,0.006575,5.5e-05
E3 ,Metropole,31069 ,GHZ6049 ,Padron ,2016,P7,0.006575,5.5e-05
E3 ,Metropole,31068 ,GHB2949 ,Padron ,2016,P7,0.006575,5.5e-05
E3 ,Metropole,31067 ,FYJ8247 ,Padron ,2016,P7,0.006575,5.5e-05
E3 ,Metropole,31066 ,GHR3612 ,Padron ,2016,P7,0.006575,5.5e-05
E3 ,Metropole,31065 ,FYO2567 ,Padron ,2016,P7,0.006575,5.5e-05
E7 ,Metropole,73411 ,FCS6882 ,Padron ,2016,P7,0.006575,5.5e-05
D5 ,Pêssego,47623 ,GAH9823 ,Miniônibus ,2016,P7,0.006575,5.5e-05
E6 ,Grajau,61312 ,FGP4474 ,Articulado ,2016,P7,0.006575,5.5e-05
D5 ,Pêssego,47625 ,GFU4006 ,Básico ,2016,P7,0.006575,5.5e-05
E4 ,Via Sudeste,52827 ,FCO1268 ,Articulado ,2016,P7,0.006575,5.5e-05
D3 ,Transunião ,36047 ,GIU2H47 ,Midiônibus ,2016,P7,0.006575,5.5e-05
E4 ,Via Sudeste,52828 ,GEY2490 ,Articulado ,2016,P7,0.006575,5.5e-05
E4 ,Via Sudeste,52829 ,FQA0438 ,Articulado ,2016,P7,0.006575,5.5e-05
E4 ,Via Sudeste,52830 ,FUM4351 ,Articulado ,2016,P7,0.006575,5.5e-05
E4 ,Via Sudeste,52831 ,FPN6569 ,Articulado ,2016,P7,0.006575,5.5e-05
E4 ,Via Sudeste,52832 ,FHQ0042 ,Articulado ,2016,P7,0.006575,5.5e-05
E4 ,Via Sudeste,52833 ,GHI7650 ,Articulado ,2016,P7,0.006575,5.5e-05
E4 ,Via Sudeste,52834 ,GCO5934 ,Articulado ,2016,P7,0.006575,5.5e-05
D11 ,Transwolff,78715 ,FZC7I09 ,Básico ,2016,P7,0.006575,5.5e-05
E1 ,Brigida,11470 ,GDD1599 ,Padron ,2016,P7,0.006575,5.5e-05
D4 ,Alfa Rodobus SPE,35980 ,GHW0878 ,Midiônibus ,2016,P7,0.006575,5.5e-05
D4 ,Alfa Rodobus SPE,35976 ,GII5525 ,Básico ,2016,P7,0.006575,5.5e-05
D4 ,Alfa Rodobus SPE,35970 ,GIG7718 ,Midiônibus ,2016,P7,0.006575,5.5e-05
D4 ,Alfa Rodobus SPE,35960 ,LTH9D53 ,Básico ,2016,P7,0.006575,5.5e-05
D4 ,Alfa Rodobus SPE,35950 ,FAP0442 ,Midiônibus ,2016,P7,0.006575,5.5e-05
D4 ,Alfa Rodobus SPE,35944 ,GJR1988 ,Midiônibus ,2016,P7,0.006575,5.5e-05
E4 ,Via Sudeste,52826 ,FIK9747 ,Articulado ,2016,P7,0.006575,5.5e-05
E4 ,Via Sudeste,52825 ,FBY1576 ,Articulado ,2016,P7,0.006575,5.5e-05
E4 ,Via Sudeste,52824 ,FAB9765 ,Articulado ,2016,P7,0.006575,5.5e-05
E4 ,Via Sudeste,52823 ,FCY5574 ,Articulado ,2016,P7,0.006575,5.5e-05
E4 ,Via Sudeste,52805 ,GFQ9301 ,Articulado ,2016,P7,0.006575,5.5e-05
E4 ,Via Sudeste,52806 ,GBY1082 ,Articulado ,2016,P7,0.006575,5.5e-05
E4 ,Via Sudeste,52807 ,FPP2793 ,Articulado ,2016,P7,0.006575,5.5e-05
E4 ,Via Sudeste,52808 ,FYX9784 ,Articulado ,2016,P7,0.006575,5.5e-05
E4 ,Via Sudeste,52809 ,FJN2638 ,Articulado ,2016,P7,0.006575,5.5e-05
E4 ,Via Sudeste,52810 ,FJY6499 ,Articulado ,2016,P7,0.006575,5.5e-05
E4 ,Via Sudeste,52811 ,GES2670 ,Articulado ,2016,P7,0.006575,5.5e-05
E4 ,Via Sudeste,52812 ,FFL0581 ,Articulado ,2016,P7,0.006575,5.5e-05
D11 ,Transwolff,78605 ,GIC8790 ,Midiônibus ,2016,P7,0.006575,5.5e-05
E4 ,Via Sudeste,52813 ,FIX9639 ,Articulado ,2016,P7,0.006575,5.5e-05
E4 ,Via Sudeste,52815 ,FPX3071 ,Articulado ,2016,P7,0.006575,5.5e-05
E4 ,Via Sudeste,52816 ,FQW9752 ,Articulado ,2016,P7,0.006575,5.5e-05
E4 ,Via Sudeste,52817 ,GHS2470 ,Articulado ,2016,P7,0.006575,5.5e-05
E4 ,Via Sudeste,52818 ,FZX8506 ,Articulado ,2016,P7,0.006575,5.5e-05
E4 ,Via Sudeste,52819 ,FDZ9371 ,Articulado ,2016,P7,0.006575,5.5e-05
E4 ,Via Sudeste,52820 ,FNG6057 ,Articulado ,2016,P7,0.006575,5.5e-05
E4 ,Via Sudeste,52821 ,FNK0602 ,Articulado ,2016,P7,0.006575,5.5e-05
E4 ,Via Sudeste,52822 ,FVM5423 ,Articulado ,2016,P7,0.006575,5.5e-05
E4 ,Via Sudeste,52814 ,GGW5870 ,Articulado ,2016,P7,0.006575,5.5e-05
D11 ,Transwolff,78591 ,GGN3H60 ,Midiônibus ,2016,P7,0.006575,5.5e-05
D8 ,Movebuss,55033 ,FOJ9888 ,Miniônibus ,2016,P7,0.006575,5.5e-05
D4 ,Alfa Rodobus SPE,35846 ,GCS9225 ,Miniônibus ,2016,P7,0.006575,5.5e-05
D4 ,Alfa Rodobus SPE,35710 ,KYQ9G70 ,Básico ,2016,P7,0.006575,5.5e-05
E1 ,Brigida,11462 ,FDC4292 ,Padron ,2016,P7,0.006575,5.5e-05
D4 ,Alfa Rodobus SPE,35705 ,FIV9394 ,Midiônibus ,2016,P7,0.006575,5.5e-05
D1 ,D1,15269 ,FYT4839 ,Miniônibus ,2016,P7,0.006575,5.5e-05
E1 ,Brigida,11461 ,GJQ6781 ,Padron ,2016,P7,0.006575,5.5e-05
AR3 ,Metropole,32987 ,FBU6838 ,Padron ,2016,P7,0.006575,5.5e-05
AR3 ,Metropole,32985 ,GFX5166 ,Padron ,2016,P7,0.006575,5.5e-05
AR3 ,Metropole,32979 ,GAS9788 ,Padron ,2016,P7,0.006575,5.5e-05
D4 ,Alfa Rodobus SPE,35718 ,FMH3207 ,Midiônibus ,2016,P7,0.006575,5.5e-05
AR3 ,Metropole,32974 ,GDH1096 ,Padron ,2016,P7,0.006575,5.5e-05
D1 ,Norte Buss,16013 ,FVF7455 ,Miniônibus ,2016,P7,0.006575,5.5e-05
E1 ,Brigida,11460 ,GKI6588 ,Padron ,2016,P7,0.006575,5.5e-05
D8 ,Movebuss,55287 ,GIA9395 ,Midiônibus ,2016,P7,0.006575,5.5e-05
E1 ,Brigida,11459 ,FFL4359 ,Padron ,2016,P7,0.006575,5.5e-05
D1 ,Norte Buss,16026 ,GIO8106 ,Miniônibus ,2016,P7,0.006575,5.5e-05
E1 ,Brigida,11458 ,FWU9738 ,Padron ,2016,P7,0.006575,5.5e-05
AR3 ,Metropole,32841 ,GHC3585 ,Padron ,2016,P7,0.006575,5.5e-05
AR3 ,Metropole,32791 ,FZE5607 ,Padron ,2016,P7,0.006575,5.5e-05
D8 ,Movebuss,55258 ,GEL0I33 ,Midiônibus ,2016,P7,0.006575,5.5e-05
E4 ,Via Sudeste,52804 ,GDU1892 ,Articulado ,2016,P7,0.006575,5.5e-05
D4 ,Alfa Rodobus SPE,35740 ,GFD3810 ,Midiônibus ,2016,P7,0.006575,5.5e-05
D11 ,Transwolff,78472 ,GGP9510 ,Midiônibus ,2016,P7,0.006575,5.5e-05
E1 ,Brigida,11469 ,GCM9238 ,Padron ,2016,P7,0.006575,5.5e-05
E1 ,Brigida,11468 ,FXD3408 ,Padron ,2016,P7,0.006575,5.5e-05
D8 ,Movebuss,55084 ,FRC1477 ,Básico ,2016,P7,0.006575,5.5e-05
E1 ,Brigida,11467 ,GII4526 ,Padron ,2016,P7,0.006575,5.5e-05
D11 ,Transwolff,78546 ,GHH3750 ,Midiônibus ,2016,P7,0.006575,5.5e-05
D4 ,Alfa Rodobus SPE,35810 ,FQK5828 ,Midiônibus ,2016,P7,0.006575,5.5e-05
E1 ,Brigida,11466 ,GHW3868 ,Padron ,2016,P7,0.006575,5.5e-05
E1 ,Brigida,11465 ,GCU8758 ,Padron ,2016,P7,0.006575,5.5e-05
D11 ,Transwolff,78461 ,GHC5716 ,Básico ,2016,P7,0.006575,5.5e-05
D8 ,Movebuss,55136 ,GIS8H37 ,Midiônibus ,2016,P7,0.006575,5.5e-05
D8 ,Movebuss,55143 ,GJO7B73 ,Básico ,2016,P7,0.006575,5.5e-05
D8 ,Movebuss,55144 ,GGW6J05 ,Midiônibus ,2016,P7,0.006575,5.5e-05
D4 ,Alfa Rodobus SPE,35771 ,GGQ7356 ,Midiônibus ,2016,P7,0.006575,5.5e-05
D4 ,Alfa Rodobus SPE,35768 ,FOO4505 ,Midiônibus ,2016,P7,0.006575,5.5e-05
E1 ,Brigida,11463 ,FZQ9327 ,Padron ,2016,P7,0.006575,5.5e-05
D8 ,Movebuss,55149 ,GFJ6009 ,Midiônibus ,2016,P7,0.006575,5.5e-05
D4 ,Alfa Rodobus SPE,35756 ,FOH5733 ,Midiônibus ,2016,P7,0.006575,5.5e-05
D8 ,Movebuss,55160 ,GIP3190 ,Midiônibus ,2016,P7,0.006575,5.5e-05
E1 ,Brigida,11464 ,FZI5428 ,Padron ,2016,P7,0.006575,5.5e-05
D11 ,Transwolff,78364 ,GDQ0870 ,Básico ,2016,P7,0.006575,5.5e-05
E4 ,Via Sudeste,52803 ,FYR6558 ,Articulado ,2016,P7,0.006575,5.5e-05
E4 ,Via Sudeste,52801 ,FMZ3816 ,Articulado ,2016,P7,0.006575,5.5e-05
E4 ,Via Sudeste,52118 ,FFL4J07 ,Articulado ,2016,P7,0.006575,5.5e-05
E4 ,Via Sudeste,52117 ,FZW7E12 ,Articulado ,2016,P7,0.006575,5.5e-05
E4 ,Via Sudeste,52116 ,FXN5A92 ,Articulado ,2016,P7,0.006575,5.5e-05
E4 ,Via Sudeste,52115 ,FST6C18 ,Articulado ,2016,P7,0.006575,5.5e-05
E4 ,Via Sudeste,52114 ,GAO6H21 ,Articulado ,2016,P7,0.006575,5.5e-05
AR9 ,Transppass,80402 ,FLO2575 ,Padron ,2016,P7,0.006575,5.5e-05
AR9 ,Transppass,80406 ,FIV6302 ,Padron ,2016,P7,0.006575,5.5e-05
E4 ,Via Sudeste,52113 ,FZO8F26 ,Articulado ,2016,P7,0.006575,5.5e-05
E4 ,Via Sudeste,52112 ,GCD7I37 ,Articulado ,2016,P7,0.006575,5.5e-05
AR9 ,Transppass,80407 ,FFJ3452 ,Padron ,2016,P7,0.006575,5.5e-05
AR9 ,Transppass,80409 ,FCA6267 ,Padron ,2016,P7,0.006575,5.5e-05
AR9 ,Transppass,80411 ,FNA6673 ,Padron ,2016,P7,0.006575,5.5e-05
AR9 ,Transppass,80421 ,FZC4083 ,Padron ,2016,P7,0.006575,5.5e-05
AR9 ,Transppass,80424 ,GDM2980 ,Padron ,2016,P7,0.006575,5.5e-05
AR9 ,Transppass,80425 ,FGV4001 ,Padron ,2016,P7,0.006575,5.5e-05
AR9 ,Transppass,80426 ,GJY4996 ,Padron ,2016,P7,0.006575,5.5e-05
AR9 ,Transppass,80427 ,FXX5611 ,Padron ,2016,P7,0.006575,5.5e-05
E4 ,Via Sudeste,52119 ,FVS1A89 ,Articulado ,2016,P7,0.006575,5.5e-05
E4 ,Via Sudeste,52120 ,GHP9F28 ,Articulado ,2016,P7,0.006575,5.5e-05
AR9 ,Transppass,80401 ,GHS1857 ,Padron ,2016,P7,0.006575,5.5e-05
AR9 ,Transppass,80399 ,FPP8806 ,Padron ,2016,P7,0.006575,5.5e-05
E4 ,Via Sudeste,52133 ,FPL8651 ,Articulado ,2016,P7,0.006575,5.5e-05
E4 ,Via Sudeste,52132 ,FAB5G32 ,Articulado ,2016,P7,0.006575,5.5e-05
E4 ,Via Sudeste,52131 ,FHH1H34 ,Articulado ,2016,P7,0.006575,5.5e-05
E4 ,Via Sudeste,52130 ,GCJ7J83 ,Articulado ,2016,P7,0.006575,5.5e-05
E4 ,Via Sudeste,52129 ,GFB9C05 ,Articulado ,2016,P7,0.006575,5.5e-05
E4 ,Via Sudeste,52128 ,FZM1A51 ,Articulado ,2016,P7,0.006575,5.5e-05
AR9 ,Transppass,80389 ,FNX7272 ,Padron ,2016,P7,0.006575,5.5e-05
AR9 ,Transppass,80391 ,GJL3521 ,Padron ,2016,P7,0.006575,5.5e-05
AR5 ,Via Sudeste,51589 ,GEY0263 ,Articulado ,2016,P7,0.006575,5.5e-05
AR9 ,Transppass,80393 ,FCM7133 ,Padron ,2016,P7,0.006575,5.5e-05
E4 ,Via Sudeste,52127 ,GGC9C53 ,Articulado ,2016,P7,0.006575,5.5e-05
E4 ,Via Sudeste,52126 ,FQZ4H14 ,Articulado ,2016,P7,0.006575,5.5e-05
E4 ,Via Sudeste,52125 ,FPM1H93 ,Articulado ,2016,P7,0.006575,5.5e-05
E4 ,Via Sudeste,52124 ,FPY8B96 ,Articulado ,2016,P7,0.006575,5.5e-05
AR9 ,Transppass,80397 ,FCL1069 ,Padron ,2016,P7,0.006575,5.5e-05
E4 ,Via Sudeste,52123 ,FOV5C79 ,Articulado ,2016,P7,0.006575,5.5e-05
E4 ,Via Sudeste,52122 ,GCJ9C15 ,Articulado ,2016,P7,0.006575,5.5e-05
E4 ,Via Sudeste,52121 ,FRT6A11 ,Articulado ,2016,P7,0.006575,5.5e-05
AR9 ,Transppass,80395 ,GDD6354 ,Padron ,2016,P7,0.006575,5.5e-05
AR5 ,Via Sudeste,51588 ,GIA7839 ,Articulado ,2016,P7,0.006575,5.5e-05
AR5 ,Via Sudeste,51587 ,FVU1447 ,Articulado ,2016,P7,0.006575,5.5e-05
AR5 ,Via Sudeste,51586 ,GGE3710 ,Articulado ,2016,P7,0.006575,5.5e-05
E1 ,G. Preto,12595 ,GDS6172 ,Padron ,2016,P7,0.006575,5.5e-05
E1 ,G. Preto,12596 ,GDK1391 ,Padron ,2016,P7,0.006575,5.5e-05
E1 ,G. Preto,12597 ,GEX2580 ,Padron ,2016,P7,0.006575,5.5e-05
E1 ,G. Preto,12598 ,GDV0082 ,Padron ,2016,P7,0.006575,5.5e-05
E1 ,G. Preto,12599 ,GDM5897 ,Padron ,2016,P7,0.006575,5.5e-05
E1 ,G. Preto,12601 ,GCM6323 ,Padron ,2016,P7,0.006575,5.5e-05
D11 ,Transwolff,78993 ,FIN8E73 ,Midiônibus ,2016,P7,0.006575,5.5e-05
E8 ,Transppass,81432 ,FFN2925 ,Padron ,2016,P7,0.006575,5.5e-05
E1 ,G. Preto,12594 ,GFP0041 ,Padron ,2016,P7,0.006575,5.5e-05
D3 ,Transunião ,36198 ,FMK8676 ,Miniônibus ,2016,P7,0.006575,5.5e-05
AR1 ,G. Preto,13545 ,GFJ8150 ,Padron ,2016,P7,0.006575,5.5e-05
D11 ,Transwolff,78865 ,GFR7E18 ,Básico ,2016,P7,0.006575,5.5e-05
D11 ,Transwolff,78854 ,FCF8998 ,Midiônibus ,2016,P7,0.006575,5.5e-05
E1 ,Brigida,11480 ,FBY8528 ,Padron ,2016,P7,0.006575,5.5e-05
E1 ,Brigida,11473 ,GDK9564 ,Padron ,2016,P7,0.006575,5.5e-05
E1 ,Brigida,11472 ,FWH8397 ,Padron ,2016,P7,0.006575,5.5e-05
E1 ,Brigida,11471 ,GJA2619 ,Padron ,2016,P7,0.006575,5.5e-05
E4 ,Via Sudeste,52800 ,FNV0854 ,Articulado ,2016,P7,0.006575,5.5e-05
D11 ,Transwolff,78891 ,GHJ7400 ,Básico ,2016,P7,0.006575,5.5e-05
E4 ,Via Sudeste,52802 ,FYQ4637 ,Articulado ,2016,P7,0.006575,5.5e-05
E1 ,G. Preto,12592 ,GGS3545 ,Padron ,2016,P7,0.006575,5.5e-05
E8 ,Transppass,81429 ,FXR9793 ,Padron ,2016,P7,0.006575,5.5e-05
AR5 ,Via Sudeste,51585 ,FPO9843 ,Articulado ,2016,P7,0.006575,5.5e-05
E8 ,Transppass,81392 ,GJM7702 ,Padron ,2016,P7,0.006575,5.5e-05
E8 ,Transppass,81394 ,FEE4789 ,Padron ,2016,P7,0.006575,5.5e-05
E8 ,Transppass,81396 ,FCL5422 ,Padron ,2016,P7,0.006575,5.5e-05
E8 ,Transppass,81398 ,FCJ1755 ,Padron ,2016,P7,0.006575,5.5e-05
E8 ,Transppass,81403 ,FKD0642 ,Padron ,2016,P7,0.006575,5.5e-05
E8 ,Transppass,81404 ,FFL0265 ,Padron ,2016,P7,0.006575,5.5e-05
E8 ,Transppass,81405 ,GJR9620 ,Padron ,2016,P7,0.006575,5.5e-05
E8 ,Transppass,81431 ,FQN9624 ,Padron ,2016,P7,0.006575,5.5e-05
E8 ,Transppass,81408 ,FHF2392 ,Padron ,2016,P7,0.006575,5.5e-05
E8 ,Transppass,81413 ,FBE2648 ,Padron ,2016,P7,0.006575,5.5e-05
E8 ,Transppass,81414 ,FEJ2184 ,Padron ,2016,P7,0.006575,5.5e-05
E8 ,Transppass,81415 ,FCO0776 ,Padron ,2016,P7,0.006575,5.5e-05
E8 ,Transppass,81416 ,GJW3359 ,Padron ,2016,P7,0.006575,5.5e-05
E8 ,Transppass,81418 ,GGI1607 ,Padron ,2016,P7,0.006575,5.5e-05
E8 ,Transppass,81422 ,GGX2726 ,Padron ,2016,P7,0.006575,5.5e-05
E8 ,Transppass,81423 ,FRY4125 ,Padron ,2016,P7,0.006575,5.5e-05
E8 ,Transppass,81428 ,GEK8E72 ,Padron ,2016,P7,0.006575,5.5e-05
E8 ,Transppass,81412 ,FCT1324 ,Padron ,2016,P7,0.006575,5.5e-05
D1 ,Norte Buss,16038 ,GGA4758 ,Miniônibus ,2016,P7,0.006575,5.5e-05
E1 ,Brigida,11457 ,FCU7099 ,Padron ,2016,P7,0.006575,5.5e-05
E1 ,Brigida,11456 ,FQI1826 ,Padron ,2016,P7,0.006575,5.5e-05
E6 ,Grajau,61284 ,FZO1074 ,Padron ,2016,P7,0.006575,5.5e-05
E6 ,Grajau,61285 ,FCT0905 ,Padron ,2016,P7,0.006575,5.5e-05
E6 ,Grajau,61286 ,FOS0302 ,Padron ,2016,P7,0.006575,5.5e-05
E6 ,Grajau,61287 ,FAS2B51 ,Padron ,2016,P7,0.006575,5.5e-05
E6 ,Grajau,61288 ,GGT1720 ,Padron ,2016,P7,0.006575,5.5e-05
E6 ,Grajau,61289 ,FJD2466 ,Padron ,2016,P7,0.006575,5.5e-05
E6 ,Grajau,61290 ,GBR5307 ,Padron ,2016,P7,0.006575,5.5e-05
E6 ,Grajau,61291 ,FYZ6588 ,Padron ,2016,P7,0.006575,5.5e-05
E6 ,Grajau,61292 ,FTL0679 ,Padron ,2016,P7,0.006575,5.5e-05
E6 ,Grajau,61293 ,GJY7J40 ,Padron ,2016,P7,0.006575,5.5e-05
E6 ,Grajau,61294 ,FGV7C61 ,Padron ,2016,P7,0.006575,5.5e-05
E6 ,Grajau,61296 ,FRQ2647 ,Padron ,2016,P7,0.006575,5.5e-05
E6 ,Grajau,61297 ,FVY6508 ,Padron ,2016,P7,0.006575,5.5e-05
E6 ,Grajau,61298 ,FJY5J01 ,Padron ,2016,P7,0.006575,5.5e-05
E6 ,Grajau,61299 ,FQH9643 ,Padron ,2016,P7,0.006575,5.5e-05
E6 ,Grajau,61300 ,FVZ6959 ,Padron ,2016,P7,0.006575,5.5e-05
E6 ,Grajau,61301 ,GEQ4340 ,Padron ,2016,P7,0.006575,5.5e-05
E6 ,Grajau,61283 ,FMS6483 ,Padron ,2016,P7,0.006575,5.5e-05
E6 ,Grajau,61282 ,GGB8862 ,Padron ,2016,P7,0.006575,5.5e-05
E6 ,Grajau,61281 ,GDB2G71 ,Padron ,2016,P7,0.006575,5.5e-05
E6 ,Grajau,61280 ,GHF2690 ,Padron ,2016,P7,0.006575,5.5e-05
AR4 ,Express,48558 ,FJQ0443 ,Padron ,2016,P7,0.006575,5.5e-05
AR4 ,Express,48557 ,FNL3188 ,Padron ,2016,P7,0.006575,5.5e-05
D1 ,Norte Buss,16256 ,FCP8096 ,Miniônibus ,2016,P7,0.006575,5.5e-05
AR4 ,Express,48556 ,FTQ0482 ,Padron ,2016,P7,0.006575,5.5e-05
AR4 ,Express,48551 ,FGT8647 ,Padron ,2016,P7,0.006575,5.5e-05
D1 ,Norte Buss,16267 ,GJD5587 ,Miniônibus ,2016,P7,0.006575,5.5e-05
D1 ,Norte Buss,16282 ,GIZ9382 ,Miniônibus ,2016,P7,0.006575,5.5e-05
D1 ,Norte Buss,16320 ,GIY5045 ,Miniônibus ,2016,P7,0.006575,5.5e-05
E6 ,Grajau,61302 ,FUE5144 ,Padron ,2016,P7,0.006575,5.5e-05
D1 ,Norte Buss,16321 ,FVL7248 ,Miniônibus ,2016,P7,0.006575,5.5e-05
D1 ,Norte Buss,16339 ,FMI5999 ,Miniônibus ,2016,P7,0.006575,5.5e-05
D1 ,Norte Buss,16359 ,GES0030 ,Miniônibus ,2016,P7,0.006575,5.5e-05
E6 ,Grajau,61274 ,FNX8424 ,Padron ,2016,P7,0.006575,5.5e-05
E6 ,Grajau,61275 ,FZE8985 ,Padron ,2016,P7,0.006575,5.5e-05
E6 ,Grajau,61276 ,GBL9506 ,Padron ,2016,P7,0.006575,5.5e-05
E6 ,Grajau,61277 ,FMT9487 ,Padron ,2016,P7,0.006575,5.5e-05
E6 ,Grajau,61278 ,GHU9008 ,Padron ,2016,P7,0.006575,5.5e-05
E6 ,Grajau,61279 ,FOU0469 ,Padron ,2016,P7,0.006575,5.5e-05
D1 ,Norte Buss,16326 ,GDL8336 ,Miniônibus ,2016,P7,0.006575,5.5e-05
E6 ,Grajau,61303 ,GAM4602 ,Padron ,2016,P7,0.006575,5.5e-05
E6 ,Grajau,61307 ,FXN7E59 ,Articulado ,2016,P7,0.006575,5.5e-05
E6 ,Grajau,61308 ,GDU3E20 ,Articulado ,2016,P7,0.006575,5.5e-05
D5 ,Pêssego,47854 ,FYD0082 ,Básico ,2016,P7,0.006575,5.5e-05
E6 ,Grajau,61331 ,FPX1522 ,Articulado ,2016,P7,0.006575,5.5e-05
D5 ,Pêssego,47778 ,FTJ0868 ,Básico ,2016,P7,0.006575,5.5e-05
E6 ,Grajau,61333 ,FWR2453 ,Articulado ,2016,P7,0.006575,5.5e-05
E6 ,Grajau,61334 ,GHJ0450 ,Articulado ,2016,P7,0.006575,5.5e-05
E6 ,Grajau,61335 ,GJW3150 ,Articulado ,2016,P7,0.006575,5.5e-05
E6 ,Grajau,61336 ,FPU6119 ,Articulado ,2016,P7,0.006575,5.5e-05
E6 ,Grajau,61337 ,GEQ3790 ,Articulado ,2016,P7,0.006575,5.5e-05
E6 ,Grajau,61330 ,GDW4250 ,Articulado ,2016,P7,0.006575,5.5e-05
D1 ,Norte Buss,16362 ,FUT5877 ,Miniônibus ,2016,P7,0.006575,5.5e-05
D1 ,Norte Buss,16377 ,BTZ6425 ,Miniônibus ,2016,P7,0.006575,5.5e-05
D1 ,Norte Buss,16381 ,GHK6491 ,Miniônibus ,2016,P7,0.006575,5.5e-05
D1 ,Norte Buss,16407 ,FZR4604 ,Miniônibus ,2016,P7,0.006575,5.5e-05
D1 ,Norte Buss,16428 ,GKC8550 ,Miniônibus ,2016,P7,0.006575,5.5e-05
D5 ,Pêssego,47757 ,GFY3680 ,Miniônibus ,2016,P7,0.006575,5.5e-05
D1 ,Norte Buss,16432 ,FDR2C08 ,Miniônibus ,2016,P7,0.006575,5.5e-05
D5 ,Pêssego,47719 ,FJN7714 ,Midiônibus ,2016,P7,0.006575,5.5e-05
D5 ,Pêssego,47670 ,GHQ0333 ,Miniônibus ,2016,P7,0.006575,5.5e-05
D1 ,Norte Buss,16375 ,GJZ7990 ,Miniônibus ,2016,P7,0.006575,5.5e-05
AR8 ,G Preto,82600 ,GJO8294 ,Padron ,2016,P7,0.006575,5.5e-05
E6 ,Grajau,61329 ,FWU3469 ,Articulado ,2016,P7,0.006575,5.5e-05
E6 ,Grajau,61328 ,FUA2837 ,Articulado ,2016,P7,0.006575,5.5e-05
E6 ,Grajau,61309 ,FWT6H78 ,Articulado ,2016,P7,0.006575,5.5e-05
E6 ,Grajau,61310 ,GID6840 ,Articulado ,2016,P7,0.006575,5.5e-05
E6 ,Grajau,61311 ,FCE3233 ,Articulado ,2016,P7,0.006575,5.5e-05
E6 ,Grajau,61313 ,FBI4I29 ,Articulado ,2016,P7,0.006575,5.5e-05
E6 ,Grajau,61314 ,FXH2645 ,Articulado ,2016,P7,0.006575,5.5e-05
E6 ,Grajau,61315 ,FZS2I18 ,Articulado ,2016,P7,0.006575,5.5e-05
E6 ,Grajau,61316 ,GBR6F81 ,Articulado ,2016,P7,0.006575,5.5e-05
E6 ,Grajau,61317 ,FTR2062 ,Articulado ,2016,P7,0.006575,5.5e-05
AR4 ,Express,48053 ,GEF4I18 ,Padron ,2016,P7,0.006575,5.5e-05
E6 ,Grajau,61318 ,FPV4F27 ,Articulado ,2016,P7,0.006575,5.5e-05
E6 ,Grajau,61320 ,FRV3155 ,Articulado ,2016,P7,0.006575,5.5e-05
E6 ,Grajau,61321 ,GFQ9F64 ,Articulado ,2016,P7,0.006575,5.5e-05
E6 ,Grajau,61322 ,GGL8G10 ,Articulado ,2016,P7,0.006575,5.5e-05
E6 ,Grajau,61323 ,FGD7003 ,Articulado ,2016,P7,0.006575,5.5e-05
E6 ,Grajau,61324 ,FZS0698 ,Articulado ,2016,P7,0.006575,5.5e-05
E6 ,Grajau,61325 ,GGZ6770 ,Articulado ,2016,P7,0.006575,5.5e-05
E6 ,Grajau,61326 ,FDS6452 ,Articulado ,2016,P7,0.006575,5.5e-05
E6 ,Grajau,61327 ,FIN9I51 ,Articulado ,2016,P7,0.006575,5.5e-05
E6 ,Grajau,61319 ,FCU7D86 ,Articulado ,2016,P7,0.006575,5.5e-05
AR4 ,Express,48567 ,FKQ7869 ,Padron ,2016,P7,0.006575,5.5e-05
AR4 ,Express,48569 ,GCK2754 ,Padron ,2016,P7,0.006575,5.5e-05
AR3 ,Metropole,32134 ,GCP8982 ,Padron ,2016,P7,0.006575,5.5e-05
AR3 ,Metropole,32420 ,FFP2583 ,Padron ,2016,P7,0.006575,5.5e-05
D1 ,Norte Buss,16123 ,GGB4A30 ,Miniônibus ,2016,P7,0.006575,5.5e-05
D1 ,Norte Buss,16126 ,GIF8J78 ,Miniônibus ,2016,P7,0.006575,5.5e-05
AR3 ,Metropole,32395 ,GFL2249 ,Padron ,2016,P7,0.006575,5.5e-05
AR3 ,Metropole,32299 ,FYO9425 ,Padron ,2016,P7,0.006575,5.5e-05
AR3 ,Metropole,32298 ,FIX3071 ,Padron ,2016,P7,0.006575,5.5e-05
AR3 ,Metropole,32297 ,FZY2603 ,Padron ,2016,P7,0.006575,5.5e-05
AR3 ,Metropole,32295 ,GAQ9304 ,Padron ,2016,P7,0.006575,5.5e-05
AR3 ,Metropole,32422 ,GBH1614 ,Padron ,2016,P7,0.006575,5.5e-05
AR3 ,Metropole,32293 ,GAJ9491 ,Padron ,2016,P7,0.006575,5.5e-05
D2 ,Norte Buss,26175 ,GDL8668 ,Midiônibus ,2016,P7,0.006575,5.5e-05
D1 ,Norte Buss,16137 ,GHI9262 ,Miniônibus ,2016,P7,0.006575,5.5e-05
D1 ,Norte Buss,16149 ,FGA8333 ,Miniônibus ,2016,P7,0.006575,5.5e-05
D1 ,Norte Buss,16155 ,FIO7875 ,Miniônibus ,2016,P7,0.006575,5.5e-05
D1 ,Norte Buss,16162 ,GFU4892 ,Miniônibus ,2016,P7,0.006575,5.5e-05
D11 ,Transwolff,78073 ,GJR9520 ,Midiônibus ,2016,P7,0.006575,5.5e-05
D1 ,Norte Buss,16173 ,FXN9069 ,Miniônibus ,2016,P7,0.006575,5.5e-05
D1 ,Norte Buss,16176 ,FAB0531 ,Miniônibus ,2016,P7,0.006575,5.5e-05
AR3 ,Metropole,32291 ,GDJ6347 ,Padron ,2016,P7,0.006575,5.5e-05
D1 ,Norte Buss,16180 ,GED7080 ,Miniônibus ,2016,P7,0.006575,5.5e-05
AR3 ,Metropole,32423 ,FAS6402 ,Padron ,2016,P7,0.006575,5.5e-05
AR3 ,Metropole,32430 ,GEU2239 ,Padron ,2016,P7,0.006575,5.5e-05
D1 ,Norte Buss,16046 ,GIL6046 ,Miniônibus ,2016,P7,0.006575,5.5e-05
E1 ,Brigida,11455 ,GHB3649 ,Padron ,2016,P7,0.006575,5.5e-05
E1 ,Brigida,11454 ,GIH5154 ,Padron ,2016,P7,0.006575,5.5e-05
E1 ,Brigida,11453 ,GIV5179 ,Padron ,2016,P7,0.006575,5.5e-05
D11 ,Transwolff,78340 ,FNO6157 ,Básico ,2016,P7,0.006575,5.5e-05
D8 ,Movebuss,55333 ,GJK9400 ,Básico ,2016,P7,0.006575,5.5e-05
E1 ,Brigida,11452 ,GKF6158 ,Padron ,2016,P7,0.006575,5.5e-05
E1 ,Brigida,11451 ,FHH8141 ,Padron ,2016,P7,0.006575,5.5e-05
AR3 ,Metropole,32426 ,FOR6957 ,Padron ,2016,P7,0.006575,5.5e-05
D8 ,Movebuss,55365 ,GEN6170 ,Básico ,2016,P7,0.006575,5.5e-05
D8 ,Movebuss,55428 ,GDV0556 ,Básico ,2016,P7,0.006575,5.5e-05
D8 ,Movebuss,55432 ,GET5317 ,Midiônibus ,2016,P7,0.006575,5.5e-05
D1 ,Norte Buss,16075 ,FTZ6332 ,Miniônibus ,2016,P7,0.006575,5.5e-05
D11 ,Transwolff,78266 ,GFJ9B60 ,Midiônibus ,2016,P7,0.006575,5.5e-05
D8 ,Movebuss,55489 ,GDF9800 ,Miniônibus ,2016,P7,0.006575,5.5e-05
D1 ,Norte Buss,16098 ,GES6G60 ,Miniônibus ,2016,P7,0.006575,5.5e-05
D1 ,Norte Buss,16103 ,FCV4373 ,Miniônibus ,2016,P7,0.006575,5.5e-05
D1 ,Norte Buss,16105 ,GBU6515 ,Miniônibus ,2016,P7,0.006575,5.5e-05
D8 ,Movebuss,55405 ,FOO9986 ,Básico ,2016,P7,0.006575,5.5e-05
D1 ,Norte Buss,16463 ,FPM3B91 ,Miniônibus ,2016,P7,0.006575,5.5e-05
D1 ,Norte Buss,16194 ,FKU4514 ,Miniônibus ,2016,P7,0.006575,5.5e-05
D11 ,Transwolff,78012 ,GDS9780 ,Midiônibus ,2016,P7,0.006575,5.5e-05
AR8 ,G Preto,82582 ,GIS0937 ,Padron ,2016,P7,0.006575,5.5e-05
AR8 ,G Preto,82583 ,GFW1299 ,Padron ,2016,P7,0.006575,5.5e-05
AR3 ,Metropole,32144 ,FIX9508 ,Padron ,2016,P7,0.006575,5.5e-05
AR3 ,Metropole,32143 ,FQF9421 ,Padron ,2016,P7,0.006575,5.5e-05
AR3 ,Metropole,32142 ,GEQ5840 ,Padron ,2016,P7,0.006575,5.5e-05
AR3 ,Metropole,32141 ,FYI3129 ,Padron ,2016,P7,0.006575,5.5e-05
AR3 ,Metropole,32140 ,FDS0138 ,Padron ,2016,P7,0.006575,5.5e-05
AR8 ,G Preto,82584 ,GHQ4091 ,Padron ,2016,P7,0.006575,5.5e-05
AR8 ,G Preto,82581 ,GDA3476 ,Padron ,2016,P7,0.006575,5.5e-05
AR8 ,G Preto,82585 ,GEB4677 ,Padron ,2016,P7,0.006575,5.5e-05
AR3 ,Metropole,32139 ,GBR1597 ,Padron ,2016,P7,0.006575,5.5e-05
AR8 ,G Preto,82593 ,GFN8055 ,Padron ,2016,P7,0.006575,5.5e-05
AR4 ,Express,48571 ,FOQ3935 ,Padron ,2016,P7,0.006575,5.5e-05
AR4 ,Express,48570 ,FGA7356 ,Padron ,2016,P7,0.006575,5.5e-05
AR3 ,Metropole,32138 ,FCM8317 ,Padron ,2016,P7,0.006575,5.5e-05
AR3 ,Metropole,32137 ,FAF9664 ,Padron ,2016,P7,0.006575,5.5e-05
AR3 ,Metropole,32136 ,FPV7383 ,Padron ,2016,P7,0.006575,5.5e-05
AR3 ,Metropole,32135 ,FOJ3084 ,Padron ,2016,P7,0.006575,5.5e-05
AR8 ,G Preto,82587 ,GGQ4286 ,Padron ,2016,P7,0.006575,5.5e-05
D1 ,Norte Buss,16206 ,FFK1426 ,Miniônibus ,2016,P7,0.006575,5.5e-05
AR8 ,G Preto,82580 ,GII3916 ,Padron ,2016,P7,0.006575,5.5e-05
D1 ,Norte Buss,16229 ,FJR9363 ,Miniônibus ,2016,P7,0.006575,5.5e-05
AR3 ,Metropole,32182 ,FDR9475 ,Padron ,2016,P7,0.006575,5.5e-05
AR3 ,Metropole,32181 ,GDI0458 ,Padron ,2016,P7,0.006575,5.5e-05
AR3 ,Metropole,32180 ,FSM6896 ,Padron ,2016,P7,0.006575,5.5e-05
AR3 ,Metropole,32179 ,GJV8786 ,Padron ,2016,P7,0.006575,5.5e-05
AR3 ,Metropole,32178 ,GIO2928 ,Padron ,2016,P7,0.006575,5.5e-05
AR3 ,Metropole,32177 ,FBY2902 ,Padron ,2016,P7,0.006575,5.5e-05
AR3 ,Metropole,32176 ,GEL3983 ,Padron ,2016,P7,0.006575,5.5e-05
D1 ,Norte Buss,16208 ,GHJ3940 ,Miniônibus ,2016,P7,0.006575,5.5e-05
AR8 ,G Preto,82579 ,GEL3204 ,Padron ,2016,P7,0.006575,5.5e-05
D1 ,Norte Buss,16215 ,GKA5240 ,Miniônibus ,2016,P7,0.006575,5.5e-05
AR8 ,G Preto,82542 ,GGU2371 ,Padron ,2016,P7,0.006575,5.5e-05
AR8 ,G Preto,82543 ,FDA3762 ,Padron ,2016,P7,0.006575,5.5e-05
AR8 ,G Preto,82544 ,FZJ4083 ,Padron ,2016,P7,0.006575,5.5e-05
D1 ,Norte Buss,16223 ,FDC4I89 ,Miniônibus ,2016,P7,0.006575,5.5e-05
AR8 ,G Preto,82546 ,FLQ2831 ,Padron ,2016,P7,0.006575,5.5e-05
AR8 ,G Preto,82577 ,GFS1173 ,Padron ,2016,P7,0.006575,5.5e-05
D1 ,Norte Buss,16227 ,GED8483 ,Miniônibus ,2016,P7,0.006575,5.5e-05
AR8 ,G Preto,82578 ,GIM5494 ,Padron ,2016,P7,0.006575,5.5e-05
AR8 ,G Preto,82541 ,GJL3860 ,Padron ,2016,P7,0.006575,5.5e-05
D10 ,Transwolff,66110 ,GFB7419 ,Básico ,2016,P7,0.006575,5.5e-05
E6 ,Grajau,61295 ,GDD9704 ,Padron ,2016,P7,0.006575,5.5e-05
D2 ,Norte Buss,26035 ,FRF3923 ,Miniônibus ,2016,P7,0.006575,5.5e-05
AR2 ,Sambaiba,22310 ,FYQ8192 ,Básico ,2016,P7,0.006575,5.5e-05
AR2 ,Sambaiba,22308 ,GBH7123 ,Básico ,2016,P7,0.006575,5.5e-05
AR2 ,Sambaiba,22306 ,FWZ4245 ,Básico ,2016,P7,0.006575,5.5e-05
AR9 ,C Belo,72760 ,FRU5842 ,Padron ,2016,P7,0.006575,5.5e-05
AR2 ,Sambaiba,22303 ,FJV8132 ,Básico ,2016,P7,0.006575,5.5e-05
AR2 ,Sambaiba,22301 ,GES6960 ,Básico ,2016,P7,0.006575,5.5e-05
AR9 ,C Belo,72761 ,FTH9E62 ,Padron ,2016,P7,0.006575,5.5e-05
D10 ,Transwolff,66915 ,GFW9910 ,Básico ,2016,P7,0.006575,5.5e-05
D9 ,A2,68387 ,GFM7J04 ,Miniônibus ,2016,P7,0.006575,5.5e-05
D9 ,A2,68375 ,FRT3C74 ,Básico ,2016,P7,0.006575,5.5e-05
D9 ,A2,68374 ,FKH3893 ,Básico ,2016,P7,0.006575,5.5e-05
AR9 ,C Belo,72762 ,FSQ4985 ,Padron ,2016,P7,0.006575,5.5e-05
AR9 ,C Belo,72763 ,FTY7453 ,Padron ,2016,P7,0.006575,5.5e-05
D9 ,A2,68373 ,FMY6241 ,Básico ,2016,P7,0.006575,5.5e-05
D9 ,A2,68372 ,GEK4245 ,Básico ,2016,P7,0.006575,5.5e-05
E8 ,C Belo,71877 ,GHT6271 ,Articulado ,2016,P7,0.006575,5.5e-05
E8 ,C Belo,71876 ,FTN5119 ,Articulado ,2016,P7,0.006575,5.5e-05
E8 ,C Belo,71875 ,GDO6970 ,Articulado ,2016,P7,0.006575,5.5e-05
E8 ,C Belo,71874 ,GGL2920 ,Articulado ,2016,P7,0.006575,5.5e-05
E8 ,C Belo,71873 ,GDC0158 ,Articulado ,2016,P7,0.006575,5.5e-05
E8 ,C Belo,71872 ,FPR5387 ,Articulado ,2016,P7,0.006575,5.5e-05
E8 ,C Belo,71871 ,FEF3546 ,Articulado ,2016,P7,0.006575,5.5e-05
E8 ,C Belo,71870 ,FJV9435 ,Articulado ,2016,P7,0.006575,5.5e-05
E8 ,C Belo,71869 ,FWH1554 ,Articulado ,2016,P7,0.006575,5.5e-05
E8 ,C Belo,71868 ,FCT3943 ,Articulado ,2016,P7,0.006575,5.5e-05
AR2 ,Sambaiba,22311 ,GGN6805 ,Básico ,2016,P7,0.006575,5.5e-05
AR2 ,Sambaiba,22312 ,GCY2914 ,Básico ,2016,P7,0.006575,5.5e-05
E8 ,C Belo,71878 ,FKI4502 ,Articulado ,2016,P7,0.006575,5.5e-05
D10 ,Transwolff,66905 ,FPJ1D99 ,Midiônibus ,2016,P7,0.006575,5.5e-05
AR2 ,Sambaiba,22410 ,GES4757 ,Básico ,2016,P7,0.006575,5.5e-05
AR9 ,C Belo,72575 ,FQY9124 ,Padron ,2016,P7,0.006575,5.5e-05
D9 ,A2,68494 ,GDP9211 ,Básico ,2016,P7,0.006575,5.5e-05
AR2 ,Sambaiba,22409 ,GJJ7916 ,Básico ,2016,P7,0.006575,5.5e-05
AR9 ,C Belo,72577 ,GDL4809 ,Padron ,2016,P7,0.006575,5.5e-05
AR9 ,C Belo,72578 ,FQL3641 ,Padron ,2016,P7,0.006575,5.5e-05
AR2 ,Sambaiba,22408 ,FOH1512 ,Básico ,2016,P7,0.006575,5.5e-05
AR2 ,Sambaiba,22407 ,FWD9755 ,Básico ,2016,P7,0.006575,5.5e-05
AR2 ,Sambaiba,22406 ,GAX0D75 ,Básico ,2016,P7,0.006575,5.5e-05
AR2 ,Sambaiba,22405 ,GJL5070 ,Básico ,2016,P7,0.006575,5.5e-05
AR2 ,Sambaiba,22404 ,GCY6432 ,Básico ,2016,P7,0.006575,5.5e-05
AR2 ,Sambaiba,22403 ,FPW2089 ,Básico ,2016,P7,0.006575,5.5e-05
E8 ,C Belo,71867 ,GEJ6400 ,Articulado ,2016,P7,0.006575,5.5e-05
AR2 ,Sambaiba,22402 ,GCK8764 ,Básico ,2016,P7,0.006575,5.5e-05
AR2 ,Sambaiba,22400 ,FYR3283 ,Básico ,2016,P7,0.006575,5.5e-05
AR9 ,C Belo,72462 ,GGW9760 ,Padron ,2016,P7,0.006575,5.5e-05
D10 ,Transwolff,66891 ,GHO6435 ,Básico ,2016,P7,0.006575,5.5e-05
D9 ,A2,68492 ,GGH9428 ,Básico ,2016,P7,0.006575,5.5e-05
D9 ,A2,68490 ,FCQ3758 ,Básico ,2016,P7,0.006575,5.5e-05
D10 ,Transwolff,66894 ,GFC9170 ,Básico ,2016,P7,0.006575,5.5e-05
D10 ,Transwolff,66898 ,FZX2414 ,Básico ,2016,P7,0.006575,5.5e-05
D9 ,A2,68489 ,FYG5972 ,Básico ,2016,P7,0.006575,5.5e-05
D10 ,Transwolff,66899 ,GJG7380 ,Básico ,2016,P7,0.006575,5.5e-05
AR9 ,C Belo,72579 ,GAQ5289 ,Padron ,2016,P7,0.006575,5.5e-05
AR9 ,C Belo,72580 ,GCV4250 ,Padron ,2016,P7,0.006575,5.5e-05
AR9 ,C Belo,72581 ,FTU9741 ,Padron ,2016,P7,0.006575,5.5e-05
AR2 ,Sambaiba,22401 ,FQC9028 ,Básico ,2016,P7,0.006575,5.5e-05
AR2 ,Sambaiba,22411 ,GHF9394 ,Básico ,2016,P7,0.006575,5.5e-05
D2 ,Norte Buss,26025 ,GFF0075 ,Miniônibus ,2016,P7,0.006575,5.5e-05
E8 ,C Belo,71865 ,GGB7569 ,Articulado ,2016,P7,0.006575,5.5e-05
E8 ,C Belo,71852 ,FMI6022 ,Articulado ,2016,P7,0.006575,5.5e-05
E8 ,C Belo,71851 ,FHW6912 ,Articulado ,2016,P7,0.006575,5.5e-05
E8 ,C Belo,71850 ,FOJ9078 ,Articulado ,2016,P7,0.006575,5.5e-05
E8 ,C Belo,71849 ,GGP8890 ,Articulado ,2016,P7,0.006575,5.5e-05
AR2 ,Sambaiba,22159 ,GFG2083 ,Básico ,2016,P7,0.006575,5.5e-05
AR2 ,Sambaiba,22156 ,GGF6008 ,Básico ,2016,P7,0.006575,5.5e-05
AR2 ,Sambaiba,22153 ,FVO5701 ,Básico ,2016,P7,0.006575,5.5e-05
AR2 ,Sambaiba,22152 ,GEO9362 ,Básico ,2016,P7,0.006575,5.5e-05
AR2 ,Sambaiba,22151 ,FXX2892 ,Básico ,2016,P7,0.006575,5.5e-05
AR2 ,Sambaiba,22149 ,FXF2968 ,Básico ,2016,P7,0.006575,5.5e-05
AR2 ,Sambaiba,22148 ,FZS5965 ,Básico ,2016,P7,0.006575,5.5e-05
AR2 ,Sambaiba,22147 ,GCE3493 ,Básico ,2016,P7,0.006575,5.5e-05
AR2 ,Sambaiba,22146 ,GEZ7194 ,Básico ,2016,P7,0.006575,5.5e-05
AR2 ,Sambaiba,22145 ,GAF6919 ,Básico ,2016,P7,0.006575,5.5e-05
AR2 ,Sambaiba,22142 ,FKG3I62 ,Básico ,2016,P7,0.006575,5.5e-05
AR2 ,Sambaiba,22141 ,GEY3792 ,Básico ,2016,P7,0.006575,5.5e-05
AR2 ,Sambaiba,22140 ,GCY2541 ,Básico ,2016,P7,0.006575,5.5e-05
AR2 ,Sambaiba,22139 ,FLP8153 ,Básico ,2016,P7,0.006575,5.5e-05
AR2 ,Sambaiba,22135 ,GEL6862 ,Básico ,2016,P7,0.006575,5.5e-05
AR2 ,Sambaiba,22134 ,GCM6396 ,Básico ,2016,P7,0.006575,5.5e-05
AR2 ,Sambaiba,22133 ,GGG6073 ,Básico ,2016,P7,0.006575,5.5e-05
AR2 ,Sambaiba,22132 ,GJX2379 ,Básico ,2016,P7,0.006575,5.5e-05
AR2 ,Sambaiba,22131 ,FML1601 ,Básico ,2016,P7,0.006575,5.5e-05
AR2 ,Sambaiba,22130 ,FLP3417 ,Básico ,2016,P7,0.006575,5.5e-05
AR2 ,Sambaiba,22129 ,FJR9397 ,Básico ,2016,P7,0.006575,5.5e-05
E8 ,C Belo,71853 ,FPP8221 ,Articulado ,2016,P7,0.006575,5.5e-05
D9 ,A2,68368 ,FNB7953 ,Básico ,2016,P7,0.006575,5.5e-05
D10 ,Transwolff,66916 ,GJI4568 ,Básico ,2016,P7,0.006575,5.5e-05
D9 ,A2,68369 ,FVQ2B63 ,Básico ,2016,P7,0.006575,5.5e-05
AR9 ,C Belo,72764 ,FTE6934 ,Padron ,2016,P7,0.006575,5.5e-05
E8 ,C Belo,71864 ,FHF6001 ,Articulado ,2016,P7,0.006575,5.5e-05
E8 ,C Belo,71863 ,FJC4569 ,Articulado ,2016,P7,0.006575,5.5e-05
E8 ,C Belo,71862 ,GHC7750 ,Articulado ,2016,P7,0.006575,5.5e-05
E8 ,C Belo,71861 ,GFA7968 ,Articulado ,2016,P7,0.006575,5.5e-05
E8 ,C Belo,71421 ,GCE6807 ,Articulado ,2016,P7,0.006575,5.5e-05
E8 ,C Belo,71422 ,GDW0028 ,Articulado ,2016,P7,0.006575,5.5e-05
E8 ,C Belo,71423 ,GGM1699 ,Articulado ,2016,P7,0.006575,5.5e-05
D10 ,Transwolff,66598 ,GEK3D60 ,Midiônibus ,2016,P7,0.006575,5.5e-05
D2 ,Norte Buss,26036 ,GDA7906 ,Miniônibus ,2016,P7,0.006575,5.5e-05
AR9 ,C Belo,72765 ,FSL2416 ,Padron ,2016,P7,0.006575,5.5e-05
D9 ,A2,68371 ,FXP8934 ,Básico ,2016,P7,0.006575,5.5e-05
E8 ,C Belo,71866 ,FTY5642 ,Articulado ,2016,P7,0.006575,5.5e-05
E8 ,C Belo,71424 ,FXX5181 ,Articulado ,2016,P7,0.006575,5.5e-05
E8 ,C Belo,71426 ,GDL1593 ,Articulado ,2016,P7,0.006575,5.5e-05
E8 ,C Belo,71427 ,FRB2454 ,Articulado ,2016,P7,0.006575,5.5e-05
E8 ,C Belo,71428 ,GAM4725 ,Articulado ,2016,P7,0.006575,5.5e-05
E8 ,C Belo,71429 ,GHX7596 ,Articulado ,2016,P7,0.006575,5.5e-05
E8 ,C Belo,71430 ,GAS9437 ,Articulado ,2016,P7,0.006575,5.5e-05
E8 ,C Belo,71860 ,GHY3168 ,Articulado ,2016,P7,0.006575,5.5e-05
E8 ,C Belo,71859 ,FCS8098 ,Articulado ,2016,P7,0.006575,5.5e-05
E8 ,C Belo,71858 ,FLV5B59 ,Articulado ,2016,P7,0.006575,5.5e-05
E8 ,C Belo,71857 ,FXO6978 ,Articulado ,2016,P7,0.006575,5.5e-05
E8 ,C Belo,71856 ,GEV8470 ,Articulado ,2016,P7,0.006575,5.5e-05
E8 ,C Belo,71855 ,FJG6687 ,Articulado ,2016,P7,0.006575,5.5e-05
E8 ,C Belo,71854 ,GEZ0360 ,Articulado ,2016,P7,0.006575,5.5e-05
E8 ,C Belo,71425 ,FPQ3872 ,Articulado ,2016,P7,0.006575,5.5e-05
AR2 ,Sambaiba,22412 ,GEA4677 ,Básico ,2016,P7,0.006575,5.5e-05
AR9 ,C Belo,72574 ,GAJ0237 ,Padron ,2016,P7,0.006575,5.5e-05
D10 ,Transwolff,66424 ,GEN0754 ,Básico ,2016,P7,0.006575,5.5e-05
E8 ,C Belo,71167 ,GBJ3212 ,Articulado ,2016,P7,0.006575,5.5e-05
D10 ,Transwolff,66664 ,GJI2C30 ,Midiônibus ,2016,P7,0.006575,5.5e-05
E8 ,C Belo,71168 ,GGU3157 ,Articulado ,2016,P7,0.006575,5.5e-05
E8 ,C Belo,71170 ,GFR3014 ,Articulado ,2016,P7,0.006575,5.5e-05
E8 ,C Belo,71171 ,GEH8053 ,Articulado ,2016,P7,0.006575,5.5e-05
E8 ,C Belo,71172 ,GBE1794 ,Articulado ,2016,P7,0.006575,5.5e-05
E8 ,C Belo,71173 ,GGD3725 ,Articulado ,2016,P7,0.006575,5.5e-05
E8 ,C Belo,71174 ,FQL0646 ,Articulado ,2016,P7,0.006575,5.5e-05
AR9 ,C Belo,72482 ,GGE3H69 ,Padron ,2016,P7,0.006575,5.5e-05
AR9 ,C Belo,72485 ,GHZ3H80 ,Padron ,2016,P7,0.006575,5.5e-05
AR9 ,C Belo,72486 ,GIK7702 ,Padron ,2016,P7,0.006575,5.5e-05
D10 ,Transwolff,66538 ,FVK9709 ,Básico ,2016,P7,0.006575,5.5e-05
E8 ,C Belo,71230 ,FQI8691 ,Articulado ,2016,P7,0.006575,5.5e-05
D9 ,A2,68811 ,FND3609 ,Miniônibus ,2016,P7,0.006575,5.5e-05
AR9 ,C Belo,72488 ,GCR2A83 ,Padron ,2016,P7,0.006575,5.5e-05
D10 ,Transwolff,66532 ,GFP9810 ,Básico ,2016,P7,0.006575,5.5e-05
E8 ,C Belo,71232 ,FTF9674 ,Articulado ,2016,P7,0.006575,5.5e-05
E8 ,C Belo,71233 ,FJB7377 ,Articulado ,2016,P7,0.006575,5.5e-05
E8 ,C Belo,71234 ,GII9663 ,Articulado ,2016,P7,0.006575,5.5e-05
E8 ,C Belo,71235 ,FTZ4974 ,Articulado ,2016,P7,0.006575,5.5e-05
AR9 ,C Belo,72489 ,GDZ0C35 ,Padron ,2016,P7,0.006575,5.5e-05
E8 ,C Belo,71236 ,FAB8263 ,Articulado ,2016,P7,0.006575,5.5e-05
E8 ,C Belo,71237 ,FIQ6851 ,Articulado ,2016,P7,0.006575,5.5e-05
E8 ,C Belo,71238 ,GFZ0230 ,Articulado ,2016,P7,0.006575,5.5e-05
AR9 ,C Belo,72491 ,GAJ6I37 ,Padron ,2016,P7,0.006575,5.5e-05
E8 ,C Belo,71166 ,GEF9205 ,Articulado ,2016,P7,0.006575,5.5e-05
E8 ,C Belo,71165 ,GCS7104 ,Articulado ,2016,P7,0.006575,5.5e-05
D10 ,Transwolff,66661 ,GIS6697 ,Básico ,2016,P7,0.006575,5.5e-05
E8 ,C Belo,71164 ,GGM4931 ,Articulado ,2016,P7,0.006575,5.5e-05
AR9 ,C Belo,72474 ,GEZ6705 ,Padron ,2016,P7,0.006575,5.5e-05
D9 ,A2,68887 ,FIF7768 ,Miniônibus ,2016,P7,0.006575,5.5e-05
AR9 ,C Belo,72473 ,GEZ5145 ,Padron ,2016,P7,0.006575,5.5e-05
AR9 ,C Belo,72463 ,GFI8678 ,Padron ,2016,P7,0.006575,5.5e-05
AR9 ,C Belo,72480 ,GFY1737 ,Padron ,2016,P7,0.006575,5.5e-05
AR9 ,C Belo,72557 ,GFR3I63 ,Padron ,2016,P7,0.006575,5.5e-05
E8 ,C Belo,71125 ,GDV7330 ,Articulado ,2016,P7,0.006575,5.5e-05
D10 ,Transwolff,66603 ,GCV5598 ,Básico ,2016,P7,0.006575,5.5e-05
E8 ,C Belo,71126 ,GCE8539 ,Articulado ,2016,P7,0.006575,5.5e-05
E8 ,C Belo,71127 ,GHX2070 ,Articulado ,2016,P7,0.006575,5.5e-05
D10 ,Transwolff,66604 ,GKH7186 ,Básico ,2016,P7,0.006575,5.5e-05
D10 ,Transwolff,66611 ,GFV1969 ,Básico ,2016,P7,0.006575,5.5e-05
E8 ,C Belo,71239 ,FBI6072 ,Articulado ,2016,P7,0.006575,5.5e-05
E8 ,C Belo,71128 ,GHB9183 ,Articulado ,2016,P7,0.006575,5.5e-05
E8 ,C Belo,71130 ,FSZ4951 ,Articulado ,2016,P7,0.006575,5.5e-05
E8 ,C Belo,71131 ,GIX7886 ,Articulado ,2016,P7,0.006575,5.5e-05
D10 ,Transwolff,66650 ,FVV5408 ,Básico ,2016,P7,0.006575,5.5e-05
E8 ,C Belo,71132 ,GGE2213 ,Articulado ,2016,P7,0.006575,5.5e-05
AR9 ,C Belo,72481 ,GGS4508 ,Padron ,2016,P7,0.006575,5.5e-05
D10 ,Transwolff,66548 ,GBV6029 ,Básico ,2016,P7,0.006575,5.5e-05
E8 ,C Belo,71133 ,GHF6018 ,Articulado ,2016,P7,0.006575,5.5e-05
E8 ,C Belo,71135 ,GEX8522 ,Articulado ,2016,P7,0.006575,5.5e-05
E8 ,C Belo,71160 ,GHI9710 ,Articulado ,2016,P7,0.006575,5.5e-05
E8 ,C Belo,71161 ,GCW5946 ,Articulado ,2016,P7,0.006575,5.5e-05
E8 ,C Belo,71162 ,GDY4109 ,Articulado ,2016,P7,0.006575,5.5e-05
E8 ,C Belo,71163 ,GIO8595 ,Articulado ,2016,P7,0.006575,5.5e-05
E8 ,C Belo,71129 ,GFJ1032 ,Articulado ,2016,P7,0.006575,5.5e-05
D10 ,Transwolff,66710 ,GDE5630 ,Midiônibus ,2016,P7,0.006575,5.5e-05
AR9 ,C Belo,72492 ,GIP0C70 ,Padron ,2016,P7,0.006575,5.5e-05
AR9 ,C Belo,72494 ,GHH8G98 ,Padron ,2016,P7,0.006575,5.5e-05
D9 ,A2,68497 ,GFM9336 ,Básico ,2016,P7,0.006575,5.5e-05
AR9 ,C Belo,72563 ,GFG3C39 ,Padron ,2016,P7,0.006575,5.5e-05
D9 ,A2,68496 ,GDW1611 ,Básico ,2016,P7,0.006575,5.5e-05
AR9 ,C Belo,72565 ,GDA5480 ,Padron ,2016,P7,0.006575,5.5e-05
AR9 ,C Belo,72566 ,GDZ2498 ,Padron ,2016,P7,0.006575,5.5e-05
D10 ,Transwolff,66450 ,GDY9470 ,Básico ,2016,P7,0.006575,5.5e-05
D9 ,A2,68495 ,FUH7743 ,Básico ,2016,P7,0.006575,5.5e-05
AR9 ,C Belo,72567 ,FTC7581 ,Padron ,2016,P7,0.006575,5.5e-05
D10 ,Transwolff,66444 ,GBU8378 ,Básico ,2016,P7,0.006575,5.5e-05
AR9 ,C Belo,72568 ,FUH8312 ,Padron ,2016,P7,0.006575,5.5e-05
AR2 ,Sambaiba,22419 ,FXJ5205 ,Básico ,2016,P7,0.006575,5.5e-05
AR2 ,Sambaiba,22418 ,FFK3021 ,Básico ,2016,P7,0.006575,5.5e-05
D10 ,Transwolff,66474 ,GGD2170 ,Básico ,2016,P7,0.006575,5.5e-05
AR2 ,Sambaiba,22417 ,GJY1759 ,Básico ,2016,P7,0.006575,5.5e-05
D2 ,Spencer,25252 ,FZT2614 ,Básico ,2016,P7,0.006575,5.5e-05
D2 ,Spencer,25253 ,FYM0585 ,Básico ,2016,P7,0.006575,5.5e-05
D2 ,Spencer,25254 ,FKP1843 ,Básico ,2016,P7,0.006575,5.5e-05
D2 ,Spencer,25255 ,FIY3952 ,Básico ,2016,P7,0.006575,5.5e-05
AR9 ,C Belo,72569 ,FTC5923 ,Padron ,2016,P7,0.006575,5.5e-05
AR9 ,C Belo,72570 ,FSJ7814 ,Padron ,2016,P7,0.006575,5.5e-05
AR9 ,C Belo,72571 ,GBA8325 ,Padron ,2016,P7,0.006575,5.5e-05
AR9 ,C Belo,72572 ,FRP2913 ,Padron ,2016,P7,0.006575,5.5e-05
AR2 ,Sambaiba,22415 ,FCW7486 ,Básico ,2016,P7,0.006575,5.5e-05
AR2 ,Sambaiba,22414 ,GHP7642 ,Básico ,2016,P7,0.006575,5.5e-05
AR9 ,C Belo,72573 ,GBD9386 ,Padron ,2016,P7,0.006575,5.5e-05
AR2 ,Sambaiba,22413 ,GEN5679 ,Básico ,2016,P7,0.006575,5.5e-05
D2 ,Spencer,25251 ,FKS6903 ,Básico ,2016,P7,0.006575,5.5e-05
AR2 ,Sambaiba,22128 ,GFW5914 ,Básico ,2016,P7,0.006575,5.5e-05
AR2 ,Sambaiba,22420 ,FSQ9D77 ,Básico ,2016,P7,0.006575,5.5e-05
D10 ,Transwolff,66504 ,GBC0683 ,Midiônibus ,2016,P7,0.006575,5.5e-05
AR9 ,C Belo,72495 ,GCE8J23 ,Padron ,2016,P7,0.006575,5.5e-05
AR9 ,C Belo,72558 ,GBV7049 ,Padron ,2016,P7,0.006575,5.5e-05
AR9 ,C Belo,72551 ,GDV5B49 ,Padron ,2016,P7,0.006575,5.5e-05
D9 ,A2,68714 ,FPR7543 ,Miniônibus ,2016,P7,0.006575,5.5e-05
D10 ,Transwolff,66739 ,GJG5B11 ,Básico ,2016,P7,0.006575,5.5e-05
D9 ,A2,68698 ,GEI0334 ,Miniônibus ,2016,P7,0.006575,5.5e-05
D10 ,Transwolff,66759 ,FEW4755 ,Básico ,2016,P7,0.006575,5.5e-05
D10 ,Transwolff,66760 ,GDV4530 ,Básico ,2016,P7,0.006575,5.5e-05
D9 ,A2,68678 ,GAX6646 ,Miniônibus ,2016,P7,0.006575,5.5e-05
D9 ,A2,68676 ,GFV9965 ,Miniônibus ,2016,P7,0.006575,5.5e-05
AR9 ,C Belo,72552 ,GHH2478 ,Padron ,2016,P7,0.006575,5.5e-05
AR9 ,C Belo,72553 ,GEZ4C40 ,Padron ,2016,P7,0.006575,5.5e-05
AR9 ,C Belo,72562 ,GFQ5306 ,Padron ,2016,P7,0.006575,5.5e-05
D10 ,Transwolff,66766 ,GDA6970 ,Básico ,2016,P7,0.006575,5.5e-05
AR9 ,C Belo,72554 ,GGB7B91 ,Padron ,2016,P7,0.006575,5.5e-05
AR9 ,C Belo,72555 ,FUR2C81 ,Padron ,2016,P7,0.006575,5.5e-05
AR9 ,C Belo,72556 ,GGG2A82 ,Padron ,2016,P7,0.006575,5.5e-05
D10 ,Transwolff,66790 ,GHD4529 ,Básico ,2016,P7,0.006575,5.5e-05
D9 ,A2,68504 ,FNG1236 ,Básico ,2016,P7,0.006575,5.5e-05
D10 ,Transwolff,66819 ,FYK7430 ,Básico ,2016,P7,0.006575,5.5e-05
D9 ,A2,68502 ,FVK9986 ,Básico ,2016,P7,0.006575,5.5e-05
AR9 ,C Belo,72559 ,GGS1D38 ,Padron ,2016,P7,0.006575,5.5e-05
D9 ,A2,68501 ,GBC4424 ,Básico ,2016,P7,0.006575,5.5e-05
D9 ,A2,68500 ,GGQ7378 ,Midiônibus ,2016,P7,0.006575,5.5e-05
AR9 ,C Belo,72561 ,GDM6290 ,Padron ,2016,P7,0.006575,5.5e-05
D9 ,A2,68499 ,FIV7802 ,Básico ,2016,P7,0.006575,5.5e-05
D9 ,A2,68651 ,FUK4317 ,Miniônibus ,2016,P7,0.006575,5.5e-05
AR2 ,Sambaiba,22127 ,GIQ2341 ,Básico ,2016,P7,0.006575,5.5e-05
AR9 ,C Belo,72479 ,GHV3178 ,Padron ,2016,P7,0.006575,5.5e-05
AR2 ,Sambaiba,22125 ,GGG2436 ,Básico ,2016,P7,0.006575,5.5e-05
AR2 ,Sambaiba,22029 ,GEZ4139 ,Básico ,2016,P7,0.006575,5.5e-05
AR2 ,Sambaiba,22028 ,GCV5A58 ,Básico ,2016,P7,0.006575,5.5e-05
AR2 ,Sambaiba,22027 ,GFF4768 ,Básico ,2016,P7,0.006575,5.5e-05
AR2 ,Sambaiba,22026 ,FQV9059 ,Básico ,2016,P7,0.006575,5.5e-05
AR2 ,Sambaiba,22025 ,FUL7862 ,Básico ,2016,P7,0.006575,5.5e-05
D2 ,Norte Buss,26128 ,FXZ0728 ,Midiônibus ,2016,P7,0.006575,5.5e-05
AR2 ,Sambaiba,22024 ,GDF8108 ,Básico ,2016,P7,0.006575,5.5e-05
AR2 ,Sambaiba,22023 ,GFL8395 ,Básico ,2016,P7,0.006575,5.5e-05
AR2 ,Sambaiba,22022 ,FWV2647 ,Básico ,2016,P7,0.006575,5.5e-05
AR2 ,Sambaiba,22021 ,FPG3176 ,Básico ,2016,P7,0.006575,5.5e-05
AR2 ,Sambaiba,22020 ,GEU8235 ,Básico ,2016,P7,0.006575,5.5e-05
AR2 ,Sambaiba,22019 ,GCB3154 ,Básico ,2016,P7,0.006575,5.5e-05
AR2 ,Sambaiba,22018 ,GCG4273 ,Básico ,2016,P7,0.006575,5.5e-05
AR2 ,Sambaiba,22017 ,FEJ3182 ,Básico ,2016,P7,0.006575,5.5e-05
AR2 ,Sambaiba,22014 ,FPK5911 ,Básico ,2016,P7,0.006575,5.5e-05
D9 ,A2,68236 ,FNQ4429 ,Miniônibus ,2016,P7,0.006575,5.5e-05
D9 ,A2,68235 ,FOW9631 ,Miniônibus ,2016,P7,0.006575,5.5e-05
AR2 ,Sambaiba,22126 ,GGC7B05 ,Básico ,2016,P7,0.006575,5.5e-05
D9 ,A2,68234 ,FTB7918 ,Miniônibus ,2016,P7,0.006575,5.5e-05
AR9 ,C Belo,72775 ,GEM4957 ,Padron ,2016,P7,0.006575,5.5e-05
AR2 ,Sambaiba,22013 ,FVL2B98 ,Básico ,2016,P7,0.006575,5.5e-05
AR2 ,Sambaiba,22030 ,FVE1311 ,Básico ,2016,P7,0.006575,5.5e-05
AR9 ,C Belo,72776 ,GGC3398 ,Padron ,2016,P7,0.006575,5.5e-05
AR2 ,Sambaiba,22031 ,GDI1083 ,Básico ,2016,P7,0.006575,5.5e-05
D2 ,Norte Buss,26122 ,FWO5446 ,Midiônibus ,2016,P7,0.006575,5.5e-05
AR2 ,Sambaiba,22051 ,FPV6379 ,Básico ,2016,P7,0.006575,5.5e-05
AR2 ,Sambaiba,22048 ,GFI3395 ,Básico ,2016,P7,0.006575,5.5e-05
AR9 ,C Belo,72771 ,FUP6973 ,Padron ,2016,P7,0.006575,5.5e-05
AR9 ,C Belo,72772 ,FSX3824 ,Padron ,2016,P7,0.006575,5.5e-05
AR2 ,Sambaiba,22044 ,GHV7471 ,Básico ,2016,P7,0.006575,5.5e-05
AR9 ,C Belo,72773 ,GEN6437 ,Padron ,2016,P7,0.006575,5.5e-05
AR2 ,Sambaiba,22043 ,FXZ3662 ,Básico ,2016,P7,0.006575,5.5e-05
AR2 ,Sambaiba,22042 ,FIX3341 ,Básico ,2016,P7,0.006575,5.5e-05
AR2 ,Sambaiba,22041 ,GBJ0753 ,Básico ,2016,P7,0.006575,5.5e-05
AR2 ,Sambaiba,22040 ,FMZ5534 ,Básico ,2016,P7,0.006575,5.5e-05
D10 ,Transwolff,66183 ,GIF9479 ,Básico ,2016,P7,0.006575,5.5e-05
AR2 ,Sambaiba,22039 ,FYW4605 ,Básico ,2016,P7,0.006575,5.5e-05
D2 ,Norte Buss,26117 ,FPA3062 ,Midiônibus ,2016,P7,0.006575,5.5e-05
AR2 ,Sambaiba,22038 ,FBU7236 ,Básico ,2016,P7,0.006575,5.5e-05
AR2 ,Sambaiba,22037 ,FUR7A03 ,Básico ,2016,P7,0.006575,5.5e-05
AR2 ,Sambaiba,22036 ,FVW0191 ,Básico ,2016,P7,0.006575,5.5e-05
AR2 ,Sambaiba,22035 ,FPU3063 ,Básico ,2016,P7,0.006575,5.5e-05
AR2 ,Sambaiba,22034 ,FOD9624 ,Básico ,2016,P7,0.006575,5.5e-05
D2 ,Norte Buss,26120 ,GBS3618 ,Midiônibus ,2016,P7,0.006575,5.5e-05
AR2 ,Sambaiba,22033 ,GHL3821 ,Básico ,2016,P7,0.006575,5.5e-05
AR2 ,Sambaiba,22032 ,FOW4572 ,Básico ,2016,P7,0.006575,5.5e-05
D10 ,Transwolff,66171 ,GJX6816 ,Básico ,2016,P7,0.006575,5.5e-05
E8 ,C Belo,71839 ,GDQ9310 ,Articulado ,2016,P7,0.006575,5.5e-05
AR2 ,Sambaiba,22012 ,GGE5188 ,Básico ,2016,P7,0.006575,5.5e-05
AR2 ,Sambaiba,22009 ,FPR7473 ,Básico ,2016,P7,0.006575,5.5e-05
E8 ,C Belo,71690 ,GES1627 ,Articulado ,2016,P7,0.006575,5.5e-05
E8 ,C Belo,71691 ,GAA6792 ,Articulado ,2016,P7,0.006575,5.5e-05
E8 ,C Belo,71692 ,FYZ6906 ,Articulado ,2016,P7,0.006575,5.5e-05
E8 ,C Belo,71693 ,FMK4274 ,Articulado ,2016,P7,0.006575,5.5e-05
E8 ,C Belo,71694 ,FDC2774 ,Articulado ,2016,P7,0.006575,5.5e-05
D9 ,A2,68179 ,FDP0364 ,Midiônibus ,2016,P7,0.006575,5.5e-05
E8 ,C Belo,71695 ,FNS0873 ,Articulado ,2016,P7,0.006575,5.5e-05
E8 ,C Belo,71696 ,FPR7342 ,Articulado ,2016,P7,0.006575,5.5e-05
E8 ,C Belo,71697 ,FXK4911 ,Articulado ,2016,P7,0.006575,5.5e-05
E8 ,C Belo,71698 ,GAX8233 ,Articulado ,2016,P7,0.006575,5.5e-05
D2 ,Norte Buss,26153 ,FOO8077 ,Midiônibus ,2016,P7,0.006575,5.5e-05
D9 ,A2,68177 ,FUM5355 ,Midiônibus ,2016,P7,0.006575,5.5e-05
D2 ,Norte Buss,26154 ,FBV1154 ,Midiônibus ,2016,P7,0.006575,5.5e-05
E8 ,C Belo,71699 ,GJN3039 ,Articulado ,2016,P7,0.006575,5.5e-05
D9 ,A2,68175 ,GDB6820 ,Midiônibus ,2016,P7,0.006575,5.5e-05
D9 ,A2,68174 ,FCP6432 ,Midiônibus ,2016,P7,0.006575,5.5e-05
D9 ,A2,68113 ,GCL6285 ,Miniônibus ,2016,P7,0.006575,5.5e-05
D2 ,Norte Buss,26161 ,FIN5461 ,Midiônibus ,2016,P7,0.006575,5.5e-05
D10 ,Transwolff,66122 ,GEB7536 ,Básico ,2016,P7,0.006575,5.5e-05
AR9 ,C Belo,72820 ,GFA4246 ,Padron ,2016,P7,0.006575,5.5e-05
D10 ,Transwolff,66953 ,GHS6010 ,Básico ,2016,P7,0.006575,5.5e-05
E8 ,C Belo,71689 ,GHQ3822 ,Articulado ,2016,P7,0.006575,5.5e-05
AR2 ,Sambaiba,22011 ,GFK1477 ,Básico ,2016,P7,0.006575,5.5e-05
E8 ,C Belo,71688 ,FVZ8521 ,Articulado ,2016,P7,0.006575,5.5e-05
E8 ,C Belo,71686 ,FVL1879 ,Articulado ,2016,P7,0.006575,5.5e-05
D9 ,A2,68196 ,GID7073 ,Midiônibus ,2016,P7,0.006575,5.5e-05
D2 ,Norte Buss,26136 ,GEM1126 ,Miniônibus ,2016,P7,0.006575,5.5e-05
AR2 ,Sambaiba,22008 ,FTQ3427 ,Básico ,2016,P7,0.006575,5.5e-05
D9 ,A2,68195 ,FFC3317 ,Midiônibus ,2016,P7,0.006575,5.5e-05
D9 ,A2,68193 ,GIU2824 ,Midiônibus ,2016,P7,0.006575,5.5e-05
D9 ,A2,68191 ,FCV4417 ,Midiônibus ,2016,P7,0.006575,5.5e-05
D10 ,Transwolff,66154 ,FVG6586 ,Básico ,2016,P7,0.006575,5.5e-05
AR9 ,C Belo,72777 ,GEG0739 ,Padron ,2016,P7,0.006575,5.5e-05
AR2 ,Sambaiba,22007 ,GJQ7926 ,Básico ,2016,P7,0.006575,5.5e-05
AR2 ,Sambaiba,22006 ,GDN0770 ,Básico ,2016,P7,0.006575,5.5e-05
D9 ,A2,68188 ,FNT6732 ,Midiônibus ,2016,P7,0.006575,5.5e-05
AR2 ,Sambaiba,22004 ,FKS5613 ,Básico ,2016,P7,0.006575,5.5e-05
AR2 ,Sambaiba,22003 ,GDS8716 ,Básico ,2016,P7,0.006575,5.5e-05
D9 ,A2,68186 ,FCW9717 ,Midiônibus ,2016,P7,0.006575,5.5e-05
D9 ,A2,68184 ,GCR9827 ,Midiônibus ,2016,P7,0.006575,5.5e-05
D10 ,Transwolff,66141 ,GBX5J40 ,Básico ,2016,P7,0.006575,5.5e-05
AR2 ,Sambaiba,22002 ,FEI8337 ,Básico ,2016,P7,0.006575,5.5e-05
AR2 ,Sambaiba,22001 ,GDS6270 ,Básico ,2016,P7,0.006575,5.5e-05
D2 ,Norte Buss,26145 ,FMY8625 ,Midiônibus ,2016,P7,0.006575,5.5e-05
D9 ,A2,68182 ,FVX8306 ,Midiônibus ,2016,P7,0.006575,5.5e-05
E8 ,C Belo,71685 ,GAK8928 ,Articulado ,2016,P7,0.006575,5.5e-05
E8 ,C Belo,71687 ,GED7210 ,Articulado ,2016,P7,0.006575,5.5e-05
E8 ,C Belo,71840 ,FED0885 ,Articulado ,2016,P7,0.006575,5.5e-05
AR9 ,C Belo,72774 ,GFD6865 ,Padron ,2016,P7,0.006575,5.5e-05
D2 ,Norte Buss,26103 ,GFM2039 ,Midiônibus ,2016,P7,0.006575,5.5e-05
AR2 ,Sambaiba,22110 ,GGC2067 ,Básico ,2016,P7,0.006575,5.5e-05
AR2 ,Sambaiba,22111 ,FOM5365 ,Básico ,2016,P7,0.006575,5.5e-05
AR2 ,Sambaiba,22112 ,FXI4796 ,Básico ,2016,P7,0.006575,5.5e-05
AR2 ,Sambaiba,22113 ,FOI4785 ,Básico ,2016,P7,0.006575,5.5e-05
D10 ,Transwolff,66257 ,FXO6554 ,Básico ,2016,P7,0.006575,5.5e-05
D10 ,Transwolff,66227 ,GCC9369 ,Básico ,2016,P7,0.006575,5.5e-05
AR2 ,Sambaiba,22114 ,GBJ4024 ,Básico ,2016,P7,0.006575,5.5e-05
AR2 ,Sambaiba,22108 ,FXG8991 ,Básico ,2016,P7,0.006575,5.5e-05
D10 ,Transwolff,66258 ,GIQ0C30 ,Midiônibus ,2016,P7,0.006575,5.5e-05
AR2 ,Sambaiba,22085 ,GEZ7469 ,Básico ,2016,P7,0.006575,5.5e-05
AR2 ,Sambaiba,22084 ,GEQ4238 ,Básico ,2016,P7,0.006575,5.5e-05
D10 ,Transwolff,66221 ,GFN5H46 ,Básico ,2016,P7,0.006575,5.5e-05
AR2 ,Sambaiba,22080 ,FVM1814 ,Básico ,2016,P7,0.006575,5.5e-05
AR2 ,Sambaiba,22116 ,FAF1344 ,Básico ,2016,P7,0.006575,5.5e-05
AR9 ,C Belo,72768 ,GEG7250 ,Padron ,2016,P7,0.006575,5.5e-05
AR2 ,Sambaiba,22072 ,FHR5957 ,Básico ,2016,P7,0.006575,5.5e-05
AR2 ,Sambaiba,22115 ,GIY6204 ,Básico ,2016,P7,0.006575,5.5e-05
E8 ,C Belo,71848 ,FPH5871 ,Articulado ,2016,P7,0.006575,5.5e-05
AR2 ,Sambaiba,22106 ,GDQ9332 ,Básico ,2016,P7,0.006575,5.5e-05
AR2 ,Sambaiba,22104 ,FPK6045 ,Básico ,2016,P7,0.006575,5.5e-05
D2 ,Norte Buss,26067 ,GJH4435 ,Midiônibus ,2016,P7,0.006575,5.5e-05
E8 ,C Belo,71841 ,FEW7056 ,Articulado ,2016,P7,0.006575,5.5e-05
AR2 ,Sambaiba,22086 ,FYM3241 ,Básico ,2016,P7,0.006575,5.5e-05
AR2 ,Sambaiba,22087 ,GBX7612 ,Básico ,2016,P7,0.006575,5.5e-05
AR2 ,Sambaiba,22088 ,FFB2173 ,Básico ,2016,P7,0.006575,5.5e-05
AR2 ,Sambaiba,22091 ,GFX5079 ,Básico ,2016,P7,0.006575,5.5e-05
AR2 ,Sambaiba,22092 ,GEQ0381 ,Básico ,2016,P7,0.006575,5.5e-05
AR2 ,Sambaiba,22105 ,FKP0836 ,Básico ,2016,P7,0.006575,5.5e-05
D10 ,Transwolff,66240 ,GKH1230 ,Midiônibus ,2016,P7,0.006575,5.5e-05
AR2 ,Sambaiba,22094 ,GAL7636 ,Básico ,2016,P7,0.006575,5.5e-05
AR2 ,Sambaiba,22095 ,FCM2901 ,Básico ,2016,P7,0.006575,5.5e-05
AR2 ,Sambaiba,22096 ,FRW5027 ,Básico ,2016,P7,0.006575,5.5e-05
AR2 ,Sambaiba,22097 ,FTQ9855 ,Básico ,2016,P7,0.006575,5.5e-05
AR2 ,Sambaiba,22098 ,FGS4914 ,Básico ,2016,P7,0.006575,5.5e-05
AR2 ,Sambaiba,22099 ,FWZ4764 ,Básico ,2016,P7,0.006575,5.5e-05
AR2 ,Sambaiba,22103 ,GHY1299 ,Básico ,2016,P7,0.006575,5.5e-05
AR9 ,C Belo,72767 ,GEG7246 ,Padron ,2016,P7,0.006575,5.5e-05
D2 ,Norte Buss,26089 ,FQX4089 ,Miniônibus ,2016,P7,0.006575,5.5e-05
AR2 ,Sambaiba,22107 ,FKC5663 ,Básico ,2016,P7,0.006575,5.5e-05
AR9 ,C Belo,72766 ,GED4425 ,Padron ,2016,P7,0.006575,5.5e-05
AR2 ,Sambaiba,22124 ,FRQ3H71 ,Básico ,2016,P7,0.006575,5.5e-05
AR2 ,Sambaiba,22123 ,FVS7J37 ,Básico ,2016,P7,0.006575,5.5e-05
AR2 ,Sambaiba,22120 ,GFL7612 ,Básico ,2016,P7,0.006575,5.5e-05
E8 ,C Belo,71842 ,FQF8915 ,Articulado ,2016,P7,0.006575,5.5e-05
AR9 ,C Belo,72770 ,FST9482 ,Padron ,2016,P7,0.006575,5.5e-05
E8 ,C Belo,71847 ,GAE6569 ,Articulado ,2016,P7,0.006575,5.5e-05
AR2 ,Sambaiba,22119 ,FIW8132 ,Básico ,2016,P7,0.006575,5.5e-05
D2 ,Norte Buss,26100 ,FJR3483 ,Midiônibus ,2016,P7,0.006575,5.5e-05
E8 ,C Belo,71843 ,FIF8736 ,Articulado ,2016,P7,0.006575,5.5e-05
E8 ,C Belo,71844 ,FZL1037 ,Articulado ,2016,P7,0.006575,5.5e-05
AR2 ,Sambaiba,22117 ,FLV5001 ,Básico ,2016,P7,0.006575,5.5e-05
E8 ,C Belo,71845 ,GBD4527 ,Articulado ,2016,P7,0.006575,5.5e-05
D9 ,A2,68300 ,FWR4967 ,Miniônibus ,2016,P7,0.006575,5.5e-05
AR9 ,C Belo,72769 ,FQU6371 ,Padron ,2016,P7,0.006575,5.5e-05
D2 ,Norte Buss,26094 ,GJK2288 ,Midiônibus ,2016,P7,0.006575,5.5e-05
E8 ,C Belo,71846 ,FYL9315 ,Articulado ,2016,P7,0.006575,5.5e-05
D9 ,A2,68858 ,GBP7709 ,Miniônibus ,2017,P7,0.006575,5.5e-05
D11 ,Transwolff,78440 ,FVJ1889 ,Midiônibus ,2017,P7,0.006575,5.5e-05
D11 ,Transwolff,78443 ,GCX6548 ,Midiônibus ,2017,P7,0.006575,5.5e-05
D11 ,Transwolff,78444 ,FZY3327 ,Midiônibus ,2017,P7,0.006575,5.5e-05
D11 ,Transwolff,78457 ,GFH2348 ,Básico ,2017,P7,0.006575,5.5e-05
D11 ,Transwolff,78459 ,FZJ8268 ,Básico ,2017,P7,0.006575,5.5e-05
D1 ,Norte Buss,16298 ,BLE6218 ,Miniônibus ,2017,P7,0.006575,5.5e-05
D1 ,Norte Buss,16299 ,FQF7999 ,Miniônibus ,2017,P7,0.006575,5.5e-05
D1 ,Norte Buss,16314 ,FTH6768 ,Miniônibus ,2017,P7,0.006575,5.5e-05
D10 ,Transwolff,66962 ,GGY0249 ,Básico ,2017,P7,0.006575,5.5e-05
D10 ,Transwolff,66977 ,GJK6319 ,Midiônibus ,2017,P7,0.006575,5.5e-05
D10 ,Transwolff,66996 ,GEZ8569 ,Básico ,2017,P7,0.006575,5.5e-05
D1 ,Norte Buss,16322 ,FVB0998 ,Miniônibus ,2017,P7,0.006575,5.5e-05
D11 ,Transwolff,78115 ,FJY4B39 ,Midiônibus ,2017,P7,0.006575,5.5e-05
D11 ,Transwolff,78102 ,FVR0059 ,Midiônibus ,2017,P7,0.006575,5.5e-05
D11 ,Transwolff,78433 ,FPT3789 ,Básico ,2017,P7,0.006575,5.5e-05
D11 ,Transwolff,78100 ,GHS7840 ,Midiônibus ,2017,P7,0.006575,5.5e-05
D11 ,Transwolff,78097 ,GHV9920 ,Midiônibus ,2017,P7,0.006575,5.5e-05
D11 ,Transwolff,78076 ,GHT1190 ,Midiônibus ,2017,P7,0.006575,5.5e-05
D9 ,A2,68332 ,FYL9375 ,Miniônibus ,2017,P7,0.006575,5.5e-05
D11 ,Transwolff,78405 ,FNY4289 ,Midiônibus ,2017,P7,0.006575,5.5e-05
D11 ,Transwolff,78414 ,GJF5280 ,Midiônibus ,2017,P7,0.006575,5.5e-05
D1 ,Norte Buss,16006 ,GII8336 ,Miniônibus ,2017,P7,0.006575,5.5e-05
D11 ,Transwolff,78085 ,GHY5368 ,Midiônibus ,2017,P7,0.006575,5.5e-05
D11 ,Transwolff,78561 ,GIR1458 ,Básico ,2017,P7,0.006575,5.5e-05
D9 ,A2,68192 ,FTI5631 ,Midiônibus ,2017,P7,0.006575,5.5e-05
D9 ,A2,68713 ,GDQ6216 ,Midiônibus ,2017,P7,0.006575,5.5e-05
D11 ,Transwolff,78095 ,GHC9168 ,Midiônibus ,2017,P7,0.006575,5.5e-05
D1 ,Norte Buss,16271 ,GJS8889 ,Miniônibus ,2017,P7,0.006575,5.5e-05
D1 ,Norte Buss,16273 ,FYD7798 ,Miniônibus ,2017,P7,0.006575,5.5e-05
D1 ,Norte Buss,16156 ,FVI5966 ,Miniônibus ,2017,P7,0.006575,5.5e-05
D11 ,Transwolff,78421 ,FCF6869 ,Básico ,2017,P7,0.006575,5.5e-05
D8 ,Movebuss,55224 ,GHN8222 ,Miniônibus ,2017,P7,0.006575,5.5e-05
D10 ,Transwolff,66997 ,GDR5269 ,Midiônibus ,2017,P7,0.006575,5.5e-05
D11 ,Transwolff,78567 ,GGB7180 ,Midiônibus ,2017,P7,0.006575,5.5e-05
D9 ,A2,68018 ,FUH5I69 ,Miniônibus ,2017,P7,0.006575,5.5e-05
D1 ,Norte Buss,16148 ,GGR1778 ,Miniônibus ,2017,P7,0.006575,5.5e-05
D11 ,Transwolff,78590 ,GFF5827 ,Midiônibus ,2017,P7,0.006575,5.5e-05
D11 ,Transwolff,78528 ,FSG7775 ,Midiônibus ,2017,P7,0.006575,5.5e-05
D11 ,Transwolff,78571 ,GIG8312 ,Básico ,2017,P7,0.006575,5.5e-05
D11 ,Transwolff,78586 ,FWT5399 ,Midiônibus ,2017,P7,0.006575,5.5e-05
D11 ,Transwolff,78580 ,FWJ8738 ,Midiônibus ,2017,P7,0.006575,5.5e-05
D9 ,A2,68310 ,GIL6125 ,Miniônibus ,2017,P7,0.006575,5.5e-05
D9 ,A2,68070 ,GBA9508 ,Miniônibus ,2017,P7,0.006575,5.5e-05
D9 ,A2,68071 ,GCP3227 ,Miniônibus ,2017,P7,0.006575,5.5e-05
D9 ,A2,68079 ,GDL2C39 ,Miniônibus ,2017,P7,0.006575,5.5e-05
D9 ,A2,68080 ,FON6053 ,Miniônibus ,2017,P7,0.006575,5.5e-05
D9 ,A2,68114 ,GAV9054 ,Miniônibus ,2017,P7,0.006575,5.5e-05
D11 ,Transwolff,78578 ,GGV6340 ,Midiônibus ,2017,P7,0.006575,5.5e-05
D8 ,Movebuss,55112 ,GCE3B11 ,Miniônibus ,2017,P7,0.006575,5.5e-05
D11 ,Transwolff,78531 ,GJQ2559 ,Midiônibus ,2017,P7,0.006575,5.5e-05
D11 ,Transwolff,78576 ,GEK3419 ,Midiônibus ,2017,P7,0.006575,5.5e-05
D9 ,A2,68066 ,FZA0264 ,Miniônibus ,2017,P7,0.006575,5.5e-05
D9 ,A2,68861 ,FDC5407 ,Miniônibus ,2017,P7,0.006575,5.5e-05
D9 ,A2,68181 ,FYF8D76 ,Midiônibus ,2017,P7,0.006575,5.5e-05
D9 ,A2,68843 ,GDN4A38 ,Miniônibus ,2017,P7,0.006575,5.5e-05
D11 ,Transwolff,78474 ,GHJ6828 ,Básico ,2017,P7,0.006575,5.5e-05
D11 ,Transwolff,78560 ,FPE8109 ,Midiônibus ,2017,P7,0.006575,5.5e-05
D11 ,Transwolff,78491 ,FYH6919 ,Básico ,2017,P7,0.006575,5.5e-05
D9 ,A2,68349 ,GAN0155 ,Miniônibus ,2017,P7,0.006575,5.5e-05
D9 ,A2,68813 ,FNR0045 ,Midiônibus ,2017,P7,0.006575,5.5e-05
D9 ,A2,68116 ,FPG4404 ,Midiônibus ,2017,P7,0.006575,5.5e-05
D11 ,Transwolff,78496 ,GFB3579 ,Midiônibus ,2017,P7,0.006575,5.5e-05
D9 ,A2,68819 ,GEQ4690 ,Miniônibus ,2017,P7,0.006575,5.5e-05
D11 ,Transwolff,78515 ,GHP4259 ,Midiônibus ,2017,P7,0.006575,5.5e-05
D11 ,Transwolff,78519 ,GCP2F39 ,Midiônibus ,2017,P7,0.006575,5.5e-05
D11 ,Transwolff,78569 ,FPM3398 ,Midiônibus ,2017,P7,0.006575,5.5e-05
D4 ,Alfa Rodobus SPE,35777 ,FZS9312 ,Miniônibus ,2017,P7,0.006575,5.5e-05
D11 ,Transwolff,78523 ,GHD3429 ,Midiônibus ,2017,P7,0.006575,5.5e-05
D9 ,A2,68029 ,EWC7360 ,Midiônibus ,2017,P7,0.006575,5.5e-05
D1 ,Norte Buss,16353 ,FQM3373 ,Miniônibus ,2017,P7,0.006575,5.5e-05
D9 ,A2,68059 ,FPR3207 ,Midiônibus ,2017,P7,0.006575,5.5e-05
D9 ,A2,68818 ,GDV1806 ,Miniônibus ,2017,P7,0.006575,5.5e-05
D9 ,A2,68653 ,GEI2157 ,Miniônibus ,2017,P7,0.006575,5.5e-05
D11 ,Transwolff,78400 ,GFV8683 ,Midiônibus ,2017,P7,0.006575,5.5e-05
D9 ,A2,68253 ,FQA1218 ,Midiônibus ,2017,P7,0.006575,5.5e-05
D11 ,Transwolff,78120 ,FYQ0545 ,Midiônibus ,2017,P7,0.006575,5.5e-05
D9 ,A2,68252 ,GFJ6287 ,Midiônibus ,2017,P7,0.006575,5.5e-05
D9 ,A2,68250 ,GBW5448 ,Miniônibus ,2017,P7,0.006575,5.5e-05
D9 ,A2,68249 ,GBS8947 ,Midiônibus ,2017,P7,0.006575,5.5e-05
D9 ,A2,68248 ,GBE9724 ,Midiônibus ,2017,P7,0.006575,5.5e-05
D9 ,A2,68270 ,GID5568 ,Miniônibus ,2017,P7,0.006575,5.5e-05
D11 ,Transwolff,78018 ,GHB8618 ,Midiônibus ,2017,P7,0.006575,5.5e-05
D11 ,Transwolff,78019 ,FBU8317 ,Midiônibus ,2017,P7,0.006575,5.5e-05
D11 ,Transwolff,78021 ,GJH7410 ,Midiônibus ,2017,P7,0.006575,5.5e-05
D1 ,Norte Buss,16197 ,FJR8577 ,Miniônibus ,2017,P7,0.006575,5.5e-05
D9 ,A2,68247 ,FPS4642 ,Midiônibus ,2017,P7,0.006575,5.5e-05
D9 ,A2,68246 ,FYJ6134 ,Midiônibus ,2017,P7,0.006575,5.5e-05
D11 ,Transwolff,78034 ,FPZ6801 ,Midiônibus ,2017,P7,0.006575,5.5e-05
D9 ,A2,68243 ,FXW5678 ,Midiônibus ,2017,P7,0.006575,5.5e-05
D9 ,A2,68242 ,FYT3629 ,Midiônibus ,2017,P7,0.006575,5.5e-05
D9 ,A2,68240 ,FKQ0788 ,Midiônibus ,2017,P7,0.006575,5.5e-05
D11 ,Transwolff,78221 ,GCH6619 ,Midiônibus ,2017,P7,0.006575,5.5e-05
D9 ,A2,68237 ,GFF5A86 ,Midiônibus ,2017,P7,0.006575,5.5e-05
D1 ,Norte Buss,16188 ,GDR6618 ,Miniônibus ,2017,P7,0.006575,5.5e-05
D11 ,Transwolff,78039 ,GHW7400 ,Midiônibus ,2017,P7,0.006575,5.5e-05
D11 ,Transwolff,78044 ,FXP9842 ,Midiônibus ,2017,P7,0.006575,5.5e-05
D11 ,Transwolff,78046 ,GIH9420 ,Midiônibus ,2017,P7,0.006575,5.5e-05
D11 ,Transwolff,78129 ,FUT7368 ,Básico ,2017,P7,0.006575,5.5e-05
D9 ,A2,68231 ,GEX7690 ,Miniônibus ,2017,P7,0.006575,5.5e-05
D11 ,Transwolff,78204 ,GHE7999 ,Midiônibus ,2017,P7,0.006575,5.5e-05
D11 ,Transwolff,78131 ,GFW1600 ,Midiônibus ,2017,P7,0.006575,5.5e-05
D9 ,A2,68450 ,FNM1684 ,Midiônibus ,2017,P7,0.006575,5.5e-05
D11 ,Transwolff,78182 ,GAV1068 ,Midiônibus ,2017,P7,0.006575,5.5e-05
D9 ,A2,68456 ,GGO2488 ,Midiônibus ,2017,P7,0.006575,5.5e-05
D11 ,Transwolff,78183 ,FOC5613 ,Midiônibus ,2017,P7,0.006575,5.5e-05
D11 ,Transwolff,78184 ,FOZ3159 ,Básico ,2017,P7,0.006575,5.5e-05
D11 ,Transwolff,78187 ,GDX9029 ,Midiônibus ,2017,P7,0.006575,5.5e-05
D9 ,A2,68476 ,GDX3116 ,Miniônibus ,2017,P7,0.006575,5.5e-05
D11 ,Transwolff,78192 ,GKD1J18 ,Midiônibus ,2017,P7,0.006575,5.5e-05
D11 ,Transwolff,78172 ,FXX1518 ,Midiônibus ,2017,P7,0.006575,5.5e-05
D1 ,Norte Buss,16115 ,GJS4338 ,Miniônibus ,2017,P7,0.006575,5.5e-05
D9 ,A2,68255 ,GFF6349 ,Miniônibus ,2017,P7,0.006575,5.5e-05
D9 ,A2,68256 ,FUY9506 ,Miniônibus ,2017,P7,0.006575,5.5e-05
D11 ,Transwolff,78195 ,GBC2D26 ,Midiônibus ,2017,P7,0.006575,5.5e-05
D11 ,Transwolff,78166 ,GHP0697 ,Midiônibus ,2017,P7,0.006575,5.5e-05
D11 ,Transwolff,78199 ,GIJ8469 ,Midiônibus ,2017,P7,0.006575,5.5e-05
D9 ,A2,68408 ,FRH7856 ,Midiônibus ,2017,P7,0.006575,5.5e-05
D11 ,Transwolff,78145 ,GGC9658 ,Midiônibus ,2017,P7,0.006575,5.5e-05
D9 ,A2,68257 ,FZD6161 ,Miniônibus ,2017,P7,0.006575,5.5e-05
D11 ,Transwolff,78134 ,FLW9028 ,Midiônibus ,2017,P7,0.006575,5.5e-05
D9 ,A2,68395 ,FPC5619 ,Miniônibus ,2017,P7,0.006575,5.5e-05
D9 ,A2,68258 ,GEE2314 ,Miniônibus ,2017,P7,0.006575,5.5e-05
D11 ,Transwolff,78200 ,GGF9440 ,Midiônibus ,2017,P7,0.006575,5.5e-05
D9 ,A2,68259 ,FYS6955 ,Miniônibus ,2017,P7,0.006575,5.5e-05
D9 ,A2,68260 ,FVU8096 ,Miniônibus ,2017,P7,0.006575,5.5e-05
D8 ,Movebuss,55273 ,FVR6D73 ,Miniônibus ,2017,P7,0.006575,5.5e-05
D11 ,Transwolff,78242 ,GCB8559 ,Midiônibus ,2017,P7,0.006575,5.5e-05
D9 ,A2,68218 ,FXJ5174 ,Midiônibus ,2017,P7,0.006575,5.5e-05
D8 ,Movebuss,55351 ,GJL0408 ,Miniônibus ,2017,P7,0.006575,5.5e-05
D11 ,Transwolff,78336 ,GIK6097 ,Midiônibus ,2017,P7,0.006575,5.5e-05
D8 ,Movebuss,55322 ,GGX3272 ,Miniônibus ,2017,P7,0.006575,5.5e-05
D8 ,Movebuss,55315 ,GBJ4F15 ,Miniônibus ,2017,P7,0.006575,5.5e-05
D9 ,A2,68205 ,FOC9277 ,Midiônibus ,2017,P7,0.006575,5.5e-05
D9 ,A2,68614 ,GIB0345 ,Miniônibus ,2017,P7,0.006575,5.5e-05
D11 ,Transwolff,78350 ,GIC1326 ,Midiônibus ,2017,P7,0.006575,5.5e-05
D11 ,Transwolff,78351 ,FPE4199 ,Midiônibus ,2017,P7,0.006575,5.5e-05
D13 ,Alfa Rodobus,86349 ,FFL4827 ,Midiônibus ,2017,P7,0.006575,5.5e-05
D9 ,A2,68617 ,FTA1677 ,Midiônibus ,2017,P7,0.006575,5.5e-05
D9 ,A2,68204 ,FMU8473 ,Midiônibus ,2017,P7,0.006575,5.5e-05
D11 ,Transwolff,78358 ,DIE0149 ,Midiônibus ,2017,P7,0.006575,5.5e-05
D9 ,A2,68203 ,FVQ2835 ,Midiônibus ,2017,P7,0.006575,5.5e-05
D9 ,A2,68647 ,GID2460 ,Miniônibus ,2017,P7,0.006575,5.5e-05
D9 ,A2,68202 ,GBJ8B92 ,Midiônibus ,2017,P7,0.006575,5.5e-05
D1 ,Norte Buss,16033 ,FMS0353 ,Miniônibus ,2017,P7,0.006575,5.5e-05
D9 ,A2,68201 ,FVN7515 ,Midiônibus ,2017,P7,0.006575,5.5e-05
D11 ,Transwolff,78367 ,FXN5624 ,Midiônibus ,2017,P7,0.006575,5.5e-05
D9 ,A2,68665 ,FZL3088 ,Miniônibus ,2017,P7,0.006575,5.5e-05
D1 ,Norte Buss,16021 ,FXI6289 ,Miniônibus ,2017,P7,0.006575,5.5e-05
D11 ,Transwolff,78390 ,GJN6179 ,Básico ,2017,P7,0.006575,5.5e-05
D8 ,Movebuss,55288 ,GEQ4129 ,Miniônibus ,2017,P7,0.006575,5.5e-05
D11 ,Transwolff,78067 ,FMT3979 ,Midiônibus ,2017,P7,0.006575,5.5e-05
D11 ,Transwolff,78305 ,FPO8319 ,Básico ,2017,P7,0.006575,5.5e-05
D9 ,A2,68219 ,GEO8760 ,Midiônibus ,2017,P7,0.006575,5.5e-05
D11 ,Transwolff,78294 ,GFS2189 ,Midiônibus ,2017,P7,0.006575,5.5e-05
D11 ,Transwolff,78063 ,GBK8858 ,Midiônibus ,2017,P7,0.006575,5.5e-05
D11 ,Transwolff,78243 ,FWL6D48 ,Midiônibus ,2017,P7,0.006575,5.5e-05
D8 ,Movebuss,55478 ,FZE1I87 ,Miniônibus ,2017,P7,0.006575,5.5e-05
D9 ,A2,68217 ,FQG0733 ,Midiônibus ,2017,P7,0.006575,5.5e-05
D11 ,Transwolff,78255 ,GDP4250 ,Midiônibus ,2017,P7,0.006575,5.5e-05
D8 ,Movebuss,55464 ,GIL7069 ,Miniônibus ,2017,P7,0.006575,5.5e-05
D11 ,Transwolff,78055 ,GDO6999 ,Midiônibus ,2017,P7,0.006575,5.5e-05
D9 ,A2,68216 ,GDR6B22 ,Midiônibus ,2017,P7,0.006575,5.5e-05
D9 ,A2,68214 ,FFF7753 ,Midiônibus ,2017,P7,0.006575,5.5e-05
D9 ,A2,68213 ,FID8307 ,Midiônibus ,2017,P7,0.006575,5.5e-05
D9 ,A2,68291 ,FPJ5743 ,Miniônibus ,2017,P7,0.006575,5.5e-05
D9 ,A2,68211 ,GEV8808 ,Midiônibus ,2017,P7,0.006575,5.5e-05
D8 ,Movebuss,55443 ,FNG2H03 ,Miniônibus ,2017,P7,0.006575,5.5e-05
D11 ,Transwolff,78271 ,FVB1769 ,Midiônibus ,2017,P7,0.006575,5.5e-05
D9 ,A2,68208 ,GGB7091 ,Midiônibus ,2017,P7,0.006575,5.5e-05
D8 ,Movebuss,55431 ,GJX4688 ,Miniônibus ,2017,P7,0.006575,5.5e-05
D9 ,A2,68206 ,GDM0G35 ,Miniônibus ,2017,P7,0.006575,5.5e-05
D9 ,A2,68503 ,FZX4518 ,Midiônibus ,2017,P7,0.006575,5.5e-05
D11 ,Transwolff,78277 ,FKJ1895 ,Midiônibus ,2017,P7,0.006575,5.5e-05
D8 ,Movebuss,55411 ,GIY6699 ,Midiônibus ,2017,P7,0.006575,5.5e-05
D8 ,Movebuss,55409 ,GKH0E43 ,Miniônibus ,2017,P7,0.006575,5.5e-05
D11 ,Transwolff,78288 ,FFJ0908 ,Midiônibus ,2017,P7,0.006575,5.5e-05
D11 ,Transwolff,78290 ,GEJ8389 ,Midiônibus ,2017,P7,0.006575,5.5e-05
D8 ,Movebuss,55379 ,GGR9F05 ,Miniônibus ,2017,P7,0.006575,5.5e-05
D8 ,Movebuss,55372 ,FRO3J88 ,Miniônibus ,2017,P7,0.006575,5.5e-05
D11 ,Transwolff,78568 ,GDT8799 ,Midiônibus ,2017,P7,0.006575,5.5e-05
E8 ,C Belo,71296 ,FSK1368 ,Articulado ,2017,P7,0.006575,5.5e-05
D9 ,A2,68884 ,GEU5766 ,Miniônibus ,2017,P7,0.006575,5.5e-05
AR8 ,G Preto,82551 ,FRO1638 ,Padron ,2017,P7,0.006575,5.5e-05
AR8 ,G Preto,82552 ,GGJ8113 ,Padron ,2017,P7,0.006575,5.5e-05
AR8 ,G Preto,82553 ,FSR9249 ,Padron ,2017,P7,0.006575,5.5e-05
AR8 ,G Preto,82557 ,FDZ8547 ,Padron ,2017,P7,0.006575,5.5e-05
AR8 ,G Preto,82558 ,GBL2449 ,Padron ,2017,P7,0.006575,5.5e-05
AR8 ,G Preto,82559 ,GAI5330 ,Padron ,2017,P7,0.006575,5.5e-05
AR8 ,G Preto,82560 ,GEV2551 ,Padron ,2017,P7,0.006575,5.5e-05
AR8 ,G Preto,82561 ,FTP9462 ,Padron ,2017,P7,0.006575,5.5e-05
AR8 ,G Preto,82562 ,FBQ2213 ,Padron ,2017,P7,0.006575,5.5e-05
AR8 ,G Preto,82563 ,FFL1724 ,Padron ,2017,P7,0.006575,5.5e-05
AR8 ,G Preto,82564 ,GDN1275 ,Padron ,2017,P7,0.006575,5.5e-05
AR8 ,G Preto,82565 ,GDK9046 ,Padron ,2017,P7,0.006575,5.5e-05
AR8 ,G Preto,82566 ,FGW1688 ,Padron ,2017,P7,0.006575,5.5e-05
AR8 ,G Preto,82567 ,FNS9634 ,Padron ,2017,P7,0.006575,5.5e-05
AR8 ,G Preto,82568 ,GDS6925 ,Padron ,2017,P7,0.006575,5.5e-05
AR8 ,G Preto,82569 ,FCH5516 ,Padron ,2017,P7,0.006575,5.5e-05
AR8 ,G Preto,82570 ,FDS3307 ,Padron ,2017,P7,0.006575,5.5e-05
AR8 ,G Preto,82571 ,FYO7018 ,Padron ,2017,P7,0.006575,5.5e-05
AR8 ,G Preto,82572 ,FBY8279 ,Padron ,2017,P7,0.006575,5.5e-05
AR8 ,G Preto,82573 ,FVI0942 ,Padron ,2017,P7,0.006575,5.5e-05
AR8 ,G Preto,82574 ,FEI6042 ,Padron ,2017,P7,0.006575,5.5e-05
AR8 ,G Preto,82575 ,FVT2613 ,Padron ,2017,P7,0.006575,5.5e-05
AR8 ,G Preto,82576 ,GGI8271 ,Padron ,2017,P7,0.006575,5.5e-05
D6 ,Allibus,45001 ,FJQ4D18 ,Miniônibus ,2017,P7,0.006575,5.5e-05
D6 ,Allibus,45002 ,FWZ9B18 ,Miniônibus ,2017,P7,0.006575,5.5e-05
D6 ,Allibus,45042 ,GHS2966 ,Miniônibus ,2017,P7,0.006575,5.5e-05
D6 ,Allibus,45137 ,FSL8206 ,Miniônibus ,2017,P7,0.006575,5.5e-05
D13 ,Alfa Rodobus,86005 ,FRT1985 ,Midiônibus ,2017,P7,0.006575,5.5e-05
D13 ,Alfa Rodobus,86014 ,GIR1C02 ,Midiônibus ,2017,P7,0.006575,5.5e-05
AR8 ,G Preto,82550 ,GFK4441 ,Padron ,2017,P7,0.006575,5.5e-05
D6 ,Allibus,45228 ,FSE4979 ,Miniônibus ,2017,P7,0.006575,5.5e-05
E1 ,Brigida,11474 ,FLT3829 ,Padron ,2017,P7,0.006575,5.5e-05
E1 ,Brigida,11476 ,GEJ1979 ,Padron ,2017,P7,0.006575,5.5e-05
D3 ,Transunião ,36645 ,GBJ8547 ,Básico ,2017,P7,0.006575,5.5e-05
AR9 ,C Belo,72257 ,FEF5299 ,Articulado ,2017,P7,0.006575,5.5e-05
AR9 ,C Belo,72256 ,FNY7538 ,Articulado ,2017,P7,0.006575,5.5e-05
AR9 ,C Belo,72255 ,FFJ1097 ,Articulado ,2017,P7,0.006575,5.5e-05
AR9 ,C Belo,72254 ,GCX3736 ,Articulado ,2017,P7,0.006575,5.5e-05
AR9 ,C Belo,72253 ,FVQ3375 ,Articulado ,2017,P7,0.006575,5.5e-05
AR9 ,C Belo,72252 ,FVP5654 ,Articulado ,2017,P7,0.006575,5.5e-05
AR9 ,C Belo,72251 ,FWG3973 ,Articulado ,2017,P7,0.006575,5.5e-05
AR9 ,C Belo,72249 ,FWQ5181 ,Articulado ,2017,P7,0.006575,5.5e-05
D3 ,Transunião ,36684 ,FOD7I19 ,Básico ,2017,P7,0.006575,5.5e-05
D3 ,Transunião ,36696 ,GIO9D86 ,Básico ,2017,P7,0.006575,5.5e-05
E8 ,Transppass,81240 ,FOB1501 ,Padron ,2017,P7,0.006575,5.5e-05
E8 ,Transppass,81241 ,GEX1451 ,Padron ,2017,P7,0.006575,5.5e-05
E8 ,Transppass,81242 ,GAU3172 ,Padron ,2017,P7,0.006575,5.5e-05
E8 ,Transppass,81243 ,GGK1743 ,Padron ,2017,P7,0.006575,5.5e-05
E8 ,Transppass,81245 ,FHS3205 ,Padron ,2017,P7,0.006575,5.5e-05
E8 ,Transppass,81250 ,GJB4605 ,Padron ,2017,P7,0.006575,5.5e-05
E8 ,Transppass,81251 ,FUR5901 ,Padron ,2017,P7,0.006575,5.5e-05
E8 ,Transppass,81253 ,GFZ9761 ,Padron ,2017,P7,0.006575,5.5e-05
E8 ,Transppass,81260 ,FOS3313 ,Padron ,2017,P7,0.006575,5.5e-05
E8 ,Transppass,81261 ,GHD2728 ,Padron ,2017,P7,0.006575,5.5e-05
E8 ,Transppass,81262 ,FWM1123 ,Padron ,2017,P7,0.006575,5.5e-05
E8 ,Transppass,81265 ,GIA6005 ,Padron ,2017,P7,0.006575,5.5e-05
E8 ,Transppass,81270 ,GCX1072 ,Padron ,2017,P7,0.006575,5.5e-05
E8 ,Transppass,81280 ,GDE5135 ,Padron ,2017,P7,0.006575,5.5e-05
E8 ,Transppass,81443 ,GDR8403 ,Padron ,2017,P7,0.006575,5.5e-05
E1 ,Brigida,11479 ,GKG9637 ,Padron ,2017,P7,0.006575,5.5e-05
E1 ,Brigida,11478 ,GES9279 ,Padron ,2017,P7,0.006575,5.5e-05
E1 ,Brigida,11477 ,GFP6359 ,Padron ,2017,P7,0.006575,5.5e-05
E1 ,Brigida,11475 ,FJR2689 ,Padron ,2017,P7,0.006575,5.5e-05
AR9 ,C Belo,72258 ,FKG6111 ,Articulado ,2017,P7,0.006575,5.5e-05
D6 ,Allibus,45376 ,FXK9857 ,Miniônibus ,2017,P7,0.006575,5.5e-05
D5 ,Pêssego,47608 ,GHQ6667 ,Midiônibus ,2017,P7,0.006575,5.5e-05
D5 ,Pêssego,47212 ,FPT2398 ,Miniônibus ,2017,P7,0.006575,5.5e-05
D12 ,Transcap,85532 ,FWY9939 ,Miniônibus ,2017,P7,0.006575,5.5e-05
D5 ,Pêssego,47199 ,FMW3919 ,Midiônibus ,2017,P7,0.006575,5.5e-05
D5 ,Pêssego,47196 ,GDU4182 ,Midiônibus ,2017,P7,0.006575,5.5e-05
D5 ,Pêssego,47190 ,GDF8171 ,Miniônibus ,2017,P7,0.006575,5.5e-05
D5 ,Pêssego,47183 ,GIT7469 ,Miniônibus ,2017,P7,0.006575,5.5e-05
D5 ,Pêssego,47172 ,FFY1I68 ,Miniônibus ,2017,P7,0.006575,5.5e-05
D5 ,Pêssego,47132 ,FPU2021 ,Miniônibus ,2017,P7,0.006575,5.5e-05
D6 ,Allibus,45589 ,GEO1148 ,Miniônibus ,2017,P7,0.006575,5.5e-05
D5 ,Pêssego,47090 ,GHO8957 ,Midiônibus ,2017,P7,0.006575,5.5e-05
D5 ,Pêssego,47077 ,FUY8955 ,Miniônibus ,2017,P7,0.006575,5.5e-05
D6 ,Allibus,45616 ,FPX5869 ,Miniônibus ,2017,P7,0.006575,5.5e-05
D5 ,Pêssego,47062 ,FGY5901 ,Miniônibus ,2017,P7,0.006575,5.5e-05
D5 ,Pêssego,47060 ,GHX6464 ,Miniônibus ,2017,P7,0.006575,5.5e-05
D5 ,Pêssego,47028 ,FDS1899 ,Midiônibus ,2017,P7,0.006575,5.5e-05
D5 ,Pêssego,47014 ,GHO0293 ,Miniônibus ,2017,P7,0.006575,5.5e-05
D13 ,Alfa Rodobus,86154 ,FWD2299 ,Midiônibus ,2017,P7,0.006575,5.5e-05
D6 ,Allibus,45768 ,FPR4549 ,Miniônibus ,2017,P7,0.006575,5.5e-05
D6 ,Allibus,45760 ,FOT0403 ,Midiônibus ,2017,P7,0.006575,5.5e-05
D6 ,Allibus,45756 ,FYD0518 ,Midiônibus ,2017,P7,0.006575,5.5e-05
D6 ,Allibus,45754 ,GGN4618 ,Miniônibus ,2017,P7,0.006575,5.5e-05
D6 ,Allibus,45753 ,FBV4J77 ,Miniônibus ,2017,P7,0.006575,5.5e-05
D6 ,Allibus,45752 ,FSC4908 ,Midiônibus ,2017,P7,0.006575,5.5e-05
D6 ,Allibus,45749 ,FCN7329 ,Midiônibus ,2017,P7,0.006575,5.5e-05
D6 ,Allibus,45747 ,GHT9369 ,Midiônibus ,2017,P7,0.006575,5.5e-05
D6 ,Allibus,45741 ,GFJ4430 ,Miniônibus ,2017,P7,0.006575,5.5e-05
D6 ,Allibus,45717 ,GJD7E69 ,Midiônibus ,2017,P7,0.006575,5.5e-05
D6 ,Allibus,45722 ,GDM4959 ,Midiônibus ,2017,P7,0.006575,5.5e-05
D6 ,Allibus,45725 ,GCT3927 ,Midiônibus ,2017,P7,0.006575,5.5e-05
D12 ,Transcap,85531 ,FXR1598 ,Miniônibus ,2017,P7,0.006575,5.5e-05
D5 ,Pêssego,47702 ,FUU5058 ,Miniônibus ,2017,P7,0.006575,5.5e-05
D12 ,Transcap,85521 ,GBL4668 ,Miniônibus ,2017,P7,0.006575,5.5e-05
D12 ,Transcap,85520 ,GHU7989 ,Miniônibus ,2017,P7,0.006575,5.5e-05
D5 ,Pêssego,47603 ,FJY3407 ,Midiônibus ,2017,P7,0.006575,5.5e-05
D12 ,Transcap,85481 ,FYR2889 ,Miniônibus ,2017,P7,0.006575,5.5e-05
D12 ,Transcap,85482 ,GHS6230 ,Miniônibus ,2017,P7,0.006575,5.5e-05
D12 ,Transcap,85488 ,GGT3G80 ,Miniônibus ,2017,P7,0.006575,5.5e-05
D12 ,Transcap,85489 ,GJP0G50 ,Miniônibus ,2017,P7,0.006575,5.5e-05
D12 ,Transcap,85490 ,GGU0120 ,Miniônibus ,2017,P7,0.006575,5.5e-05
D12 ,Transcap,85493 ,GGL9I38 ,Miniônibus ,2017,P7,0.006575,5.5e-05
D12 ,Transcap,85494 ,FPE0559 ,Miniônibus ,2017,P7,0.006575,5.5e-05
D12 ,Transcap,85495 ,FYK2889 ,Miniônibus ,2017,P7,0.006575,5.5e-05
D12 ,Transcap,85497 ,FLN5138 ,Miniônibus ,2017,P7,0.006575,5.5e-05
D12 ,Transcap,85499 ,FUQ3909 ,Miniônibus ,2017,P7,0.006575,5.5e-05
D5 ,Pêssego,47399 ,FXU5J48 ,Miniônibus ,2017,P7,0.006575,5.5e-05
D12 ,Transcap,85500 ,FPX6229 ,Miniônibus ,2017,P7,0.006575,5.5e-05
D12 ,Transcap,85501 ,GDR2428 ,Miniônibus ,2017,P7,0.006575,5.5e-05
D5 ,Pêssego,47391 ,GIY5519 ,Midiônibus ,2017,P7,0.006575,5.5e-05
D5 ,Pêssego,47390 ,FNH1908 ,Miniônibus ,2017,P7,0.006575,5.5e-05
D12 ,Transcap,85502 ,FEE9209 ,Miniônibus ,2017,P7,0.006575,5.5e-05
D5 ,Pêssego,47378 ,GIL7742 ,Midiônibus ,2017,P7,0.006575,5.5e-05
D5 ,Pêssego,47377 ,FUY8801 ,Miniônibus ,2017,P7,0.006575,5.5e-05
D12 ,Transcap,85503 ,GFT2629 ,Miniônibus ,2017,P7,0.006575,5.5e-05
D12 ,Transcap,85504 ,FQE8449 ,Miniônibus ,2017,P7,0.006575,5.5e-05
D12 ,Transcap,85511 ,GHG2059 ,Miniônibus ,2017,P7,0.006575,5.5e-05
D12 ,Transcap,85512 ,GBN9289 ,Miniônibus ,2017,P7,0.006575,5.5e-05
D5 ,Pêssego,47304 ,FPD9393 ,Miniônibus ,2017,P7,0.006575,5.5e-05
D5 ,Pêssego,47298 ,GEZ7679 ,Midiônibus ,2017,P7,0.006575,5.5e-05
D5 ,Pêssego,47283 ,GEE3072 ,Miniônibus ,2017,P7,0.006575,5.5e-05
D5 ,Pêssego,47270 ,GDG0418 ,Miniônibus ,2017,P7,0.006575,5.5e-05
D12 ,Transcap,85517 ,FKQ9038 ,Miniônibus ,2017,P7,0.006575,5.5e-05
D12 ,Transcap,85519 ,FNA4629 ,Miniônibus ,2017,P7,0.006575,5.5e-05
D5 ,Pêssego,47252 ,FZY6656 ,Miniônibus ,2017,P7,0.006575,5.5e-05
AR9 ,C Belo,72259 ,GCR2872 ,Articulado ,2017,P7,0.006575,5.5e-05
D3 ,Transunião ,36640 ,GHH6438 ,Básico ,2017,P7,0.006575,5.5e-05
AR9 ,C Belo,72260 ,FXG5723 ,Articulado ,2017,P7,0.006575,5.5e-05
D11 ,Transwolff,78845 ,GEH8369 ,Midiônibus ,2017,P7,0.006575,5.5e-05
D11 ,Transwolff,78873 ,GIW8660 ,Midiônibus ,2017,P7,0.006575,5.5e-05
D11 ,Transwolff,78878 ,FYU3778 ,Midiônibus ,2017,P7,0.006575,5.5e-05
AR1 ,G. Preto,13549 ,FXD1445 ,Padron ,2017,P7,0.006575,5.5e-05
AR1 ,G. Preto,13548 ,FSN9887 ,Padron ,2017,P7,0.006575,5.5e-05
AR1 ,G. Preto,13547 ,GBG5736 ,Padron ,2017,P7,0.006575,5.5e-05
D3 ,Transunião ,36181 ,GED7E81 ,Básico ,2017,P7,0.006575,5.5e-05
D3 ,Transunião ,36185 ,FRJ6939 ,Midiônibus ,2017,P7,0.006575,5.5e-05
D3 ,Transunião ,36187 ,GJJ5B99 ,Básico ,2017,P7,0.006575,5.5e-05
D11 ,Transwolff,78889 ,GGW9939 ,Básico ,2017,P7,0.006575,5.5e-05
D3 ,Transunião ,36189 ,FRO2988 ,Básico ,2017,P7,0.006575,5.5e-05
E8 ,C Belo,71240 ,FLW7792 ,Articulado ,2017,P7,0.006575,5.5e-05
D11 ,Transwolff,78899 ,GEQ2577 ,Midiônibus ,2017,P7,0.006575,5.5e-05
E8 ,C Belo,71241 ,FHY3421 ,Articulado ,2017,P7,0.006575,5.5e-05
E8 ,C Belo,71242 ,FWJ6893 ,Articulado ,2017,P7,0.006575,5.5e-05
D11 ,Transwolff,78946 ,FCK2119 ,Midiônibus ,2017,P7,0.006575,5.5e-05
E8 ,C Belo,71243 ,FFX9804 ,Articulado ,2017,P7,0.006575,5.5e-05
E8 ,C Belo,71244 ,FFW6125 ,Articulado ,2017,P7,0.006575,5.5e-05
D11 ,Transwolff,78978 ,GEQ0149 ,Midiônibus ,2017,P7,0.006575,5.5e-05
D11 ,Transwolff,78984 ,GCY1689 ,Midiônibus ,2017,P7,0.006575,5.5e-05
D3 ,Transunião ,36214 ,GEW3G63 ,Básico ,2017,P7,0.006575,5.5e-05
D11 ,Transwolff,78989 ,FXN2307 ,Midiônibus ,2017,P7,0.006575,5.5e-05
D11 ,Transwolff,78990 ,GJP9A79 ,Midiônibus ,2017,P7,0.006575,5.5e-05
D11 ,Transwolff,78991 ,FVL4C09 ,Midiônibus ,2017,P7,0.006575,5.5e-05
D3 ,Transunião ,36219 ,FJQ7978 ,Midiônibus ,2017,P7,0.006575,5.5e-05
D11 ,Transwolff,78992 ,GDF0248 ,Básico ,2017,P7,0.006575,5.5e-05
E8 ,C Belo,71245 ,FIJ9466 ,Articulado ,2017,P7,0.006575,5.5e-05
D11 ,Transwolff,78994 ,FHJ8079 ,Midiônibus ,2017,P7,0.006575,5.5e-05
D11 ,Transwolff,78995 ,FME7528 ,Midiônibus ,2017,P7,0.006575,5.5e-05
D3 ,Transunião ,36147 ,FCN6H12 ,Básico ,2017,P7,0.006575,5.5e-05
E8 ,C Belo,71246 ,GDP1547 ,Articulado ,2017,P7,0.006575,5.5e-05
D3 ,Transunião ,36136 ,FEJ9H46 ,Básico ,2017,P7,0.006575,5.5e-05
D11 ,Transwolff,78825 ,FTW9013 ,Midiônibus ,2017,P7,0.006575,5.5e-05
D11 ,Transwolff,78621 ,FYP5249 ,Midiônibus ,2017,P7,0.006575,5.5e-05
D11 ,Transwolff,78630 ,FJY2589 ,Midiônibus ,2017,P7,0.006575,5.5e-05
D11 ,Transwolff,78700 ,GKH6819 ,Básico ,2017,P7,0.006575,5.5e-05
E4 ,Via Sudeste,52840 ,FCN5033 ,Articulado ,2017,P7,0.006575,5.5e-05
D11 ,Transwolff,78709 ,GDC2019 ,Básico ,2017,P7,0.006575,5.5e-05
D3 ,Transunião ,36025 ,FUX6I47 ,Básico ,2017,P7,0.006575,5.5e-05
D13 ,Alfa Rodobus,86339 ,FGS6677 ,Midiônibus ,2017,P7,0.006575,5.5e-05
D3 ,Transunião ,36036 ,GIV1753 ,Básico ,2017,P7,0.006575,5.5e-05
D11 ,Transwolff,78716 ,FPR6599 ,Básico ,2017,P7,0.006575,5.5e-05
D3 ,Transunião ,36038 ,GJW0536 ,Básico ,2017,P7,0.006575,5.5e-05
D11 ,Transwolff,78720 ,FIW1518 ,Básico ,2017,P7,0.006575,5.5e-05
D11 ,Transwolff,78726 ,GFE5994 ,Básico ,2017,P7,0.006575,5.5e-05
D11 ,Transwolff,78727 ,FTM5229 ,Básico ,2017,P7,0.006575,5.5e-05
D11 ,Transwolff,78735 ,GHA8299 ,Básico ,2017,P7,0.006575,5.5e-05
D11 ,Transwolff,78739 ,FXT2509 ,Básico ,2017,P7,0.006575,5.5e-05
D11 ,Transwolff,78741 ,FJT5049 ,Básico ,2017,P7,0.006575,5.5e-05
D3 ,Transunião ,36070 ,GCW1776 ,Básico ,2017,P7,0.006575,5.5e-05
D11 ,Transwolff,78742 ,GEA4159 ,Básico ,2017,P7,0.006575,5.5e-05
D11 ,Transwolff,78743 ,FWF4528 ,Básico ,2017,P7,0.006575,5.5e-05
D11 ,Transwolff,78744 ,GCC9389 ,Básico ,2017,P7,0.006575,5.5e-05
D11 ,Transwolff,78745 ,GFL4318 ,Básico ,2017,P7,0.006575,5.5e-05
D11 ,Transwolff,78746 ,GIY0409 ,Básico ,2017,P7,0.006575,5.5e-05
D11 ,Transwolff,78747 ,FFM7545 ,Midiônibus ,2017,P7,0.006575,5.5e-05
D11 ,Transwolff,78751 ,GJZ3379 ,Básico ,2017,P7,0.006575,5.5e-05
D3 ,Transunião ,36097 ,FBV0559 ,Básico ,2017,P7,0.006575,5.5e-05
D11 ,Transwolff,78805 ,FSI0699 ,Midiônibus ,2017,P7,0.006575,5.5e-05
D3 ,Transunião ,36121 ,GJI5E39 ,Básico ,2017,P7,0.006575,5.5e-05
D11 ,Transwolff,78821 ,GEP8820 ,Midiônibus ,2017,P7,0.006575,5.5e-05
D11 ,Transwolff,78822 ,GEI2772 ,Midiônibus ,2017,P7,0.006575,5.5e-05
D13 ,Alfa Rodobus,86327 ,GGH8558 ,Midiônibus ,2017,P7,0.006575,5.5e-05
E8 ,C Belo,71247 ,FOJ7528 ,Articulado ,2017,P7,0.006575,5.5e-05
E8 ,C Belo,71248 ,FLZ7579 ,Articulado ,2017,P7,0.006575,5.5e-05
E8 ,C Belo,71250 ,FPQ5442 ,Articulado ,2017,P7,0.006575,5.5e-05
E8 ,C Belo,71286 ,FYH4027 ,Articulado ,2017,P7,0.006575,5.5e-05
E8 ,C Belo,71287 ,FCC7268 ,Articulado ,2017,P7,0.006575,5.5e-05
E8 ,C Belo,71288 ,GGS0109 ,Articulado ,2017,P7,0.006575,5.5e-05
E8 ,C Belo,71289 ,FEW2351 ,Articulado ,2017,P7,0.006575,5.5e-05
E8 ,C Belo,71290 ,FCI0602 ,Articulado ,2017,P7,0.006575,5.5e-05
E8 ,C Belo,71291 ,GCE7413 ,Articulado ,2017,P7,0.006575,5.5e-05
E8 ,C Belo,71292 ,GAO1114 ,Articulado ,2017,P7,0.006575,5.5e-05
E8 ,C Belo,71293 ,FWE6825 ,Articulado ,2017,P7,0.006575,5.5e-05
E8 ,C Belo,71294 ,GCA1846 ,Articulado ,2017,P7,0.006575,5.5e-05
E8 ,C Belo,71295 ,FRG9847 ,Articulado ,2017,P7,0.006575,5.5e-05
D13 ,Alfa Rodobus,86483 ,FYV7738 ,Midiônibus ,2017,P7,0.006575,5.5e-05
E8 ,C Belo,71297 ,GAQ6169 ,Articulado ,2017,P7,0.006575,5.5e-05
E8 ,C Belo,71298 ,FXV8131 ,Articulado ,2017,P7,0.006575,5.5e-05
D3 ,Transunião ,36536 ,FCL1489 ,Básico ,2017,P7,0.006575,5.5e-05
D3 ,Transunião ,36539 ,FCC6B99 ,Básico ,2017,P7,0.006575,5.5e-05
D13 ,Alfa Rodobus,86244 ,FFI7602 ,Midiônibus ,2017,P7,0.006575,5.5e-05
AR9 ,Transppass,80351 ,GGN1853 ,Padron ,2017,P7,0.006575,5.5e-05
D3 ,Transunião ,36565 ,FGW2997 ,Básico ,2017,P7,0.006575,5.5e-05
AR9 ,Transppass,80353 ,GBO5691 ,Padron ,2017,P7,0.006575,5.5e-05
AR9 ,Transppass,80355 ,FGA4223 ,Padron ,2017,P7,0.006575,5.5e-05
D3 ,Transunião ,36577 ,GKC3D68 ,Básico ,2017,P7,0.006575,5.5e-05
AR9 ,Transppass,80373 ,GEX8153 ,Padron ,2017,P7,0.006575,5.5e-05
AR9 ,Transppass,80383 ,GEF4505 ,Padron ,2017,P7,0.006575,5.5e-05
D3 ,Transunião ,36607 ,GAS6B98 ,Básico ,2017,P7,0.006575,5.5e-05
D3 ,Transunião ,36625 ,FIM6J18 ,Básico ,2017,P7,0.006575,5.5e-05
AR9 ,C Belo,72264 ,FMT9197 ,Articulado ,2017,P7,0.006575,5.5e-05
AR9 ,C Belo,72263 ,GDG6626 ,Articulado ,2017,P7,0.006575,5.5e-05
AR9 ,C Belo,72262 ,GAZ9295 ,Articulado ,2017,P7,0.006575,5.5e-05
AR9 ,C Belo,72261 ,GDS1664 ,Articulado ,2017,P7,0.006575,5.5e-05
D3 ,Transunião ,36509 ,FYX8I99 ,Básico ,2017,P7,0.006575,5.5e-05
E8 ,C Belo,71285 ,FOP6106 ,Articulado ,2017,P7,0.006575,5.5e-05
E8 ,C Belo,71284 ,FKS5365 ,Articulado ,2017,P7,0.006575,5.5e-05
D3 ,Transunião ,36506 ,FTU7715 ,Midiônibus ,2017,P7,0.006575,5.5e-05
E8 ,C Belo,71265 ,FYM5057 ,Articulado ,2017,P7,0.006575,5.5e-05
E8 ,C Belo,71266 ,FTV4538 ,Articulado ,2017,P7,0.006575,5.5e-05
E8 ,C Belo,71267 ,FBY1789 ,Articulado ,2017,P7,0.006575,5.5e-05
E8 ,C Belo,71268 ,GCK2171 ,Articulado ,2017,P7,0.006575,5.5e-05
E1 ,G. Preto,12556 ,GBP8291 ,Padron ,2017,P7,0.006575,5.5e-05
E1 ,G. Preto,12555 ,FOT2054 ,Padron ,2017,P7,0.006575,5.5e-05
E1 ,G. Preto,12554 ,FRZ1522 ,Padron ,2017,P7,0.006575,5.5e-05
E8 ,C Belo,71269 ,FZO4102 ,Articulado ,2017,P7,0.006575,5.5e-05
E8 ,C Belo,71270 ,FCG3412 ,Articulado ,2017,P7,0.006575,5.5e-05
E8 ,C Belo,71271 ,FNB0531 ,Articulado ,2017,P7,0.006575,5.5e-05
E8 ,C Belo,71272 ,FUK7943 ,Articulado ,2017,P7,0.006575,5.5e-05
E8 ,C Belo,71273 ,FAT5824 ,Articulado ,2017,P7,0.006575,5.5e-05
E8 ,C Belo,71274 ,FII3285 ,Articulado ,2017,P7,0.006575,5.5e-05
D11 ,Transwolff,78999 ,FYE9870 ,Midiônibus ,2017,P7,0.006575,5.5e-05
D8 ,Movebuss,55029 ,GGR6003 ,Miniônibus ,2017,P7,0.006575,5.5e-05
E1 ,Brigida,11996 ,BBF3359 ,Padron ,2017,P7,0.006575,5.5e-05
E8 ,C Belo,71276 ,FJQ5317 ,Articulado ,2017,P7,0.006575,5.5e-05
D3 ,Transunião ,36310 ,GGV5759 ,Básico ,2017,P7,0.006575,5.5e-05
D3 ,Transunião ,36318 ,FZO1C78 ,Básico ,2017,P7,0.006575,5.5e-05
D3 ,Transunião ,36322 ,GJX6B09 ,Básico ,2017,P7,0.006575,5.5e-05
D3 ,Transunião ,36327 ,GCK2517 ,Midiônibus ,2017,P7,0.006575,5.5e-05
D3 ,Transunião ,36332 ,GGQ0B27 ,Básico ,2017,P7,0.006575,5.5e-05
D3 ,Transunião ,36335 ,FLQ4269 ,Básico ,2017,P7,0.006575,5.5e-05
E8 ,C Belo,71277 ,FSZ1178 ,Articulado ,2017,P7,0.006575,5.5e-05
E8 ,C Belo,71278 ,GCO6319 ,Articulado ,2017,P7,0.006575,5.5e-05
E8 ,C Belo,71279 ,FWN2231 ,Articulado ,2017,P7,0.006575,5.5e-05
E8 ,C Belo,71280 ,FNZ2491 ,Articulado ,2017,P7,0.006575,5.5e-05
E8 ,C Belo,71281 ,GGZ5502 ,Articulado ,2017,P7,0.006575,5.5e-05
E8 ,C Belo,71282 ,FOE8943 ,Articulado ,2017,P7,0.006575,5.5e-05
E8 ,C Belo,71283 ,FUR4154 ,Articulado ,2017,P7,0.006575,5.5e-05
E8 ,C Belo,71275 ,GDY7976 ,Articulado ,2017,P7,0.006575,5.5e-05
D13 ,Alfa Rodobus,86487 ,FOT0429 ,Midiônibus ,2017,P7,0.006575,5.5e-05
D10 ,Transwolff,66262 ,GDB7388 ,Midiônibus ,2017,P7,0.006575,5.5e-05
D10 ,Transwolff,66645 ,FLU4351 ,Midiônibus ,2017,P7,0.006575,5.5e-05
D10 ,Transwolff,66425 ,GBW9319 ,Midiônibus ,2017,P7,0.006575,5.5e-05
D1 ,Norte Buss,16435 ,BLE6435 ,Miniônibus ,2017,P7,0.006575,5.5e-05
D10 ,Transwolff,66417 ,FWZ5039 ,Midiônibus ,2017,P7,0.006575,5.5e-05
D10 ,Transwolff,66406 ,GCZ4609 ,Midiônibus ,2017,P7,0.006575,5.5e-05
D10 ,Transwolff,66403 ,GHZ7E69 ,Midiônibus ,2017,P7,0.006575,5.5e-05
D2 ,Norte Buss,26342 ,FKS8338 ,Miniônibus ,2017,P7,0.006575,5.5e-05
D10 ,Transwolff,66178 ,GGN6229 ,Midiônibus ,2017,P7,0.006575,5.5e-05
D1 ,Norte Buss,16597 ,FXJ6J39 ,Miniônibus ,2017,P7,0.006575,5.5e-05
D2 ,Norte Buss,26114 ,FMS3654 ,Miniônibus ,2017,P7,0.006575,5.5e-05
D2 ,Norte Buss,26361 ,FWY9787 ,Miniônibus ,2017,P7,0.006575,5.5e-05
D10 ,Transwolff,66190 ,FXQ9989 ,Midiônibus ,2017,P7,0.006575,5.5e-05
D2 ,Norte Buss,26368 ,FCY6B18 ,Miniônibus ,2017,P7,0.006575,5.5e-05
D10 ,Transwolff,66436 ,GEJ8374 ,Midiônibus ,2017,P7,0.006575,5.5e-05
D10 ,Transwolff,66192 ,GIC4279 ,Básico ,2017,P7,0.006575,5.5e-05
D10 ,Transwolff,66193 ,GCX1029 ,Midiônibus ,2017,P7,0.006575,5.5e-05
D10 ,Transwolff,66388 ,GKG5950 ,Midiônibus ,2017,P7,0.006575,5.5e-05
D10 ,Transwolff,66201 ,GBZ9249 ,Midiônibus ,2017,P7,0.006575,5.5e-05
D10 ,Transwolff,66202 ,FXN5149 ,Midiônibus ,2017,P7,0.006575,5.5e-05
D10 ,Transwolff,66893 ,GEU5849 ,Midiônibus ,2017,P7,0.006575,5.5e-05
D10 ,Transwolff,66700 ,GEJ6419 ,Midiônibus ,2017,P7,0.006575,5.5e-05
D10 ,Transwolff,66857 ,GCR9138 ,Midiônibus ,2017,P7,0.006575,5.5e-05
D10 ,Transwolff,66339 ,GHB5629 ,Midiônibus ,2017,P7,0.006575,5.5e-05
D2 ,Norte Buss,26001 ,FNX4159 ,Miniônibus ,2017,P7,0.006575,5.5e-05
D2 ,Norte Buss,26004 ,FVY8996 ,Miniônibus ,2017,P7,0.006575,5.5e-05
D10 ,Transwolff,66320 ,GGB7649 ,Midiônibus ,2017,P7,0.006575,5.5e-05
D10 ,Transwolff,66306 ,GIK1705 ,Básico ,2017,P7,0.006575,5.5e-05
D10 ,Transwolff,66667 ,FVW7289 ,Midiônibus ,2017,P7,0.006575,5.5e-05
E9 ,Gatusa,76087 ,FCT3176 ,Padron ,2017,P7,0.006575,5.5e-05
E9 ,Gatusa,76086 ,FDS1355 ,Padron ,2017,P7,0.006575,5.5e-05
D10 ,Transwolff,66442 ,GFD1288 ,Midiônibus ,2017,P7,0.006575,5.5e-05
E9 ,Gatusa,76076 ,FCW7855 ,Padron ,2017,P7,0.006575,5.5e-05
E9 ,Gatusa,76077 ,FBK9891 ,Padron ,2017,P7,0.006575,5.5e-05
E9 ,Gatusa,76078 ,FQJ0279 ,Padron ,2017,P7,0.006575,5.5e-05
E9 ,Gatusa,76080 ,FCP0671 ,Padron ,2017,P7,0.006575,5.5e-05
AR6 ,Mobibrasil,64612 ,GJP3I29 ,Básico ,2017,P7,0.006575,5.5e-05
AR6 ,Mobibrasil,64611 ,FXM5D87 ,Básico ,2017,P7,0.006575,5.5e-05
AR6 ,Mobibrasil,64610 ,GKD4A17 ,Básico ,2017,P7,0.006575,5.5e-05
AR6 ,Mobibrasil,64609 ,GGU4C68 ,Básico ,2017,P7,0.006575,5.5e-05
AR6 ,Mobibrasil,64608 ,FXU0I39 ,Básico ,2017,P7,0.006575,5.5e-05
AR6 ,Mobibrasil,64606 ,FTQ9H38 ,Básico ,2017,P7,0.006575,5.5e-05
AR6 ,Mobibrasil,64605 ,GDU3I90 ,Básico ,2017,P7,0.006575,5.5e-05
AR6 ,Mobibrasil,64604 ,GFU8D10 ,Básico ,2017,P7,0.006575,5.5e-05
D2 ,Norte Buss,26324 ,GBD2404 ,Miniônibus ,2017,P7,0.006575,5.5e-05
D10 ,Transwolff,66564 ,GAX2639 ,Midiônibus ,2017,P7,0.006575,5.5e-05
D10 ,Transwolff,66573 ,GFY3270 ,Midiônibus ,2017,P7,0.006575,5.5e-05
D10 ,Transwolff,66577 ,FVI6679 ,Midiônibus ,2017,P7,0.006575,5.5e-05
D10 ,Transwolff,66588 ,GBZ0549 ,Midiônibus ,2017,P7,0.006575,5.5e-05
D10 ,Transwolff,66599 ,GFQ7869 ,Midiônibus ,2017,P7,0.006575,5.5e-05
D10 ,Transwolff,66517 ,GEK4029 ,Midiônibus ,2017,P7,0.006575,5.5e-05
E9 ,Gatusa,76081 ,FDM9606 ,Padron ,2017,P7,0.006575,5.5e-05
E9 ,Gatusa,76082 ,FCP4064 ,Padron ,2017,P7,0.006575,5.5e-05
E9 ,Gatusa,76083 ,FBO6191 ,Padron ,2017,P7,0.006575,5.5e-05
E9 ,Gatusa,76962 ,FXM6C92 ,Padron ,2017,P7,0.006575,5.5e-05
D10 ,Transwolff,66448 ,FRN6329 ,Midiônibus ,2017,P7,0.006575,5.5e-05
E9 ,Gatusa,76084 ,FAV8336 ,Padron ,2017,P7,0.006575,5.5e-05
E9 ,Gatusa,76085 ,FCX6517 ,Padron ,2017,P7,0.006575,5.5e-05
D1 ,Norte Buss,16426 ,GJV6558 ,Miniônibus ,2017,P7,0.006575,5.5e-05
D10 ,Transwolff,66305 ,GBH6479 ,Midiônibus ,2017,P7,0.006575,5.5e-05
D10 ,Transwolff,66296 ,GFN0259 ,Midiônibus ,2017,P7,0.006575,5.5e-05
D2 ,Norte Buss,26019 ,GFU4560 ,Miniônibus ,2017,P7,0.006575,5.5e-05
D10 ,Transwolff,66845 ,GEL2769 ,Midiônibus ,2017,P7,0.006575,5.5e-05
D2 ,Norte Buss,26052 ,FUE9A57 ,Miniônibus ,2017,P7,0.006575,5.5e-05
D10 ,Transwolff,66255 ,FQD3516 ,Midiônibus ,2017,P7,0.006575,5.5e-05
E9 ,Gatusa,76090 ,FEE6297 ,Padron ,2017,P7,0.006575,5.5e-05
E9 ,Gatusa,76091 ,FAT9826 ,Padron ,2017,P7,0.006575,5.5e-05
D2 ,Norte Buss,26513 ,FDR3283 ,Midiônibus ,2017,P7,0.006575,5.5e-05
D10 ,Transwolff,66783 ,EFA4641 ,Padron ,2017,P7,0.006575,5.5e-05
D2 ,Norte Buss,26514 ,FSB7473 ,Midiônibus ,2017,P7,0.006575,5.5e-05
D1 ,Norte Buss,16531 ,FWM5331 ,Miniônibus ,2017,P7,0.006575,5.5e-05
D2 ,Norte Buss,26515 ,GJR7134 ,Midiônibus ,2017,P7,0.006575,5.5e-05
D2 ,Norte Buss,26516 ,GFN7545 ,Midiônibus ,2017,P7,0.006575,5.5e-05
D2 ,Norte Buss,26517 ,FYL7466 ,Midiônibus ,2017,P7,0.006575,5.5e-05
D2 ,Norte Buss,26518 ,GDH2090 ,Midiônibus ,2017,P7,0.006575,5.5e-05
D2 ,Norte Buss,26519 ,FJY2522 ,Midiônibus ,2017,P7,0.006575,5.5e-05
D2 ,Norte Buss,26520 ,GDJ6373 ,Midiônibus ,2017,P7,0.006575,5.5e-05
D2 ,Norte Buss,26521 ,FYX4554 ,Midiônibus ,2017,P7,0.006575,5.5e-05
D2 ,Norte Buss,26522 ,GJY6965 ,Midiônibus ,2017,P7,0.006575,5.5e-05
D2 ,Norte Buss,26523 ,FCX7181 ,Midiônibus ,2017,P7,0.006575,5.5e-05
D2 ,Norte Buss,26524 ,GEO0530 ,Midiônibus ,2017,P7,0.006575,5.5e-05
D2 ,Norte Buss,26525 ,FLE7859 ,Midiônibus ,2017,P7,0.006575,5.5e-05
D2 ,Norte Buss,26526 ,GAT4247 ,Midiônibus ,2017,P7,0.006575,5.5e-05
D2 ,Norte Buss,26527 ,FVR1954 ,Midiônibus ,2017,P7,0.006575,5.5e-05
D2 ,Norte Buss,26528 ,FUY7442 ,Midiônibus ,2017,P7,0.006575,5.5e-05
D2 ,Norte Buss,26529 ,FKS9588 ,Midiônibus ,2017,P7,0.006575,5.5e-05
D2 ,Norte Buss,26530 ,FBQ6334 ,Midiônibus ,2017,P7,0.006575,5.5e-05
D10 ,Transwolff,66777 ,GFF3119 ,Midiônibus ,2017,P7,0.006575,5.5e-05
D2 ,Norte Buss,26531 ,GBC9797 ,Midiônibus ,2017,P7,0.006575,5.5e-05
D2 ,Norte Buss,26532 ,GJL9449 ,Midiônibus ,2017,P7,0.006575,5.5e-05
D2 ,Norte Buss,26502 ,FRQ0822 ,Midiônibus ,2017,P7,0.006575,5.5e-05
E9 ,Gatusa,76075 ,FCL0951 ,Padron ,2017,P7,0.006575,5.5e-05
D2 ,Norte Buss,26501 ,GCA1521 ,Midiônibus ,2017,P7,0.006575,5.5e-05
D2 ,Norte Buss,26483 ,FWZ4289 ,Miniônibus ,2017,P7,0.006575,5.5e-05
E9 ,Gatusa,76088 ,FBE0684 ,Padron ,2017,P7,0.006575,5.5e-05
D10 ,Transwolff,66737 ,FLN4699 ,Midiônibus ,2017,P7,0.006575,5.5e-05
D10 ,Transwolff,66832 ,FON7643 ,Padron ,2017,P7,0.006575,5.5e-05
D10 ,Transwolff,66286 ,GEL8079 ,Midiônibus ,2017,P7,0.006575,5.5e-05
D10 ,Transwolff,66831 ,ECV3712 ,Padron ,2017,P7,0.006575,5.5e-05
E3 ,Metropole,31063 ,GJP0866 ,Padron ,2017,P7,0.006575,5.5e-05
D10 ,Transwolff,66281 ,GGR7138 ,Midiônibus ,2017,P7,0.006575,5.5e-05
E3 ,Metropole,31060 ,FZO2187 ,Padron ,2017,P7,0.006575,5.5e-05
D10 ,Transwolff,66273 ,GEQ4919 ,Midiônibus ,2017,P7,0.006575,5.5e-05
D2 ,Norte Buss,26039 ,FIP1239 ,Miniônibus ,2017,P7,0.006575,5.5e-05
D2 ,Norte Buss,26386 ,FDS5858 ,Miniônibus ,2017,P7,0.006575,5.5e-05
D10 ,Transwolff,66796 ,GHE6459 ,Midiônibus ,2017,P7,0.006575,5.5e-05
D1 ,Norte Buss,16511 ,FWU7G67 ,Miniônibus ,2017,P7,0.006575,5.5e-05
D2 ,Norte Buss,26390 ,GDQ7969 ,Midiônibus ,2017,P7,0.006575,5.5e-05
D2 ,Norte Buss,26090 ,FKP4G69 ,Miniônibus ,2017,P7,0.006575,5.5e-05
D2 ,Norte Buss,26088 ,GAW2626 ,Miniônibus ,2017,P7,0.006575,5.5e-05
D10 ,Transwolff,66216 ,GKB5870 ,Midiônibus ,2017,P7,0.006575,5.5e-05
D10 ,Transwolff,66793 ,DNA6260 ,Padron ,2017,P7,0.006575,5.5e-05
D10 ,Transwolff,66792 ,EGX5653 ,Padron ,2017,P7,0.006575,5.5e-05
D10 ,Transwolff,66232 ,GBO8239 ,Midiônibus ,2017,P7,0.006575,5.5e-05
D10 ,Transwolff,66235 ,FXN7029 ,Midiônibus ,2017,P7,0.006575,5.5e-05
D2 ,Norte Buss,26459 ,BRQ6719 ,Miniônibus ,2017,P7,0.006575,5.5e-05
D10 ,Transwolff,66242 ,FGL1379 ,Básico ,2017,P7,0.006575,5.5e-05
D1 ,Norte Buss,16523 ,GIZ6228 ,Miniônibus ,2017,P7,0.006575,5.5e-05
D10 ,Transwolff,66248 ,GDR4109 ,Midiônibus ,2017,P7,0.006575,5.5e-05
D2 ,Norte Buss,26058 ,GBE3628 ,Miniônibus ,2017,P7,0.006575,5.5e-05
E9 ,Gatusa,76089 ,FFK8451 ,Padron ,2017,P7,0.006575,5.5e-05
D2 ,Norte Buss,26053 ,GDJ5218 ,Miniônibus ,2017,P7,0.006575,5.5e-05
E9 ,Gatusa,76074 ,FDC2091 ,Padron ,2017,P7,0.006575,5.5e-05
E9 ,Gatusa,76092 ,FED4509 ,Padron ,2017,P7,0.006575,5.5e-05
E9 ,Gatusa,76065 ,FAB7627 ,Padron ,2017,P7,0.006575,5.5e-05
E9 ,Gatusa,76052 ,FDI6592 ,Padron ,2017,P7,0.006575,5.5e-05
E9 ,Gatusa,76072 ,FDR0826 ,Padron ,2017,P7,0.006575,5.5e-05
D10 ,Transwolff,66546 ,FJG7I69 ,Midiônibus ,2017,P7,0.006575,5.5e-05
E9 ,Gatusa,76058 ,FAG8921 ,Padron ,2017,P7,0.006575,5.5e-05
E9 ,Gatusa,76053 ,FFB9894 ,Padron ,2017,P7,0.006575,5.5e-05
E9 ,Gatusa,76054 ,FEP8715 ,Padron ,2017,P7,0.006575,5.5e-05
D10 ,Transwolff,66062 ,GES7120 ,Midiônibus ,2017,P7,0.006575,5.5e-05
D2 ,Norte Buss,26236 ,FXE6556 ,Miniônibus ,2017,P7,0.006575,5.5e-05
E9 ,Gatusa,76960 ,FDR7A73 ,Padron ,2017,P7,0.006575,5.5e-05
E9 ,Gatusa,76055 ,FCS6939 ,Padron ,2017,P7,0.006575,5.5e-05
D10 ,Transwolff,66523 ,GGT1129 ,Midiônibus ,2017,P7,0.006575,5.5e-05
E9 ,Gatusa,76056 ,FCT1269 ,Padron ,2017,P7,0.006575,5.5e-05
D2 ,Norte Buss,26243 ,EVW7033 ,Miniônibus ,2017,P7,0.006575,5.5e-05
D2 ,Norte Buss,26192 ,GJK0569 ,Miniônibus ,2017,P7,0.006575,5.5e-05
E9 ,Gatusa,76066 ,FCH8492 ,Padron ,2017,P7,0.006575,5.5e-05
D10 ,Transwolff,66035 ,FEE9739 ,Midiônibus ,2017,P7,0.006575,5.5e-05
D1 ,Norte Buss,16371 ,GIA3229 ,Miniônibus ,2017,P7,0.006575,5.5e-05
D10 ,Transwolff,66068 ,FKT9C29 ,Midiônibus ,2017,P7,0.006575,5.5e-05
E9 ,Gatusa,76071 ,FFL1435 ,Padron ,2017,P7,0.006575,5.5e-05
E9 ,Gatusa,76067 ,FPW6691 ,Padron ,2017,P7,0.006575,5.5e-05
E9 ,Gatusa,76068 ,FAC8627 ,Padron ,2017,P7,0.006575,5.5e-05
E9 ,Gatusa,76070 ,FDD3876 ,Padron ,2017,P7,0.006575,5.5e-05
E9 ,Gatusa,76057 ,FCE6148 ,Padron ,2017,P7,0.006575,5.5e-05
E9 ,Gatusa,76073 ,FNV9805 ,Padron ,2017,P7,0.006575,5.5e-05
D10 ,Transwolff,66927 ,GJL4398 ,Midiônibus ,2017,P7,0.006575,5.5e-05
D10 ,Transwolff,66061 ,GCX9079 ,Midiônibus ,2017,P7,0.006575,5.5e-05
E9 ,Gatusa,76051 ,FBC7291 ,Padron ,2017,P7,0.006575,5.5e-05
D10 ,Transwolff,66027 ,GDA3549 ,Midiônibus ,2017,P7,0.006575,5.5e-05
E9 ,Gatusa,76060 ,FCL8825 ,Padron ,2017,P7,0.006575,5.5e-05
D1 ,Norte Buss,16687 ,FWS0I77 ,Miniônibus ,2017,P7,0.006575,5.5e-05
E9 ,Gatusa,76050 ,FHZ7437 ,Padron ,2017,P7,0.006575,5.5e-05
D1 ,Norte Buss,16715 ,FVI9438 ,Miniônibus ,2017,P7,0.006575,5.5e-05
E9 ,Gatusa,76061 ,FHF3342 ,Padron ,2017,P7,0.006575,5.5e-05
E9 ,Gatusa,76062 ,FCK4802 ,Padron ,2017,P7,0.006575,5.5e-05
D1 ,Norte Buss,16368 ,GGI6286 ,Miniônibus ,2017,P7,0.006575,5.5e-05
E9 ,Gatusa,76961 ,DYH2G41 ,Padron ,2017,P7,0.006575,5.5e-05
E9 ,Gatusa,76063 ,FDS1374 ,Padron ,2017,P7,0.006575,5.5e-05
D10 ,Transwolff,66539 ,GJJ7269 ,Midiônibus ,2017,P7,0.006575,5.5e-05
D10 ,Transwolff,66006 ,GHU6107 ,Midiônibus ,2017,P7,0.006575,5.5e-05
E9 ,Gatusa,76059 ,FFJ0887 ,Padron ,2017,P7,0.006575,5.5e-05
E9 ,Gatusa,76069 ,FCX0211 ,Padron ,2017,P7,0.006575,5.5e-05
D1 ,Norte Buss,16403 ,GBH3208 ,Miniônibus ,2017,P7,0.006575,5.5e-05
D10 ,Transwolff,66014 ,FKC1806 ,Midiônibus ,2017,P7,0.006575,5.5e-05
D10 ,Transwolff,66107 ,GKH4369 ,Midiônibus ,2017,P7,0.006575,5.5e-05
D10 ,Transwolff,66923 ,FWK9299 ,Básico ,2017,P7,0.006575,5.5e-05
D10 ,Transwolff,66105 ,GIU2445 ,Midiônibus ,2017,P7,0.006575,5.5e-05
D2 ,Norte Buss,26203 ,FAK9773 ,Miniônibus ,2017,P7,0.006575,5.5e-05
D1 ,Norte Buss,16725 ,FZK0455 ,Miniônibus ,2017,P7,0.006575,5.5e-05
E9 ,Gatusa,76064 ,FDX8911 ,Padron ,2017,P7,0.006575,5.5e-05
E8 ,C Belo,71318 ,FYZ9413 ,Articulado ,2018,P7,0.006575,5.5e-05
E3 ,Metropole,31072 ,GBI1794 ,Padron ,2018,P7,0.006575,5.5e-05
E3 ,Metropole,31076 ,GAX1396 ,Padron ,2018,P7,0.006575,5.5e-05
E1 ,G. Preto,12610 ,GAW3326 ,Padron ,2018,P7,0.006575,5.5e-05
E3 ,Metropole,31073 ,GFR0866 ,Padron ,2018,P7,0.006575,5.5e-05
E1 ,G. Preto,12612 ,FSF1251 ,Padron ,2018,P7,0.006575,5.5e-05
E1 ,G. Preto,12611 ,FVH3502 ,Padron ,2018,P7,0.006575,5.5e-05
D2 ,Norte Buss,26010 ,FZP6079 ,Miniônibus ,2018,P7,0.006575,5.5e-05
E8 ,C Belo,71315 ,FPW5659 ,Articulado ,2018,P7,0.006575,5.5e-05
E3 ,Metropole,31077 ,GID5581 ,Padron ,2018,P7,0.006575,5.5e-05
D3 ,Transunião ,36232 ,GAK8F88 ,Básico ,2018,P7,0.006575,5.5e-05
E3 ,Metropole,31074 ,GDS3248 ,Padron ,2018,P7,0.006575,5.5e-05
E8 ,C Belo,71319 ,FWW5737 ,Articulado ,2018,P7,0.006575,5.5e-05
D2 ,Norte Buss,26008 ,GKG1D78 ,Miniônibus ,2018,P7,0.006575,5.5e-05
E3 ,Metropole,31075 ,GFJ0495 ,Padron ,2018,P7,0.006575,5.5e-05
AR2 ,Sambaiba,22544 ,FTI6109 ,Padron ,2018,P7,0.006575,5.5e-05
E8 ,C Belo,71309 ,FME6135 ,Articulado ,2018,P7,0.006575,5.5e-05
D2 ,Spencer,25638 ,FUD2538 ,Miniônibus ,2018,P7,0.006575,5.5e-05
D3 ,Transunião ,36647 ,FSG3558 ,Básico ,2018,P7,0.006575,5.5e-05
D2 ,Spencer,25641 ,GGR9098 ,Miniônibus ,2018,P7,0.006575,5.5e-05
D3 ,Transunião ,36650 ,GDG9C59 ,Básico ,2018,P7,0.006575,5.5e-05
D2 ,Spencer,25644 ,FYK6076 ,Miniônibus ,2018,P7,0.006575,5.5e-05
AR9 ,C Belo,72189 ,FWT7885 ,Articulado ,2018,P7,0.006575,5.5e-05
AR9 ,C Belo,72188 ,FXE1314 ,Articulado ,2018,P7,0.006575,5.5e-05
AR9 ,C Belo,72187 ,FOI5179 ,Articulado ,2018,P7,0.006575,5.5e-05
AR9 ,C Belo,72186 ,FGL9165 ,Articulado ,2018,P7,0.006575,5.5e-05
AR9 ,C Belo,72185 ,FCF3494 ,Articulado ,2018,P7,0.006575,5.5e-05
AR9 ,C Belo,72184 ,FCO6193 ,Articulado ,2018,P7,0.006575,5.5e-05
AR9 ,C Belo,72183 ,FRX4612 ,Articulado ,2018,P7,0.006575,5.5e-05
E8 ,C Belo,71310 ,GFM7516 ,Articulado ,2018,P7,0.006575,5.5e-05
D3 ,Transunião ,36665 ,FVT3259 ,Básico ,2018,P7,0.006575,5.5e-05
D3 ,Transunião ,36685 ,FVS7359 ,Básico ,2018,P7,0.006575,5.5e-05
D3 ,Transunião ,36690 ,GKD4009 ,Midiônibus ,2018,P7,0.006575,5.5e-05
D3 ,Transunião ,36693 ,GEI5F88 ,Midiônibus ,2018,P7,0.006575,5.5e-05
D3 ,Transunião ,36694 ,GDO1E99 ,Básico ,2018,P7,0.006575,5.5e-05
E3 ,Metropole,31071 ,GIS6566 ,Padron ,2018,P7,0.006575,5.5e-05
AR5 ,Via Sudeste,51592 ,FPW7984 ,Articulado ,2018,P7,0.006575,5.5e-05
AR5 ,Via Sudeste,51591 ,FRO6073 ,Articulado ,2018,P7,0.006575,5.5e-05
AR5 ,Via Sudeste,51590 ,GAN3671 ,Articulado ,2018,P7,0.006575,5.5e-05
E1 ,G. Preto,12609 ,FAC1093 ,Padron ,2018,P7,0.006575,5.5e-05
E8 ,C Belo,71306 ,FUN2174 ,Articulado ,2018,P7,0.006575,5.5e-05
E8 ,C Belo,71307 ,GDW9765 ,Articulado ,2018,P7,0.006575,5.5e-05
E8 ,C Belo,71308 ,FAP4854 ,Articulado ,2018,P7,0.006575,5.5e-05
D2 ,Spencer,25649 ,GKB3327 ,Miniônibus ,2018,P7,0.006575,5.5e-05
E3 ,Metropole,31070 ,GFM4168 ,Padron ,2018,P7,0.006575,5.5e-05
D3 ,Transunião ,36221 ,FOH9009 ,Básico ,2018,P7,0.006575,5.5e-05
E1 ,G. Preto,12613 ,FVB3528 ,Padron ,2018,P7,0.006575,5.5e-05
D1 ,Norte Buss,16735 ,GKF4265 ,Miniônibus ,2018,P7,0.006575,5.5e-05
E2 ,Sambaiba,21326 ,GAQ9634 ,Padron ,2018,P7,0.006575,5.5e-05
D1 ,Norte Buss,16736 ,FCX1726 ,Miniônibus ,2018,P7,0.006575,5.5e-05
E9 ,Gatusa,76043 ,FHT1181 ,Padron ,2018,P7,0.006575,5.5e-05
E9 ,Gatusa,76042 ,GJZ8198 ,Padron ,2018,P7,0.006575,5.5e-05
E2 ,Sambaiba,21325 ,GDN5641 ,Padron ,2018,P7,0.006575,5.5e-05
E2 ,Sambaiba,21324 ,FRG3424 ,Padron ,2018,P7,0.006575,5.5e-05
E9 ,Gatusa,76041 ,FMV3888 ,Padron ,2018,P7,0.006575,5.5e-05
D1 ,Norte Buss,16741 ,FVV5448 ,Miniônibus ,2018,P7,0.006575,5.5e-05
E2 ,Sambaiba,21323 ,FXB5603 ,Padron ,2018,P7,0.006575,5.5e-05
E2 ,Sambaiba,21322 ,FVI8202 ,Padron ,2018,P7,0.006575,5.5e-05
E9 ,Gatusa,76040 ,GFQ4199 ,Padron ,2018,P7,0.006575,5.5e-05
E2 ,Sambaiba,21309 ,FXZ4417 ,Padron ,2018,P7,0.006575,5.5e-05
E2 ,Sambaiba,21308 ,FUG7156 ,Padron ,2018,P7,0.006575,5.5e-05
E2 ,Sambaiba,21307 ,FMB8535 ,Padron ,2018,P7,0.006575,5.5e-05
E2 ,Sambaiba,21327 ,FZI2935 ,Padron ,2018,P7,0.006575,5.5e-05
E2 ,Sambaiba,21306 ,FRQ5678 ,Padron ,2018,P7,0.006575,5.5e-05
D1 ,Norte Buss,16734 ,FFT7169 ,Miniônibus ,2018,P7,0.006575,5.5e-05
E9 ,Gatusa,76044 ,FFM9793 ,Padron ,2018,P7,0.006575,5.5e-05
E2 ,Sambaiba,21330 ,FRG7637 ,Padron ,2018,P7,0.006575,5.5e-05
E2 ,Sambaiba,21329 ,FCQ4586 ,Padron ,2018,P7,0.006575,5.5e-05
E2 ,Sambaiba,21328 ,FPB8677 ,Padron ,2018,P7,0.006575,5.5e-05
E8 ,C Belo,71194 ,GFB7239 ,Articulado ,2018,P7,0.006575,5.5e-05
D3 ,Transunião ,36164 ,FUP8H94 ,Midiônibus ,2018,P7,0.006575,5.5e-05
D1 ,Norte Buss,16717 ,GJN9217 ,Miniônibus ,2018,P7,0.006575,5.5e-05
D3 ,Transunião ,36167 ,GJG9H17 ,Midiônibus ,2018,P7,0.006575,5.5e-05
D3 ,Transunião ,36168 ,FRF4J68 ,Midiônibus ,2018,P7,0.006575,5.5e-05
D3 ,Transunião ,36169 ,FXN2289 ,Midiônibus ,2018,P7,0.006575,5.5e-05
E9 ,Gatusa,76049 ,GAQ1041 ,Padron ,2018,P7,0.006575,5.5e-05
E9 ,Gatusa,76048 ,FPC7018 ,Padron ,2018,P7,0.006575,5.5e-05
E9 ,Gatusa,76047 ,FPX0648 ,Padron ,2018,P7,0.006575,5.5e-05
E9 ,Gatusa,76046 ,FTO0633 ,Padron ,2018,P7,0.006575,5.5e-05
E9 ,Gatusa,76045 ,FPN9429 ,Padron ,2018,P7,0.006575,5.5e-05
D1 ,Norte Buss,16728 ,GGI8068 ,Miniônibus ,2018,P7,0.006575,5.5e-05
D1 ,Norte Buss,16733 ,FKX0533 ,Miniônibus ,2018,P7,0.006575,5.5e-05
D2 ,Norte Buss,26021 ,GBH2619 ,Miniônibus ,2018,P7,0.006575,5.5e-05
E2 ,Sambaiba,21305 ,GCW3657 ,Padron ,2018,P7,0.006575,5.5e-05
D1 ,Norte Buss,16749 ,GAK9369 ,Miniônibus ,2018,P7,0.006575,5.5e-05
E8 ,Transppass,81754 ,GBY9874 ,Articulado ,2018,P7,0.006575,5.5e-05
E8 ,Transppass,81753 ,GJF5533 ,Articulado ,2018,P7,0.006575,5.5e-05
E8 ,Transppass,81752 ,GJV6892 ,Articulado ,2018,P7,0.006575,5.5e-05
E8 ,Transppass,81751 ,GHJ0871 ,Articulado ,2018,P7,0.006575,5.5e-05
E8 ,Transppass,81750 ,GGE2355 ,Articulado ,2018,P7,0.006575,5.5e-05
D3 ,Transunião ,36216 ,FOE8144 ,Midiônibus ,2018,P7,0.006575,5.5e-05
D1 ,Norte Buss,16780 ,GGZ3909 ,Miniônibus ,2018,P7,0.006575,5.5e-05
E1 ,G. Preto,12608 ,FFW0195 ,Padron ,2018,P7,0.006575,5.5e-05
D1 ,Norte Buss,16785 ,GHH5864 ,Miniônibus ,2018,P7,0.006575,5.5e-05
D1 ,Norte Buss,16786 ,GFC0174 ,Miniônibus ,2018,P7,0.006575,5.5e-05
D2 ,Norte Buss,26027 ,FGE6567 ,Miniônibus ,2018,P7,0.006575,5.5e-05
D2 ,Norte Buss,26026 ,FRU3266 ,Miniônibus ,2018,P7,0.006575,5.5e-05
E1 ,G. Preto,12616 ,GJT7022 ,Padron ,2018,P7,0.006575,5.5e-05
E1 ,G. Preto,12615 ,FZB7429 ,Padron ,2018,P7,0.006575,5.5e-05
E1 ,G. Preto,12614 ,FBP0974 ,Padron ,2018,P7,0.006575,5.5e-05
D3 ,Transunião ,36213 ,FFL2C17 ,Midiônibus ,2018,P7,0.006575,5.5e-05
D1 ,Norte Buss,16747 ,GBC3767 ,Miniônibus ,2018,P7,0.006575,5.5e-05
E8 ,Transppass,81755 ,GBY8606 ,Articulado ,2018,P7,0.006575,5.5e-05
D11 ,Transwolff,78979 ,FWX1389 ,Midiônibus ,2018,P7,0.006575,5.5e-05
E2 ,Sambaiba,21304 ,GIA4875 ,Padron ,2018,P7,0.006575,5.5e-05
E2 ,Sambaiba,21303 ,GFN2306 ,Padron ,2018,P7,0.006575,5.5e-05
D1 ,Norte Buss,16751 ,EEM2241 ,Miniônibus ,2018,P7,0.006575,5.5e-05
E2 ,Sambaiba,21302 ,FWM2669 ,Padron ,2018,P7,0.006575,5.5e-05
E2 ,Sambaiba,21301 ,FNZ8368 ,Padron ,2018,P7,0.006575,5.5e-05
E2 ,Sambaiba,21300 ,FGJ2917 ,Padron ,2018,P7,0.006575,5.5e-05
D1 ,Norte Buss,16752 ,FOP9118 ,Miniônibus ,2018,P7,0.006575,5.5e-05
D2 ,Norte Buss,26042 ,FOK1622 ,Miniônibus ,2018,P7,0.006575,5.5e-05
E8 ,Transppass,81763 ,GAV4306 ,Articulado ,2018,P7,0.006575,5.5e-05
D1 ,Norte Buss,16766 ,GJB8099 ,Miniônibus ,2018,P7,0.006575,5.5e-05
D3 ,Transunião ,36205 ,FQZ6349 ,Midiônibus ,2018,P7,0.006575,5.5e-05
D1 ,Norte Buss,16768 ,GFQ8978 ,Miniônibus ,2018,P7,0.006575,5.5e-05
E8 ,Transppass,81762 ,GJH4387 ,Articulado ,2018,P7,0.006575,5.5e-05
D1 ,Norte Buss,16769 ,GHJ1389 ,Miniônibus ,2018,P7,0.006575,5.5e-05
E8 ,Transppass,81761 ,GBY3691 ,Articulado ,2018,P7,0.006575,5.5e-05
E8 ,Transppass,81759 ,FLP7356 ,Articulado ,2018,P7,0.006575,5.5e-05
D3 ,Transunião ,36643 ,FDC6979 ,Midiônibus ,2018,P7,0.006575,5.5e-05
E7 ,Metropole,73885 ,GBF6803 ,Articulado ,2018,P7,0.006575,5.5e-05
E7 ,Metropole,73883 ,GDK6042 ,Articulado ,2018,P7,0.006575,5.5e-05
AR2 ,Sambaiba,22516 ,FTY8139 ,Padron ,2018,P7,0.006575,5.5e-05
AR2 ,Sambaiba,22517 ,FJM2621 ,Padron ,2018,P7,0.006575,5.5e-05
AR2 ,Sambaiba,22518 ,FNY2551 ,Padron ,2018,P7,0.006575,5.5e-05
AR2 ,Sambaiba,22519 ,FYY8719 ,Padron ,2018,P7,0.006575,5.5e-05
E1 ,Brigida,11998 ,EYL8G61 ,Padron ,2018,P7,0.006575,5.5e-05
AR2 ,Sambaiba,22520 ,FOW2852 ,Padron ,2018,P7,0.006575,5.5e-05
D13 ,Alfa Rodobus,86312 ,FYA2897 ,Midiônibus ,2018,P7,0.006575,5.5e-05
E7 ,Metropole,73908 ,GCR7086 ,Articulado ,2018,P7,0.006575,5.5e-05
D3 ,Transunião ,36308 ,GIX1219 ,Básico ,2018,P7,0.006575,5.5e-05
D3 ,Transunião ,36307 ,GDQ1A08 ,Midiônibus ,2018,P7,0.006575,5.5e-05
AR2 ,Sambaiba,22521 ,FFQ3793 ,Padron ,2018,P7,0.006575,5.5e-05
AR2 ,Sambaiba,22522 ,FYS1684 ,Padron ,2018,P7,0.006575,5.5e-05
D3 ,Transunião ,36303 ,GAZ4D03 ,Básico ,2018,P7,0.006575,5.5e-05
D3 ,Transunião ,36302 ,GJQ6039 ,Básico ,2018,P7,0.006575,5.5e-05
D3 ,Transunião ,36309 ,GBN5608 ,Midiônibus ,2018,P7,0.006575,5.5e-05
D3 ,Transunião ,36301 ,FOI9149 ,Básico ,2018,P7,0.006575,5.5e-05
E7 ,Metropole,73907 ,GIL7299 ,Articulado ,2018,P7,0.006575,5.5e-05
D3 ,Transunião ,36320 ,FCH9202 ,Midiônibus ,2018,P7,0.006575,5.5e-05
AR2 ,Sambaiba,22508 ,FCS8754 ,Padron ,2018,P7,0.006575,5.5e-05
AR2 ,Sambaiba,22509 ,FDR7358 ,Padron ,2018,P7,0.006575,5.5e-05
E7 ,Metropole,73904 ,GIX1759 ,Articulado ,2018,P7,0.006575,5.5e-05
AR2 ,Sambaiba,22510 ,FZI1252 ,Padron ,2018,P7,0.006575,5.5e-05
AR2 ,Sambaiba,22511 ,FTD9844 ,Padron ,2018,P7,0.006575,5.5e-05
E7 ,Metropole,73912 ,GKD8578 ,Articulado ,2018,P7,0.006575,5.5e-05
AR2 ,Sambaiba,22515 ,FJQ7205 ,Padron ,2018,P7,0.006575,5.5e-05
AR2 ,Sambaiba,22512 ,FXQ0465 ,Padron ,2018,P7,0.006575,5.5e-05
E7 ,Metropole,73905 ,GCO6635 ,Articulado ,2018,P7,0.006575,5.5e-05
AR2 ,Sambaiba,22513 ,GAA2237 ,Padron ,2018,P7,0.006575,5.5e-05
AR2 ,Sambaiba,22514 ,FPK2873 ,Padron ,2018,P7,0.006575,5.5e-05
D3 ,Transunião ,36323 ,GCT7929 ,Básico ,2018,P7,0.006575,5.5e-05
E7 ,Metropole,73906 ,GAK4258 ,Articulado ,2018,P7,0.006575,5.5e-05
D3 ,Transunião ,36321 ,FFL2D79 ,Básico ,2018,P7,0.006575,5.5e-05
D3 ,Transunião ,36328 ,GJE5079 ,Básico ,2018,P7,0.006575,5.5e-05
D3 ,Transunião ,36300 ,FOL6E29 ,Básico ,2018,P7,0.006575,5.5e-05
AR2 ,Sambaiba,22523 ,FSC0295 ,Padron ,2018,P7,0.006575,5.5e-05
D3 ,Transunião ,36295 ,FQW0I57 ,Midiônibus ,2018,P7,0.006575,5.5e-05
AR2 ,Sambaiba,22536 ,FJH9777 ,Padron ,2018,P7,0.006575,5.5e-05
AR2 ,Sambaiba,22548 ,FKW8185 ,Padron ,2018,P7,0.006575,5.5e-05
D3 ,Transunião ,36266 ,GEF6439 ,Midiônibus ,2018,P7,0.006575,5.5e-05
AR2 ,Sambaiba,22537 ,FXJ0923 ,Padron ,2018,P7,0.006575,5.5e-05
AR2 ,Sambaiba,22547 ,FRW6836 ,Padron ,2018,P7,0.006575,5.5e-05
AR2 ,Sambaiba,22546 ,FLG6649 ,Padron ,2018,P7,0.006575,5.5e-05
AR2 ,Sambaiba,22549 ,GBA2183 ,Padron ,2018,P7,0.006575,5.5e-05
AR2 ,Sambaiba,22545 ,FGW3474 ,Padron ,2018,P7,0.006575,5.5e-05
D3 ,Transunião ,36276 ,GFA6399 ,Midiônibus ,2018,P7,0.006575,5.5e-05
AR2 ,Sambaiba,22539 ,GCT0444 ,Padron ,2018,P7,0.006575,5.5e-05
AR2 ,Sambaiba,22540 ,GCV2139 ,Padron ,2018,P7,0.006575,5.5e-05
AR2 ,Sambaiba,22541 ,FHG6592 ,Padron ,2018,P7,0.006575,5.5e-05
AR2 ,Sambaiba,22542 ,FZR4683 ,Padron ,2018,P7,0.006575,5.5e-05
AR2 ,Sambaiba,22543 ,FJI1121 ,Padron ,2018,P7,0.006575,5.5e-05
AR2 ,Sambaiba,22538 ,GEH6741 ,Padron ,2018,P7,0.006575,5.5e-05
E7 ,Metropole,73909 ,GEW6059 ,Articulado ,2018,P7,0.006575,5.5e-05
AR2 ,Sambaiba,22535 ,FWO1312 ,Padron ,2018,P7,0.006575,5.5e-05
AR2 ,Sambaiba,22534 ,FWG1681 ,Padron ,2018,P7,0.006575,5.5e-05
AR2 ,Sambaiba,22524 ,GDH9346 ,Padron ,2018,P7,0.006575,5.5e-05
AR2 ,Sambaiba,22525 ,GEH2581 ,Padron ,2018,P7,0.006575,5.5e-05
AR2 ,Sambaiba,22526 ,FFK5742 ,Padron ,2018,P7,0.006575,5.5e-05
E1 ,Brigida,11997 ,BBR2976 ,Padron ,2018,P7,0.006575,5.5e-05
AR2 ,Sambaiba,22527 ,GJG8808 ,Padron ,2018,P7,0.006575,5.5e-05
AR2 ,Sambaiba,22528 ,FUM4077 ,Padron ,2018,P7,0.006575,5.5e-05
AR2 ,Sambaiba,22529 ,FBE6995 ,Padron ,2018,P7,0.006575,5.5e-05
E7 ,Metropole,73911 ,GGC2449 ,Articulado ,2018,P7,0.006575,5.5e-05
D3 ,Transunião ,36287 ,FRM4F65 ,Midiônibus ,2018,P7,0.006575,5.5e-05
AR2 ,Sambaiba,22530 ,FGL7313 ,Padron ,2018,P7,0.006575,5.5e-05
AR2 ,Sambaiba,22531 ,FZT5064 ,Padron ,2018,P7,0.006575,5.5e-05
AR2 ,Sambaiba,22532 ,GCB8565 ,Padron ,2018,P7,0.006575,5.5e-05
D3 ,Transunião ,36261 ,GDQ6089 ,Midiônibus ,2018,P7,0.006575,5.5e-05
E7 ,Metropole,73910 ,GGJ2065 ,Articulado ,2018,P7,0.006575,5.5e-05
AR2 ,Sambaiba,22533 ,FVN0736 ,Padron ,2018,P7,0.006575,5.5e-05
E7 ,Metropole,73903 ,GAU8689 ,Articulado ,2018,P7,0.006575,5.5e-05
AR2 ,Sambaiba,22507 ,GDZ8643 ,Padron ,2018,P7,0.006575,5.5e-05
AR2 ,Sambaiba,22506 ,FRP3116 ,Padron ,2018,P7,0.006575,5.5e-05
AR2 ,Sambaiba,22505 ,FCF9628 ,Padron ,2018,P7,0.006575,5.5e-05
E7 ,Metropole,73893 ,GGL0887 ,Articulado ,2018,P7,0.006575,5.5e-05
E7 ,Metropole,73894 ,GJJ4902 ,Articulado ,2018,P7,0.006575,5.5e-05
E7 ,Metropole,73895 ,GEY6658 ,Articulado ,2018,P7,0.006575,5.5e-05
E7 ,Metropole,73896 ,GIW6928 ,Articulado ,2018,P7,0.006575,5.5e-05
E7 ,Metropole,73897 ,GBO4235 ,Articulado ,2018,P7,0.006575,5.5e-05
D3 ,Transunião ,36242 ,FSI1F19 ,Básico ,2018,P7,0.006575,5.5e-05
E7 ,Metropole,73892 ,GKG7087 ,Articulado ,2018,P7,0.006575,5.5e-05
D3 ,Transunião ,36605 ,GJE7I39 ,Midiônibus ,2018,P7,0.006575,5.5e-05
E7 ,Metropole,73899 ,GJS4899 ,Articulado ,2018,P7,0.006575,5.5e-05
E7 ,Metropole,73900 ,GGU2217 ,Articulado ,2018,P7,0.006575,5.5e-05
E7 ,Metropole,73901 ,GEW2248 ,Articulado ,2018,P7,0.006575,5.5e-05
D13 ,Alfa Rodobus,86206 ,GJR2763 ,Midiônibus ,2018,P7,0.006575,5.5e-05
D10 ,Transwolff,66409 ,GIR4715 ,Midiônibus ,2018,P7,0.006575,5.5e-05
D3 ,Transunião ,36596 ,GFF3D87 ,Básico ,2018,P7,0.006575,5.5e-05
E7 ,Metropole,73898 ,GBH2498 ,Articulado ,2018,P7,0.006575,5.5e-05
E7 ,Metropole,73891 ,GEH1666 ,Articulado ,2018,P7,0.006575,5.5e-05
E7 ,Metropole,73890 ,GEF9588 ,Articulado ,2018,P7,0.006575,5.5e-05
AR9 ,C Belo,72317 ,FXN6112 ,Articulado ,2018,P7,0.006575,5.5e-05
D3 ,Transunião ,36638 ,GAZ6966 ,Básico ,2018,P7,0.006575,5.5e-05
D3 ,Transunião ,36637 ,GDN3187 ,Básico ,2018,P7,0.006575,5.5e-05
E7 ,Metropole,73884 ,GIA2874 ,Articulado ,2018,P7,0.006575,5.5e-05
E7 ,Metropole,73886 ,GII0227 ,Articulado ,2018,P7,0.006575,5.5e-05
E7 ,Metropole,73887 ,GIU7511 ,Articulado ,2018,P7,0.006575,5.5e-05
E7 ,Metropole,73888 ,GBK9006 ,Articulado ,2018,P7,0.006575,5.5e-05
AR9 ,C Belo,72300 ,FOO6351 ,Articulado ,2018,P7,0.006575,5.5e-05
AR9 ,C Belo,72311 ,FMN7176 ,Articulado ,2018,P7,0.006575,5.5e-05
E7 ,Metropole,73889 ,GIX2065 ,Articulado ,2018,P7,0.006575,5.5e-05
D13 ,Alfa Rodobus,86184 ,GIU4184 ,Midiônibus ,2018,P7,0.006575,5.5e-05
AR9 ,C Belo,72312 ,FIL4667 ,Articulado ,2018,P7,0.006575,5.5e-05
AR9 ,C Belo,72313 ,FPT9428 ,Articulado ,2018,P7,0.006575,5.5e-05
AR9 ,C Belo,72314 ,FJV4578 ,Articulado ,2018,P7,0.006575,5.5e-05
AR9 ,C Belo,72316 ,FOF0601 ,Articulado ,2018,P7,0.006575,5.5e-05
D13 ,Alfa Rodobus,86200 ,FGH3169 ,Midiônibus ,2018,P7,0.006575,5.5e-05
E7 ,Metropole,73922 ,GEN0429 ,Articulado ,2018,P7,0.006575,5.5e-05
E1 ,G. Preto,12607 ,FYA6297 ,Padron ,2018,P7,0.006575,5.5e-05
E7 ,Metropole,73921 ,GJN7839 ,Articulado ,2018,P7,0.006575,5.5e-05
D3 ,Transunião ,36585 ,GCY8C49 ,Básico ,2018,P7,0.006575,5.5e-05
D13 ,Alfa Rodobus,86251 ,GHI2979 ,Midiônibus ,2018,P7,0.006575,5.5e-05
D10 ,Transwolff,66522 ,GJC2612 ,Básico ,2018,P7,0.006575,5.5e-05
D3 ,Transunião ,36514 ,GIJ8779 ,Básico ,2018,P7,0.006575,5.5e-05
E7 ,Metropole,73915 ,GIO5209 ,Articulado ,2018,P7,0.006575,5.5e-05
E5 ,Mobibrasil,63347 ,GDI7951 ,Padron ,2018,P7,0.006575,5.5e-05
E7 ,Metropole,73914 ,GIK6459 ,Articulado ,2018,P7,0.006575,5.5e-05
D10 ,Transwolff,66503 ,EXW5238 ,Padron ,2018,P7,0.006575,5.5e-05
D13 ,Alfa Rodobus,86265 ,FPO7629 ,Midiônibus ,2018,P7,0.006575,5.5e-05
AR2 ,Sambaiba,22502 ,FXH9559 ,Padron ,2018,P7,0.006575,5.5e-05
AR2 ,Sambaiba,22503 ,FMP6841 ,Padron ,2018,P7,0.006575,5.5e-05
D13 ,Alfa Rodobus,86300 ,FBY7199 ,Midiônibus ,2018,P7,0.006575,5.5e-05
D13 ,Alfa Rodobus,86301 ,GFF4822 ,Midiônibus ,2018,P7,0.006575,5.5e-05
AR2 ,Sambaiba,22504 ,GBP5042 ,Padron ,2018,P7,0.006575,5.5e-05
E7 ,Metropole,73913 ,GAE7057 ,Articulado ,2018,P7,0.006575,5.5e-05
E7 ,Metropole,73902 ,GID4058 ,Articulado ,2018,P7,0.006575,5.5e-05
E8 ,C Belo,71299 ,FVH8952 ,Articulado ,2018,P7,0.006575,5.5e-05
E8 ,C Belo,71301 ,FIY5321 ,Articulado ,2018,P7,0.006575,5.5e-05
E8 ,C Belo,71302 ,GAM7552 ,Articulado ,2018,P7,0.006575,5.5e-05
E7 ,Metropole,73920 ,GIN3368 ,Articulado ,2018,P7,0.006575,5.5e-05
E7 ,Metropole,73919 ,GFV5728 ,Articulado ,2018,P7,0.006575,5.5e-05
D13 ,Alfa Rodobus,86224 ,FHU1779 ,Midiônibus ,2018,P7,0.006575,5.5e-05
E7 ,Metropole,73918 ,GEG0766 ,Articulado ,2018,P7,0.006575,5.5e-05
D13 ,Alfa Rodobus,86225 ,FGV2273 ,Midiônibus ,2018,P7,0.006575,5.5e-05
D10 ,Transwolff,66461 ,FOU3868 ,Básico ,2018,P7,0.006575,5.5e-05
D3 ,Transunião ,36556 ,FCO0J58 ,Básico ,2018,P7,0.006575,5.5e-05
D3 ,Transunião ,36551 ,FVD5851 ,Básico ,2018,P7,0.006575,5.5e-05
E8 ,C Belo,71304 ,FXJ1303 ,Articulado ,2018,P7,0.006575,5.5e-05
E7 ,Metropole,73917 ,GAO2436 ,Articulado ,2018,P7,0.006575,5.5e-05
D10 ,Transwolff,66484 ,GCV5769 ,Básico ,2018,P7,0.006575,5.5e-05
E8 ,C Belo,71303 ,FCV4582 ,Articulado ,2018,P7,0.006575,5.5e-05
E7 ,Metropole,73916 ,GBL4239 ,Articulado ,2018,P7,0.006575,5.5e-05
D3 ,Transunião ,36544 ,GHE1A44 ,Midiônibus ,2018,P7,0.006575,5.5e-05
E2 ,Sambaiba,21331 ,FGW7193 ,Padron ,2018,P7,0.006575,5.5e-05
D2 ,Spencer,25250 ,FIF0E28 ,Miniônibus ,2018,P7,0.006575,5.5e-05
E9 ,Gatusa,76963 ,FWJ9E16 ,Padron ,2018,P7,0.006575,5.5e-05
D2 ,Norte Buss,26472 ,GAU6595 ,Miniônibus ,2018,P7,0.006575,5.5e-05
E2 ,Sambaiba,21333 ,FDB7876 ,Padron ,2018,P7,0.006575,5.5e-05
D5 ,Pêssego,47300 ,GHR8007 ,Miniônibus ,2018,P7,0.006575,5.5e-05
D12 ,Transcap,85513 ,FRE9039 ,Miniônibus ,2018,P7,0.006575,5.5e-05
AR6 ,Mobibrasil,64844 ,GCI8402 ,Miniônibus ,2018,P7,0.006575,5.5e-05
D2 ,Norte Buss,26266 ,FZI9105 ,Miniônibus ,2018,P7,0.006575,5.5e-05
AR6 ,Mobibrasil,64843 ,FTW9398 ,Miniônibus ,2018,P7,0.006575,5.5e-05
D5 ,Pêssego,47336 ,DAL4350 ,Miniônibus ,2018,P7,0.006575,5.5e-05
D6 ,Allibus,45465 ,GHU2149 ,Midiônibus ,2018,P7,0.006575,5.5e-05
AR6 ,Mobibrasil,64842 ,FWS2884 ,Miniônibus ,2018,P7,0.006575,5.5e-05
D2 ,Norte Buss,26278 ,GJQ9749 ,Miniônibus ,2018,P7,0.006575,5.5e-05
D2 ,Norte Buss,26279 ,GCJ9579 ,Miniônibus ,2018,P7,0.006575,5.5e-05
D2 ,Norte Buss,26282 ,FHV5072 ,Miniônibus ,2018,P7,0.006575,5.5e-05
D2 ,Norte Buss,26131 ,GDG4999 ,Miniônibus ,2018,P7,0.006575,5.5e-05
D2 ,Norte Buss,26290 ,GJE0579 ,Miniônibus ,2018,P7,0.006575,5.5e-05
D6 ,Allibus,45443 ,GGX4I79 ,Midiônibus ,2018,P7,0.006575,5.5e-05
D2 ,Norte Buss,26293 ,GBZ3413 ,Miniônibus ,2018,P7,0.006575,5.5e-05
D6 ,Allibus,45439 ,GJS8389 ,Miniônibus ,2018,P7,0.006575,5.5e-05
D6 ,Allibus,45437 ,GKF2789 ,Midiônibus ,2018,P7,0.006575,5.5e-05
D12 ,Transcap,85514 ,FJR6809 ,Miniônibus ,2018,P7,0.006575,5.5e-05
D2 ,Norte Buss,26263 ,GHH4533 ,Miniônibus ,2018,P7,0.006575,5.5e-05
D12 ,Transcap,85515 ,FOW1798 ,Miniônibus ,2018,P7,0.006575,5.5e-05
D5 ,Pêssego,47295 ,GHX1649 ,Miniônibus ,2018,P7,0.006575,5.5e-05
D12 ,Transcap,85528 ,FSF7999 ,Miniônibus ,2018,P7,0.006575,5.5e-05
D12 ,Transcap,85525 ,FWF4179 ,Miniônibus ,2018,P7,0.006575,5.5e-05
D12 ,Transcap,85524 ,FPS5179 ,Midiônibus ,2018,P7,0.006575,5.5e-05
D12 ,Transcap,85523 ,GJR4059 ,Midiônibus ,2018,P7,0.006575,5.5e-05
D12 ,Transcap,85522 ,FNL4448 ,Midiônibus ,2018,P7,0.006575,5.5e-05
D2 ,Norte Buss,26251 ,GGV1131 ,Miniônibus ,2018,P7,0.006575,5.5e-05
D6 ,Allibus,45503 ,FIX5629 ,Miniônibus ,2018,P7,0.006575,5.5e-05
D10 ,Transwolff,66009 ,GEY2267 ,Básico ,2018,P7,0.006575,5.5e-05
D5 ,Pêssego,47551 ,GID4888 ,Miniônibus ,2018,P7,0.006575,5.5e-05
D6 ,Allibus,45498 ,FJR5398 ,Miniônibus ,2018,P7,0.006575,5.5e-05
D6 ,Allibus,45494 ,FXM6749 ,Midiônibus ,2018,P7,0.006575,5.5e-05
D2 ,Norte Buss,26137 ,GJY5717 ,Miniônibus ,2018,P7,0.006575,5.5e-05
D5 ,Pêssego,47278 ,GJG4588 ,Miniônibus ,2018,P7,0.006575,5.5e-05
D5 ,Pêssego,47279 ,EOA9163 ,Midiônibus ,2018,P7,0.006575,5.5e-05
D6 ,Allibus,45486 ,GGI8054 ,Miniônibus ,2018,P7,0.006575,5.5e-05
D2 ,Norte Buss,26259 ,GFH9429 ,Miniônibus ,2018,P7,0.006575,5.5e-05
D5 ,Pêssego,47288 ,FSP6696 ,Midiônibus ,2018,P7,0.006575,5.5e-05
D6 ,Allibus,45482 ,FNH4329 ,Miniônibus ,2018,P7,0.006575,5.5e-05
D5 ,Pêssego,47265 ,GJF4419 ,Básico ,2018,P7,0.006575,5.5e-05
AR6 ,Mobibrasil,64346 ,GEX3359 ,Padron ,2018,P7,0.006575,5.5e-05
D2 ,Norte Buss,26302 ,FXC4263 ,Miniônibus ,2018,P7,0.006575,5.5e-05
AR6 ,Mobibrasil,64345 ,FUF5993 ,Padron ,2018,P7,0.006575,5.5e-05
D2 ,Norte Buss,26334 ,FGA6914 ,Miniônibus ,2018,P7,0.006575,5.5e-05
D6 ,Allibus,45340 ,GBX9147 ,Miniônibus ,2018,P7,0.006575,5.5e-05
D6 ,Allibus,45339 ,FUW5488 ,Miniônibus ,2018,P7,0.006575,5.5e-05
AR4 ,Express,48002 ,GIY1608 ,Padron ,2018,P7,0.006575,5.5e-05
AR8 ,G Preto,82626 ,FPE4701 ,Padron ,2018,P7,0.006575,5.5e-05
AR4 ,Express,48008 ,GIL4361 ,Padron ,2018,P7,0.006575,5.5e-05
AR4 ,Express,48010 ,FPP4766 ,Padron ,2018,P7,0.006575,5.5e-05
AR4 ,Express,48012 ,FZZ2284 ,Padron ,2018,P7,0.006575,5.5e-05
D6 ,Allibus,45346 ,FOK5289 ,Midiônibus ,2018,P7,0.006575,5.5e-05
AR8 ,G Preto,82625 ,FNR2379 ,Padron ,2018,P7,0.006575,5.5e-05
AR4 ,Express,48029 ,FUT0953 ,Padron ,2018,P7,0.006575,5.5e-05
AR4 ,Express,48050 ,FOA4151 ,Padron ,2018,P7,0.006575,5.5e-05
D2 ,Norte Buss,26126 ,FPH1536 ,Miniônibus ,2018,P7,0.006575,5.5e-05
AR4 ,Express,48063 ,GIN6663 ,Padron ,2018,P7,0.006575,5.5e-05
D6 ,Allibus,45320 ,GDQ4179 ,Midiônibus ,2018,P7,0.006575,5.5e-05
AR4 ,Express,48067 ,GEI3898 ,Padron ,2018,P7,0.006575,5.5e-05
AR8 ,G Preto,82624 ,FYI6471 ,Padron ,2018,P7,0.006575,5.5e-05
AR4 ,Express,48079 ,FED3963 ,Padron ,2018,P7,0.006575,5.5e-05
AR4 ,Express,48016 ,FVM7866 ,Padron ,2018,P7,0.006575,5.5e-05
D12 ,Transcap,85529 ,FGA7678 ,Miniônibus ,2018,P7,0.006575,5.5e-05
D5 ,Pêssego,47809 ,FXW0H91 ,Miniônibus ,2018,P7,0.006575,5.5e-05
AR6 ,Mobibrasil,64315 ,GAG6008 ,Padron ,2018,P7,0.006575,5.5e-05
D2 ,Norte Buss,26129 ,GKI0749 ,Miniônibus ,2018,P7,0.006575,5.5e-05
AR6 ,Mobibrasil,64344 ,GFL6199 ,Padron ,2018,P7,0.006575,5.5e-05
D5 ,Pêssego,47570 ,GEL0I67 ,Miniônibus ,2018,P7,0.006575,5.5e-05
D5 ,Pêssego,47575 ,GEL7955 ,Miniônibus ,2018,P7,0.006575,5.5e-05
D5 ,Pêssego,47581 ,FIN6282 ,Miniônibus ,2018,P7,0.006575,5.5e-05
D2 ,Norte Buss,26312 ,GDR5022 ,Miniônibus ,2018,P7,0.006575,5.5e-05
D2 ,Norte Buss,26313 ,FYZ1063 ,Miniônibus ,2018,P7,0.006575,5.5e-05
AR6 ,Mobibrasil,64319 ,FZM4534 ,Padron ,2018,P7,0.006575,5.5e-05
D2 ,Norte Buss,26333 ,FPG8373 ,Miniônibus ,2018,P7,0.006575,5.5e-05
AR6 ,Mobibrasil,64318 ,FNY8823 ,Padron ,2018,P7,0.006575,5.5e-05
D6 ,Allibus,45386 ,FLA3428 ,Miniônibus ,2018,P7,0.006575,5.5e-05
D5 ,Pêssego,47674 ,FOQ3926 ,Miniônibus ,2018,P7,0.006575,5.5e-05
D5 ,Pêssego,47690 ,FVU7876 ,Midiônibus ,2018,P7,0.006575,5.5e-05
D2 ,Norte Buss,26326 ,FUT1076 ,Miniônibus ,2018,P7,0.006575,5.5e-05
D6 ,Allibus,45374 ,FBO9249 ,Midiônibus ,2018,P7,0.006575,5.5e-05
D2 ,Norte Buss,26327 ,FXT6908 ,Miniônibus ,2018,P7,0.006575,5.5e-05
D6 ,Allibus,45367 ,FWG7129 ,Midiônibus ,2018,P7,0.006575,5.5e-05
D6 ,Allibus,45366 ,FJO6516 ,Miniônibus ,2018,P7,0.006575,5.5e-05
AR6 ,Mobibrasil,64317 ,FMY3982 ,Padron ,2018,P7,0.006575,5.5e-05
D5 ,Pêssego,47221 ,FQG0339 ,Miniônibus ,2018,P7,0.006575,5.5e-05
D2 ,Norte Buss,26240 ,FXU1269 ,Miniônibus ,2018,P7,0.006575,5.5e-05
D2 ,Norte Buss,26239 ,GIQ0779 ,Miniônibus ,2018,P7,0.006575,5.5e-05
D13 ,Alfa Rodobus,86162 ,GIM1039 ,Midiônibus ,2018,P7,0.006575,5.5e-05
D13 ,Alfa Rodobus,86157 ,GEZ2C19 ,Midiônibus ,2018,P7,0.006575,5.5e-05
D13 ,Alfa Rodobus,86156 ,GGR6164 ,Midiônibus ,2018,P7,0.006575,5.5e-05
D6 ,Allibus,45664 ,FXK7087 ,Miniônibus ,2018,P7,0.006575,5.5e-05
D2 ,Norte Buss,26191 ,BXZ0H03 ,Básico ,2018,P7,0.006575,5.5e-05
D5 ,Pêssego,47006 ,FEB7E31 ,Miniônibus ,2018,P7,0.006575,5.5e-05
D5 ,Pêssego,47010 ,FDT6431 ,Miniônibus ,2018,P7,0.006575,5.5e-05
D12 ,Transcap,85554 ,GJZ1A97 ,Miniônibus ,2018,P7,0.006575,5.5e-05
D13 ,Alfa Rodobus,86169 ,FWI2192 ,Midiônibus ,2018,P7,0.006575,5.5e-05
D12 ,Transcap,85553 ,FMM5J34 ,Miniônibus ,2018,P7,0.006575,5.5e-05
E2 ,Sambaiba,21944 ,GDR2691 ,Padron ,2018,P7,0.006575,5.5e-05
D5 ,Pêssego,47027 ,FWT5446 ,Miniônibus ,2018,P7,0.006575,5.5e-05
D2 ,Norte Buss,26196 ,GGS3786 ,Miniônibus ,2018,P7,0.006575,5.5e-05
D5 ,Pêssego,47029 ,FQT6047 ,Miniônibus ,2018,P7,0.006575,5.5e-05
D12 ,Transcap,85551 ,FBX1J81 ,Miniônibus ,2018,P7,0.006575,5.5e-05
E2 ,Sambaiba,21945 ,FWW4312 ,Padron ,2018,P7,0.006575,5.5e-05
E2 ,Sambaiba,21946 ,FPC1333 ,Padron ,2018,P7,0.006575,5.5e-05
D12 ,Transcap,85550 ,FEE9212 ,Miniônibus ,2018,P7,0.006575,5.5e-05
D12 ,Transcap,85552 ,FBZ0A92 ,Miniônibus ,2018,P7,0.006575,5.5e-05
D12 ,Transcap,85549 ,FQD0F46 ,Miniônibus ,2018,P7,0.006575,5.5e-05
D2 ,Norte Buss,26190 ,GGL2819 ,Miniônibus ,2018,P7,0.006575,5.5e-05
D6 ,Allibus,45755 ,FVV2E59 ,Midiônibus ,2018,P7,0.006575,5.5e-05
D6 ,Allibus,45735 ,FSO9319 ,Miniônibus ,2018,P7,0.006575,5.5e-05
D6 ,Allibus,45733 ,GHP0959 ,Miniônibus ,2018,P7,0.006575,5.5e-05
D6 ,Allibus,45732 ,GEV1499 ,Miniônibus ,2018,P7,0.006575,5.5e-05
D6 ,Allibus,45730 ,FVM0159 ,Miniônibus ,2018,P7,0.006575,5.5e-05
D6 ,Allibus,45739 ,GFG3833 ,Miniônibus ,2018,P7,0.006575,5.5e-05
D6 ,Allibus,45728 ,FZU3I09 ,Miniônibus ,2018,P7,0.006575,5.5e-05
D6 ,Allibus,45740 ,EJI2929 ,Miniônibus ,2018,P7,0.006575,5.5e-05
D6 ,Allibus,45723 ,FTO6869 ,Midiônibus ,2018,P7,0.006575,5.5e-05
D2 ,Norte Buss,26156 ,FWO3676 ,Miniônibus ,2018,P7,0.006575,5.5e-05
D2 ,Norte Buss,26167 ,GDT8287 ,Miniônibus ,2018,P7,0.006575,5.5e-05
D6 ,Allibus,45713 ,GJQ0839 ,Midiônibus ,2018,P7,0.006575,5.5e-05
D6 ,Allibus,45742 ,FFM0389 ,Miniônibus ,2018,P7,0.006575,5.5e-05
D6 ,Allibus,45744 ,FCY8F49 ,Midiônibus ,2018,P7,0.006575,5.5e-05
D6 ,Allibus,45745 ,ESV3I89 ,Midiônibus ,2018,P7,0.006575,5.5e-05
D6 ,Allibus,45748 ,GKG8859 ,Miniônibus ,2018,P7,0.006575,5.5e-05
D2 ,Norte Buss,26182 ,FOO0139 ,Miniônibus ,2018,P7,0.006575,5.5e-05
D6 ,Allibus,45750 ,GIY6579 ,Miniônibus ,2018,P7,0.006575,5.5e-05
D2 ,Norte Buss,26159 ,FKH8119 ,Miniônibus ,2018,P7,0.006575,5.5e-05
D6 ,Allibus,45719 ,FBJ6368 ,Miniônibus ,2018,P7,0.006575,5.5e-05
AR4 ,Express,48084 ,FSM6764 ,Padron ,2018,P7,0.006575,5.5e-05
D12 ,Transcap,85548 ,FNR9I04 ,Miniônibus ,2018,P7,0.006575,5.5e-05
D12 ,Transcap,85547 ,FCT6J57 ,Miniônibus ,2018,P7,0.006575,5.5e-05
D6 ,Allibus,45572 ,GBH2C89 ,Midiônibus ,2018,P7,0.006575,5.5e-05
D12 ,Transcap,85540 ,FJH4863 ,Miniônibus ,2018,P7,0.006575,5.5e-05
D12 ,Transcap,85538 ,FWK0729 ,Miniônibus ,2018,P7,0.006575,5.5e-05
D12 ,Transcap,85537 ,FVU2448 ,Miniônibus ,2018,P7,0.006575,5.5e-05
D6 ,Allibus,45565 ,FXQ0113 ,Miniônibus ,2018,P7,0.006575,5.5e-05
D2 ,Norte Buss,26146 ,GIN5496 ,Miniônibus ,2018,P7,0.006575,5.5e-05
D2 ,Norte Buss,26227 ,GKE8397 ,Miniônibus ,2018,P7,0.006575,5.5e-05
D6 ,Allibus,45558 ,FCX0968 ,Miniônibus ,2018,P7,0.006575,5.5e-05
D5 ,Pêssego,47150 ,FOO2479 ,Miniônibus ,2018,P7,0.006575,5.5e-05
D5 ,Pêssego,47175 ,FVH3E49 ,Miniônibus ,2018,P7,0.006575,5.5e-05
D5 ,Pêssego,47180 ,EWD2314 ,Midiônibus ,2018,P7,0.006575,5.5e-05
D2 ,Norte Buss,26230 ,GIM9058 ,Miniônibus ,2018,P7,0.006575,5.5e-05
D6 ,Allibus,45551 ,FXH2395 ,Midiônibus ,2018,P7,0.006575,5.5e-05
D12 ,Transcap,85536 ,GCV2626 ,Miniônibus ,2018,P7,0.006575,5.5e-05
D12 ,Transcap,85535 ,FYL9609 ,Miniônibus ,2018,P7,0.006575,5.5e-05
D5 ,Pêssego,47192 ,FRL1E28 ,Miniônibus ,2018,P7,0.006575,5.5e-05
D12 ,Transcap,85534 ,FFC5939 ,Miniônibus ,2018,P7,0.006575,5.5e-05
D12 ,Transcap,85533 ,FCK4545 ,Miniônibus ,2018,P7,0.006575,5.5e-05
D2 ,Norte Buss,26144 ,GDW7934 ,Miniônibus ,2018,P7,0.006575,5.5e-05
E2 ,Sambaiba,21947 ,GDN9814 ,Padron ,2018,P7,0.006575,5.5e-05
D10 ,Transwolff,66052 ,FCX4719 ,Midiônibus ,2018,P7,0.006575,5.5e-05
D12 ,Transcap,85542 ,GHT7G03 ,Miniônibus ,2018,P7,0.006575,5.5e-05
E2 ,Sambaiba,21948 ,FZO5465 ,Padron ,2018,P7,0.006575,5.5e-05
D6 ,Allibus,45615 ,GFC7339 ,Miniônibus ,2018,P7,0.006575,5.5e-05
E2 ,Sambaiba,21949 ,FJI8116 ,Padron ,2018,P7,0.006575,5.5e-05
E2 ,Sambaiba,21950 ,FDS1027 ,Padron ,2018,P7,0.006575,5.5e-05
E2 ,Sambaiba,21951 ,FDE1528 ,Padron ,2018,P7,0.006575,5.5e-05
D2 ,Norte Buss,26200 ,GDS5489 ,Miniônibus ,2018,P7,0.006575,5.5e-05
D2 ,Norte Buss,26152 ,GFA3152 ,Miniônibus ,2018,P7,0.006575,5.5e-05
D10 ,Transwolff,66075 ,GEY4568 ,Básico ,2018,P7,0.006575,5.5e-05
D12 ,Transcap,85541 ,FCN7J31 ,Miniônibus ,2018,P7,0.006575,5.5e-05
D2 ,Norte Buss,26151 ,FHV5861 ,Miniônibus ,2018,P7,0.006575,5.5e-05
D2 ,Norte Buss,26148 ,FCN5738 ,Miniônibus ,2018,P7,0.006575,5.5e-05
D6 ,Allibus,45595 ,GBP4714 ,Midiônibus ,2018,P7,0.006575,5.5e-05
D12 ,Transcap,85546 ,GHN8E26 ,Miniônibus ,2018,P7,0.006575,5.5e-05
D10 ,Transwolff,66139 ,GFA8719 ,Midiônibus ,2018,P7,0.006575,5.5e-05
D12 ,Transcap,85545 ,FNP0C25 ,Miniônibus ,2018,P7,0.006575,5.5e-05
D12 ,Transcap,85544 ,FWC4C34 ,Miniônibus ,2018,P7,0.006575,5.5e-05
D12 ,Transcap,85543 ,FPZ9703 ,Miniônibus ,2018,P7,0.006575,5.5e-05
D5 ,Pêssego,47140 ,CUN7970 ,Midiônibus ,2018,P7,0.006575,5.5e-05
D2 ,Norte Buss,26213 ,GDS4323 ,Miniônibus ,2018,P7,0.006575,5.5e-05
AR4 ,Express,48090 ,GHU3414 ,Padron ,2018,P7,0.006575,5.5e-05
AR4 ,Express,48095 ,GDZ1147 ,Padron ,2018,P7,0.006575,5.5e-05
AR8 ,G Preto,82623 ,FOE6908 ,Padron ,2018,P7,0.006575,5.5e-05
AR4 ,Express,48797 ,FCI2F21 ,Padron ,2018,P7,0.006575,5.5e-05
AR4 ,Express,48804 ,FCX5A55 ,Padron ,2018,P7,0.006575,5.5e-05
AR4 ,Express,48805 ,FCN2J27 ,Padron ,2018,P7,0.006575,5.5e-05
AR4 ,Express,48810 ,GCS1309 ,Padron ,2018,P7,0.006575,5.5e-05
D13 ,Alfa Rodobus,86004 ,GER6558 ,Midiônibus ,2018,P7,0.006575,5.5e-05
D6 ,Allibus,45125 ,FCH0539 ,Midiônibus ,2018,P7,0.006575,5.5e-05
D2 ,Norte Buss,26385 ,GES8925 ,Miniônibus ,2018,P7,0.006575,5.5e-05
AR4 ,Express,48836 ,GFG9538 ,Padron ,2018,P7,0.006575,5.5e-05
AR4 ,Express,48786 ,FVN3111 ,Padron ,2018,P7,0.006575,5.5e-05
AR4 ,Express,48838 ,GEI8365 ,Padron ,2018,P7,0.006575,5.5e-05
AR4 ,Express,48841 ,FKJ2655 ,Padron ,2018,P7,0.006575,5.5e-05
D6 ,Allibus,45118 ,FVV7617 ,Miniônibus ,2018,P7,0.006575,5.5e-05
D6 ,Allibus,45117 ,GJA1299 ,Miniônibus ,2018,P7,0.006575,5.5e-05
AR4 ,Express,48842 ,GBP3537 ,Padron ,2018,P7,0.006575,5.5e-05
AR4 ,Express,48861 ,FOB2F71 ,Padron ,2018,P7,0.006575,5.5e-05
AR4 ,Express,48881 ,FMS5803 ,Padron ,2018,P7,0.006575,5.5e-05
AR4 ,Express,48883 ,FJH4677 ,Padron ,2018,P7,0.006575,5.5e-05
AR4 ,Express,48884 ,FAU6803 ,Padron ,2018,P7,0.006575,5.5e-05
AR4 ,Express,48839 ,GDT1787 ,Padron ,2018,P7,0.006575,5.5e-05
AR4 ,Express,48885 ,GEE3055 ,Padron ,2018,P7,0.006575,5.5e-05
AR4 ,Express,48784 ,FKV0586 ,Padron ,2018,P7,0.006575,5.5e-05
AR4 ,Express,48755 ,FLX4665 ,Padron ,2018,P7,0.006575,5.5e-05
AR4 ,Express,48679 ,FVN5362 ,Padron ,2018,P7,0.006575,5.5e-05
AR4 ,Express,48712 ,GDI7A12 ,Padron ,2018,P7,0.006575,5.5e-05
D6 ,Allibus,45151 ,GBL0151 ,Miniônibus ,2018,P7,0.006575,5.5e-05
AR4 ,Express,48725 ,FOI1371 ,Padron ,2018,P7,0.006575,5.5e-05
AR4 ,Express,48726 ,GFI1416 ,Padron ,2018,P7,0.006575,5.5e-05
AR4 ,Express,48729 ,FZV0031 ,Padron ,2018,P7,0.006575,5.5e-05
AR4 ,Express,48737 ,FTE8893 ,Padron ,2018,P7,0.006575,5.5e-05
D6 ,Allibus,45146 ,GJZ1825 ,Midiônibus ,2018,P7,0.006575,5.5e-05
AR4 ,Express,48766 ,FIL8303 ,Padron ,2018,P7,0.006575,5.5e-05
AR4 ,Express,48739 ,FSD5802 ,Padron ,2018,P7,0.006575,5.5e-05
AR4 ,Express,48742 ,FXB5855 ,Padron ,2018,P7,0.006575,5.5e-05
AR4 ,Express,48743 ,FEF6766 ,Padron ,2018,P7,0.006575,5.5e-05
AR4 ,Express,48745 ,GCE2227 ,Padron ,2018,P7,0.006575,5.5e-05
AR4 ,Express,48746 ,GBH1923 ,Padron ,2018,P7,0.006575,5.5e-05
AR4 ,Express,48747 ,FZG1328 ,Padron ,2018,P7,0.006575,5.5e-05
AR4 ,Express,48752 ,GFO2207 ,Padron ,2018,P7,0.006575,5.5e-05
D2 ,Norte Buss,26097 ,FVZ7637 ,Miniônibus ,2018,P7,0.006575,5.5e-05
AR4 ,Express,48753 ,FNW8877 ,Padron ,2018,P7,0.006575,5.5e-05
AR4 ,Express,48740 ,GGK7797 ,Padron ,2018,P7,0.006575,5.5e-05
AR4 ,Express,48678 ,GIE4417 ,Padron ,2018,P7,0.006575,5.5e-05
AR4 ,Express,48886 ,FCK8809 ,Padron ,2018,P7,0.006575,5.5e-05
AR4 ,Express,48888 ,FRP4666 ,Padron ,2018,P7,0.006575,5.5e-05
D2 ,Norte Buss,26070 ,GJU6149 ,Miniônibus ,2018,P7,0.006575,5.5e-05
D2 ,Norte Buss,26464 ,GFY4564 ,Miniônibus ,2018,P7,0.006575,5.5e-05
D2 ,Norte Buss,26466 ,GGX9726 ,Miniônibus ,2018,P7,0.006575,5.5e-05
D2 ,Norte Buss,26064 ,GJV6634 ,Miniônibus ,2018,P7,0.006575,5.5e-05
D2 ,Norte Buss,26469 ,GEF2239 ,Miniônibus ,2018,P7,0.006575,5.5e-05
E8 ,C Belo,71193 ,FQK5068 ,Articulado ,2018,P7,0.006575,5.5e-05
D2 ,Norte Buss,26477 ,GCD0624 ,Miniônibus ,2018,P7,0.006575,5.5e-05
D2 ,Norte Buss,26059 ,GAH6269 ,Miniônibus ,2018,P7,0.006575,5.5e-05
D2 ,Norte Buss,26450 ,FTA0464 ,Miniônibus ,2018,P7,0.006575,5.5e-05
D2 ,Norte Buss,26481 ,FVX7911 ,Miniônibus ,2018,P7,0.006575,5.5e-05
E2 ,Sambaiba,21334 ,GEH6398 ,Padron ,2018,P7,0.006575,5.5e-05
D2 ,Norte Buss,26048 ,FXS5748 ,Miniônibus ,2018,P7,0.006575,5.5e-05
D2 ,Norte Buss,26046 ,FOI0676 ,Miniônibus ,2018,P7,0.006575,5.5e-05
D2 ,Norte Buss,26045 ,GJD3365 ,Miniônibus ,2018,P7,0.006575,5.5e-05
D6 ,Allibus,45737 ,FKQ0379 ,Miniônibus ,2018,P7,0.006575,5.5e-05
D2 ,Norte Buss,26536 ,GBR9446 ,Miniônibus ,2018,P7,0.006575,5.5e-05
D2 ,Norte Buss,26540 ,GGZ1264 ,Miniônibus ,2018,P7,0.006575,5.5e-05
D2 ,Norte Buss,26542 ,FYE6657 ,Miniônibus ,2018,P7,0.006575,5.5e-05
E2 ,Sambaiba,21335 ,GEV1785 ,Padron ,2018,P7,0.006575,5.5e-05
AR4 ,Express,48887 ,FPC2414 ,Padron ,2018,P7,0.006575,5.5e-05
D2 ,Norte Buss,26419 ,GDI5359 ,Miniônibus ,2018,P7,0.006575,5.5e-05
D2 ,Norte Buss,26412 ,GEF2912 ,Miniônibus ,2018,P7,0.006575,5.5e-05
AR4 ,Express,48892 ,FWW0029 ,Padron ,2018,P7,0.006575,5.5e-05
AR4 ,Express,48893 ,FAK9D22 ,Padron ,2018,P7,0.006575,5.5e-05
AR4 ,Express,48894 ,GJG8988 ,Padron ,2018,P7,0.006575,5.5e-05
AR4 ,Express,48895 ,FCC1143 ,Padron ,2018,P7,0.006575,5.5e-05
AR4 ,Express,48896 ,FOL1646 ,Padron ,2018,P7,0.006575,5.5e-05
AR4 ,Express,48897 ,FMR2A54 ,Padron ,2018,P7,0.006575,5.5e-05
AR4 ,Express,48898 ,FUT6607 ,Padron ,2018,P7,0.006575,5.5e-05
AR4 ,Express,48979 ,FBY7D63 ,Padron ,2018,P7,0.006575,5.5e-05
D2 ,Norte Buss,26074 ,GBZ5764 ,Miniônibus ,2018,P7,0.006575,5.5e-05
D6 ,Allibus,45081 ,FCA6076 ,Midiônibus ,2018,P7,0.006575,5.5e-05
AR4 ,Express,48987 ,FBV8F79 ,Padron ,2018,P7,0.006575,5.5e-05
D6 ,Allibus,45070 ,FZC8609 ,Miniônibus ,2018,P7,0.006575,5.5e-05
D10 ,Transwolff,66205 ,GFJ2149 ,Midiônibus ,2018,P7,0.006575,5.5e-05
D6 ,Allibus,45018 ,FEF6799 ,Midiônibus ,2018,P7,0.006575,5.5e-05
D2 ,Norte Buss,26092 ,FVA9092 ,Miniônibus ,2018,P7,0.006575,5.5e-05
D2 ,Norte Buss,26398 ,GJX0598 ,Miniônibus ,2018,P7,0.006575,5.5e-05
D2 ,Norte Buss,26408 ,GIJ8388 ,Miniônibus ,2018,P7,0.006575,5.5e-05
D2 ,Norte Buss,26079 ,GDZ2879 ,Miniônibus ,2018,P7,0.006575,5.5e-05
AR4 ,Express,48986 ,FDG4J53 ,Padron ,2018,P7,0.006575,5.5e-05
E2 ,Sambaiba,21332 ,GCX9812 ,Padron ,2018,P7,0.006575,5.5e-05
AR4 ,Express,48676 ,GDF0092 ,Padron ,2018,P7,0.006575,5.5e-05
AR4 ,Express,48675 ,FJU5911 ,Padron ,2018,P7,0.006575,5.5e-05
AR8 ,G Preto,82621 ,FVK6786 ,Padron ,2018,P7,0.006575,5.5e-05
AR8 ,G Preto,82620 ,GCJ1895 ,Padron ,2018,P7,0.006575,5.5e-05
AR4 ,Express,48259 ,FFI2C42 ,Padron ,2018,P7,0.006575,5.5e-05
AR4 ,Express,48263 ,GDI4117 ,Padron ,2018,P7,0.006575,5.5e-05
AR4 ,Express,48265 ,GEV9946 ,Padron ,2018,P7,0.006575,5.5e-05
AR8 ,G Preto,82619 ,GGX0282 ,Padron ,2018,P7,0.006575,5.5e-05
AR8 ,G Preto,82618 ,GFJ8974 ,Padron ,2018,P7,0.006575,5.5e-05
AR4 ,Express,48274 ,FXM4494 ,Padron ,2018,P7,0.006575,5.5e-05
D13 ,Alfa Rodobus,86132 ,GJC7658 ,Midiônibus ,2018,P7,0.006575,5.5e-05
D6 ,Allibus,45252 ,GBK4829 ,Miniônibus ,2018,P7,0.006575,5.5e-05
D2 ,Norte Buss,26336 ,FZE5706 ,Miniônibus ,2018,P7,0.006575,5.5e-05
AR4 ,Express,48280 ,FYM6101 ,Padron ,2018,P7,0.006575,5.5e-05
AR4 ,Express,48291 ,FXI1904 ,Padron ,2018,P7,0.006575,5.5e-05
AR4 ,Express,48295 ,FYA9233 ,Padron ,2018,P7,0.006575,5.5e-05
AR4 ,Express,48301 ,FEW2H84 ,Padron ,2018,P7,0.006575,5.5e-05
D6 ,Allibus,45240 ,GIV9819 ,Miniônibus ,2018,P7,0.006575,5.5e-05
AR4 ,Express,48304 ,FFK9C87 ,Padron ,2018,P7,0.006575,5.5e-05
AR4 ,Express,48316 ,GAA9582 ,Padron ,2018,P7,0.006575,5.5e-05
AR4 ,Express,48277 ,FKH9182 ,Padron ,2018,P7,0.006575,5.5e-05
AR4 ,Express,48317 ,FVW0112 ,Padron ,2018,P7,0.006575,5.5e-05
AR4 ,Express,48238 ,FCF0069 ,Padron ,2018,P7,0.006575,5.5e-05
AR4 ,Express,48215 ,FFQ7E52 ,Padron ,2018,P7,0.006575,5.5e-05
D6 ,Allibus,45308 ,DYC7A68 ,Miniônibus ,2018,P7,0.006575,5.5e-05
AR4 ,Express,48098 ,GGX1952 ,Padron ,2018,P7,0.006575,5.5e-05
AR4 ,Express,48101 ,FMY1598 ,Padron ,2018,P7,0.006575,5.5e-05
AR4 ,Express,48121 ,GHW5033 ,Padron ,2018,P7,0.006575,5.5e-05
AR4 ,Express,48141 ,GDD1874 ,Padron ,2018,P7,0.006575,5.5e-05
AR4 ,Express,48144 ,FVC9636 ,Padron ,2018,P7,0.006575,5.5e-05
AR4 ,Express,48152 ,FWP9822 ,Padron ,2018,P7,0.006575,5.5e-05
D6 ,Allibus,45294 ,FFC8089 ,Midiônibus ,2018,P7,0.006575,5.5e-05
D6 ,Allibus,45269 ,GAE2A51 ,Miniônibus ,2018,P7,0.006575,5.5e-05
AR8 ,G Preto,82622 ,GCV9517 ,Padron ,2018,P7,0.006575,5.5e-05
D6 ,Allibus,45286 ,FEY2359 ,Miniônibus ,2018,P7,0.006575,5.5e-05
AR4 ,Express,48176 ,FKS5B45 ,Padron ,2018,P7,0.006575,5.5e-05
AR4 ,Express,48177 ,FKI0G41 ,Padron ,2018,P7,0.006575,5.5e-05
D6 ,Allibus,45280 ,GGH2459 ,Midiônibus ,2018,P7,0.006575,5.5e-05
AR4 ,Express,48189 ,FZZ7655 ,Padron ,2018,P7,0.006575,5.5e-05
AR4 ,Express,48192 ,FCH8G45 ,Padron ,2018,P7,0.006575,5.5e-05
AR4 ,Express,48196 ,FUV6444 ,Padron ,2018,P7,0.006575,5.5e-05
AR4 ,Express,48198 ,FWQ8284 ,Padron ,2018,P7,0.006575,5.5e-05
AR4 ,Express,48172 ,FED2486 ,Padron ,2018,P7,0.006575,5.5e-05
D6 ,Allibus,45156 ,FQX4459 ,Miniônibus ,2018,P7,0.006575,5.5e-05
AR4 ,Express,48321 ,FDC4E35 ,Padron ,2018,P7,0.006575,5.5e-05
AR4 ,Express,48334 ,FDX4445 ,Padron ,2018,P7,0.006575,5.5e-05
AR4 ,Express,48491 ,FMB1999 ,Padron ,2018,P7,0.006575,5.5e-05
AR4 ,Express,48492 ,GCF4202 ,Padron ,2018,P7,0.006575,5.5e-05
AR4 ,Express,48494 ,GHS2892 ,Padron ,2018,P7,0.006575,5.5e-05
AR4 ,Express,48496 ,FPE7003 ,Padron ,2018,P7,0.006575,5.5e-05
AR4 ,Express,48497 ,GDE2776 ,Padron ,2018,P7,0.006575,5.5e-05
D2 ,Norte Buss,26115 ,GIC7045 ,Miniônibus ,2018,P7,0.006575,5.5e-05
D6 ,Allibus,45184 ,FWQ9248 ,Midiônibus ,2018,P7,0.006575,5.5e-05
D6 ,Allibus,45181 ,FCP6337 ,Miniônibus ,2018,P7,0.006575,5.5e-05
AR4 ,Express,48488 ,FSJ4436 ,Padron ,2018,P7,0.006575,5.5e-05
D2 ,Norte Buss,26371 ,FJN7081 ,Miniônibus ,2018,P7,0.006575,5.5e-05
D13 ,Alfa Rodobus,86021 ,FNI1986 ,Midiônibus ,2018,P7,0.006575,5.5e-05
D2 ,Norte Buss,26379 ,GFK2269 ,Miniônibus ,2018,P7,0.006575,5.5e-05
D13 ,Alfa Rodobus,86010 ,FUU4282 ,Midiônibus ,2018,P7,0.006575,5.5e-05
D13 ,Alfa Rodobus,86009 ,GFM2089 ,Midiônibus ,2018,P7,0.006575,5.5e-05
AR4 ,Express,48638 ,FNQ2666 ,Padron ,2018,P7,0.006575,5.5e-05
AR4 ,Express,48669 ,FEM8H12 ,Padron ,2018,P7,0.006575,5.5e-05
AR4 ,Express,48673 ,GDJ9113 ,Padron ,2018,P7,0.006575,5.5e-05
AR4 ,Express,48674 ,FGX1913 ,Padron ,2018,P7,0.006575,5.5e-05
D2 ,Norte Buss,26102 ,FZN8262 ,Miniônibus ,2018,P7,0.006575,5.5e-05
D6 ,Allibus,45234 ,GKD5315 ,Miniônibus ,2018,P7,0.006575,5.5e-05
AR4 ,Express,48482 ,FCX9D49 ,Padron ,2018,P7,0.006575,5.5e-05
AR4 ,Express,48477 ,FCV4J08 ,Padron ,2018,P7,0.006575,5.5e-05
AR4 ,Express,48339 ,GKH3821 ,Padron ,2018,P7,0.006575,5.5e-05
AR4 ,Express,48348 ,FMR4411 ,Padron ,2018,P7,0.006575,5.5e-05
AR4 ,Express,48349 ,GCC0041 ,Padron ,2018,P7,0.006575,5.5e-05
AR4 ,Express,48351 ,FCT8095 ,Padron ,2018,P7,0.006575,5.5e-05
AR4 ,Express,48353 ,FUS2972 ,Padron ,2018,P7,0.006575,5.5e-05
D2 ,Norte Buss,26121 ,FZJ7861 ,Miniônibus ,2018,P7,0.006575,5.5e-05
D2 ,Norte Buss,26346 ,FDB8324 ,Miniônibus ,2018,P7,0.006575,5.5e-05
D2 ,Norte Buss,26348 ,GKB8898 ,Miniônibus ,2018,P7,0.006575,5.5e-05
AR8 ,G Preto,82617 ,FRO1723 ,Padron ,2018,P7,0.006575,5.5e-05
D2 ,Norte Buss,26349 ,FFC7689 ,Miniônibus ,2018,P7,0.006575,5.5e-05
D2 ,Norte Buss,26353 ,FJG4253 ,Miniônibus ,2018,P7,0.006575,5.5e-05
D2 ,Norte Buss,26355 ,GKG8955 ,Miniônibus ,2018,P7,0.006575,5.5e-05
AR4 ,Express,48431 ,GDR6663 ,Padron ,2018,P7,0.006575,5.5e-05
AR4 ,Express,48439 ,FDZ3G14 ,Padron ,2018,P7,0.006575,5.5e-05
AR4 ,Express,48441 ,GCZ5198 ,Padron ,2018,P7,0.006575,5.5e-05
AR4 ,Express,48445 ,FDH8F74 ,Padron ,2018,P7,0.006575,5.5e-05
AR4 ,Express,48446 ,FCS2G06 ,Padron ,2018,P7,0.006575,5.5e-05
AR4 ,Express,48451 ,FDZ9B13 ,Padron ,2018,P7,0.006575,5.5e-05
D2 ,Norte Buss,26351 ,GDS6361 ,Miniônibus ,2018,P7,0.006575,5.5e-05
E8 ,C Belo,71192 ,FUZ2007 ,Articulado ,2018,P7,0.006575,5.5e-05
E8 ,C Belo,71305 ,FNB7563 ,Articulado ,2018,P7,0.006575,5.5e-05
D1 ,D1,15001 ,FMR9048 ,Miniônibus ,2018,P7,0.006575,5.5e-05
D8 ,Movebuss,55455 ,GBD1486 ,Midiônibus ,2018,P7,0.006575,5.5e-05
D1 ,Norte Buss,16502 ,FPP5882 ,Miniônibus ,2018,P7,0.006575,5.5e-05
D1 ,Norte Buss,16504 ,GHV8084 ,Miniônibus ,2018,P7,0.006575,5.5e-05
D1 ,Norte Buss,16505 ,GEW5055 ,Miniônibus ,2018,P7,0.006575,5.5e-05
D1 ,Norte Buss,16073 ,FRX8823 ,Miniônibus ,2018,P7,0.006575,5.5e-05
E8 ,C Belo,71191 ,FCL4277 ,Articulado ,2018,P7,0.006575,5.5e-05
D1 ,Norte Buss,16070 ,FUU6949 ,Miniônibus ,2018,P7,0.006575,5.5e-05
D8 ,Movebuss,55414 ,GEY0A38 ,Midiônibus ,2018,P7,0.006575,5.5e-05
D1 ,Norte Buss,16512 ,FUY9302 ,Miniônibus ,2018,P7,0.006575,5.5e-05
D1 ,Norte Buss,16066 ,GHQ7029 ,Miniônibus ,2018,P7,0.006575,5.5e-05
D11 ,Transwolff,78287 ,FZB7909 ,Midiônibus ,2018,P7,0.006575,5.5e-05
D1 ,Norte Buss,16064 ,GGK1829 ,Miniônibus ,2018,P7,0.006575,5.5e-05
D8 ,Movebuss,55399 ,FUA1944 ,Midiônibus ,2018,P7,0.006575,5.5e-05
D1 ,Norte Buss,16061 ,EDJ8833 ,Miniônibus ,2018,P7,0.006575,5.5e-05
D8 ,Movebuss,55374 ,FVI1674 ,Midiônibus ,2018,P7,0.006575,5.5e-05
D10 ,Transwolff,66784 ,FJQ1574 ,Padron ,2018,P7,0.006575,5.5e-05
D8 ,Movebuss,55360 ,GAL7503 ,Midiônibus ,2018,P7,0.006575,5.5e-05
D11 ,Transwolff,78323 ,GBX2089 ,Midiônibus ,2018,P7,0.006575,5.5e-05
D1 ,Norte Buss,16524 ,FQQ5564 ,Miniônibus ,2018,P7,0.006575,5.5e-05
D8 ,Movebuss,55349 ,GCE1773 ,Midiônibus ,2018,P7,0.006575,5.5e-05
D1 ,Norte Buss,16525 ,FLA9235 ,Miniônibus ,2018,P7,0.006575,5.5e-05
D1 ,Norte Buss,16049 ,FBE6979 ,Miniônibus ,2018,P7,0.006575,5.5e-05
D1 ,Norte Buss,16529 ,FWA6159 ,Miniônibus ,2018,P7,0.006575,5.5e-05
D8 ,Movebuss,55320 ,FBI0618 ,Midiônibus ,2018,P7,0.006575,5.5e-05
D9 ,A2,68577 ,GBM3189 ,Midiônibus ,2018,P7,0.006575,5.5e-05
D8 ,Movebuss,55304 ,GCD3336 ,Midiônibus ,2018,P7,0.006575,5.5e-05
D1 ,Norte Buss,16539 ,FGW1999 ,Miniônibus ,2018,P7,0.006575,5.5e-05
D1 ,Norte Buss,16043 ,GGC6292 ,Miniônibus ,2018,P7,0.006575,5.5e-05
D10 ,Transwolff,66779 ,DMT9429 ,Padron ,2018,P7,0.006575,5.5e-05
D8 ,Movebuss,55473 ,GEY8111 ,Midiônibus ,2018,P7,0.006575,5.5e-05
D10 ,Transwolff,66833 ,EOB2595 ,Padron ,2018,P7,0.006575,5.5e-05
D10 ,Transwolff,66834 ,CFZ8618 ,Padron ,2018,P7,0.006575,5.5e-05
D1 ,Norte Buss,16083 ,GAH3413 ,Miniônibus ,2018,P7,0.006575,5.5e-05
AR3 ,Metropole,32432 ,GHB7428 ,Padron ,2018,P7,0.006575,5.5e-05
AR3 ,Metropole,32433 ,GHP8592 ,Padron ,2018,P7,0.006575,5.5e-05
D1 ,Norte Buss,16474 ,GHU2368 ,Miniônibus ,2018,P7,0.006575,5.5e-05
AR3 ,Metropole,32437 ,GIG8449 ,Padron ,2018,P7,0.006575,5.5e-05
D1 ,Norte Buss,16099 ,FGE4269 ,Miniônibus ,2018,P7,0.006575,5.5e-05
D1 ,Norte Buss,16485 ,FUP9825 ,Miniônibus ,2018,P7,0.006575,5.5e-05
D1 ,Norte Buss,16095 ,GHM4155 ,Miniônibus ,2018,P7,0.006575,5.5e-05
D8 ,Movebuss,55548 ,GFH5001 ,Midiônibus ,2018,P7,0.006575,5.5e-05
D8 ,Movebuss,55547 ,GIV8593 ,Midiônibus ,2018,P7,0.006575,5.5e-05
D8 ,Movebuss,55546 ,GJN6777 ,Midiônibus ,2018,P7,0.006575,5.5e-05
D8 ,Movebuss,55545 ,FQG6J69 ,Midiônibus ,2018,P7,0.006575,5.5e-05
D8 ,Movebuss,55544 ,GAA4D52 ,Midiônibus ,2018,P7,0.006575,5.5e-05
D8 ,Movebuss,55543 ,FGV8G92 ,Midiônibus ,2018,P7,0.006575,5.5e-05
D8 ,Movebuss,55542 ,GHQ4E84 ,Midiônibus ,2018,P7,0.006575,5.5e-05
D13 ,Alfa Rodobus,86346 ,FTR8187 ,Midiônibus ,2018,P7,0.006575,5.5e-05
D8 ,Movebuss,55541 ,FZL1982 ,Midiônibus ,2018,P7,0.006575,5.5e-05
D8 ,Movebuss,55538 ,GAB9237 ,Midiônibus ,2018,P7,0.006575,5.5e-05
D8 ,Movebuss,55537 ,GAP4C08 ,Midiônibus ,2018,P7,0.006575,5.5e-05
D8 ,Movebuss,55536 ,GEW1G45 ,Midiônibus ,2018,P7,0.006575,5.5e-05
D8 ,Movebuss,55535 ,GHX9955 ,Midiônibus ,2018,P7,0.006575,5.5e-05
D8 ,Movebuss,55534 ,GEB8194 ,Midiônibus ,2018,P7,0.006575,5.5e-05
D13 ,Alfa Rodobus,86354 ,GCG1649 ,Midiônibus ,2018,P7,0.006575,5.5e-05
D8 ,Movebuss,55531 ,GDV2455 ,Midiônibus ,2018,P7,0.006575,5.5e-05
D13 ,Alfa Rodobus,86352 ,FRH8869 ,Midiônibus ,2018,P7,0.006575,5.5e-05
D1 ,Norte Buss,16089 ,FXS2559 ,Miniônibus ,2018,P7,0.006575,5.5e-05
D8 ,Movebuss,55507 ,GAT7144 ,Midiônibus ,2018,P7,0.006575,5.5e-05
D11 ,Transwolff,78236 ,GGC3867 ,Midiônibus ,2018,P7,0.006575,5.5e-05
D8 ,Movebuss,55498 ,FCX8778 ,Midiônibus ,2018,P7,0.006575,5.5e-05
D1 ,Norte Buss,16489 ,FET4369 ,Miniônibus ,2018,P7,0.006575,5.5e-05
D1 ,Norte Buss,16491 ,GCE6439 ,Miniônibus ,2018,P7,0.006575,5.5e-05
D8 ,Movebuss,55539 ,FSZ1F95 ,Midiônibus ,2018,P7,0.006575,5.5e-05
D10 ,Transwolff,66907 ,FBH0266 ,Padron ,2018,P7,0.006575,5.5e-05
D1 ,Norte Buss,16554 ,FSE8699 ,Miniônibus ,2018,P7,0.006575,5.5e-05
D1 ,Norte Buss,16557 ,FLT4299 ,Miniônibus ,2018,P7,0.006575,5.5e-05
D4 ,Alfa Rodobus SPE,35711 ,GIS0165 ,Miniônibus ,2018,P7,0.006575,5.5e-05
D2 ,Spencer,25015 ,GDU1017 ,Miniônibus ,2018,P7,0.006575,5.5e-05
D11 ,Transwolff,78437 ,GEI6993 ,Midiônibus ,2018,P7,0.006575,5.5e-05
D10 ,Transwolff,66706 ,GCG4A67 ,Midiônibus ,2018,P7,0.006575,5.5e-05
D4 ,Alfa Rodobus SPE,35723 ,GJI9459 ,Miniônibus ,2018,P7,0.006575,5.5e-05
D2 ,Spencer,25025 ,FRI3A68 ,Miniônibus ,2018,P7,0.006575,5.5e-05
D4 ,Alfa Rodobus SPE,35725 ,FVW8986 ,Miniônibus ,2018,P7,0.006575,5.5e-05
D8 ,Movebuss,55195 ,FZA3803 ,Midiônibus ,2018,P7,0.006575,5.5e-05
D4 ,Alfa Rodobus SPE,35728 ,FRV9146 ,Miniônibus ,2018,P7,0.006575,5.5e-05
D2 ,Spencer,25027 ,GIT7F68 ,Miniônibus ,2018,P7,0.006575,5.5e-05
D11 ,Transwolff,78445 ,GEC0059 ,Midiônibus ,2018,P7,0.006575,5.5e-05
D8 ,Movebuss,55186 ,FRU2086 ,Midiônibus ,2018,P7,0.006575,5.5e-05
D8 ,Movebuss,55174 ,GAP1336 ,Midiônibus ,2018,P7,0.006575,5.5e-05
D8 ,Movebuss,55168 ,GAL3946 ,Midiônibus ,2018,P7,0.006575,5.5e-05
D4 ,Alfa Rodobus SPE,35753 ,FPB5765 ,Miniônibus ,2018,P7,0.006575,5.5e-05
D11 ,Transwolff,78477 ,FGS8079 ,Midiônibus ,2018,P7,0.006575,5.5e-05
D8 ,Movebuss,55154 ,GAS1E33 ,Midiônibus ,2018,P7,0.006575,5.5e-05
D4 ,Alfa Rodobus SPE,35762 ,FZI3771 ,Miniônibus ,2018,P7,0.006575,5.5e-05
D4 ,Alfa Rodobus SPE,35764 ,GDQ8116 ,Miniônibus ,2018,P7,0.006575,5.5e-05
E5 ,Mobibrasil,63195 ,GCV1G19 ,Articulado ,2018,P7,0.006575,5.5e-05
E5 ,Mobibrasil,63196 ,GIV5A79 ,Articulado ,2018,P7,0.006575,5.5e-05
E5 ,Mobibrasil,63197 ,GGK0E76 ,Articulado ,2018,P7,0.006575,5.5e-05
E5 ,Mobibrasil,63198 ,GGB0H86 ,Articulado ,2018,P7,0.006575,5.5e-05
D11 ,Transwolff,78521 ,FPV8749 ,Midiônibus ,2018,P7,0.006575,5.5e-05
E5 ,Mobibrasil,63199 ,GDG0C38 ,Articulado ,2018,P7,0.006575,5.5e-05
D9 ,A2,68838 ,GEZ8E69 ,Midiônibus ,2018,P7,0.006575,5.5e-05
E5 ,Mobibrasil,63200 ,FVT0F63 ,Articulado ,2018,P7,0.006575,5.5e-05
D4 ,Alfa Rodobus SPE,35780 ,FYF3643 ,Miniônibus ,2018,P7,0.006575,5.5e-05
E5 ,Mobibrasil,63201 ,GER0J65 ,Articulado ,2018,P7,0.006575,5.5e-05
D11 ,Transwolff,78425 ,FWV7519 ,Midiônibus ,2018,P7,0.006575,5.5e-05
D1 ,Norte Buss,16595 ,GDZ4375 ,Miniônibus ,2018,P7,0.006575,5.5e-05
D8 ,Movebuss,55216 ,GEB1H32 ,Midiônibus ,2018,P7,0.006575,5.5e-05
D4 ,Alfa Rodobus SPE,35704 ,FHC7409 ,Miniônibus ,2018,P7,0.006575,5.5e-05
D1 ,Norte Buss,16037 ,FDX7934 ,Miniônibus ,2018,P7,0.006575,5.5e-05
D1 ,Norte Buss,16558 ,FPF0219 ,Miniônibus ,2018,P7,0.006575,5.5e-05
D1 ,Norte Buss,16559 ,FCL9221 ,Miniônibus ,2018,P7,0.006575,5.5e-05
D10 ,Transwolff,66778 ,DZE4762 ,Padron ,2018,P7,0.006575,5.5e-05
D1 ,Norte Buss,16034 ,FWJ5257 ,Miniônibus ,2018,P7,0.006575,5.5e-05
D1 ,Norte Buss,16030 ,GGU9005 ,Miniônibus ,2018,P7,0.006575,5.5e-05
D1 ,Norte Buss,16027 ,GEN3067 ,Miniônibus ,2018,P7,0.006575,5.5e-05
D1 ,Norte Buss,16025 ,GDR5935 ,Miniônibus ,2018,P7,0.006575,5.5e-05
D1 ,Norte Buss,16575 ,GKB0665 ,Miniônibus ,2018,P7,0.006575,5.5e-05
D1 ,Norte Buss,16020 ,GAP4328 ,Miniônibus ,2018,P7,0.006575,5.5e-05
D9 ,A2,68674 ,GDC3179 ,Miniônibus ,2018,P7,0.006575,5.5e-05
D1 ,Norte Buss,16581 ,FND1569 ,Miniônibus ,2018,P7,0.006575,5.5e-05
D1 ,Norte Buss,16585 ,FNB4785 ,Miniônibus ,2018,P7,0.006575,5.5e-05
D1 ,Norte Buss,16015 ,GAT1715 ,Miniônibus ,2018,P7,0.006575,5.5e-05
D1 ,Norte Buss,16040 ,FXA1928 ,Miniônibus ,2018,P7,0.006575,5.5e-05
D1 ,Norte Buss,16587 ,BTZ6587 ,Miniônibus ,2018,P7,0.006575,5.5e-05
D1 ,Norte Buss,16010 ,FSD0109 ,Miniônibus ,2018,P7,0.006575,5.5e-05
D1 ,Norte Buss,16008 ,GIZ9539 ,Miniônibus ,2018,P7,0.006575,5.5e-05
AR3 ,Metropole,32950 ,GIB4566 ,Padron ,2018,P7,0.006575,5.5e-05
D2 ,Spencer,25006 ,FAC9I81 ,Miniônibus ,2018,P7,0.006575,5.5e-05
AR3 ,Metropole,32953 ,GIG2859 ,Padron ,2018,P7,0.006575,5.5e-05
AR3 ,Metropole,32960 ,GJS0193 ,Padron ,2018,P7,0.006575,5.5e-05
AR3 ,Metropole,32967 ,GGY7773 ,Padron ,2018,P7,0.006575,5.5e-05
D8 ,Movebuss,55225 ,GFP6332 ,Midiônibus ,2018,P7,0.006575,5.5e-05
D2 ,Spencer,25007 ,GHE0G55 ,Miniônibus ,2018,P7,0.006575,5.5e-05
D2 ,Spencer,25009 ,FSX5556 ,Miniônibus ,2018,P7,0.006575,5.5e-05
D1 ,Norte Buss,16588 ,FNN6878 ,Miniônibus ,2018,P7,0.006575,5.5e-05
D1 ,Norte Buss,16592 ,FTQ1772 ,Miniônibus ,2018,P7,0.006575,5.5e-05
D1 ,Norte Buss,16001 ,GFM4681 ,Miniônibus ,2018,P7,0.006575,5.5e-05
D4 ,Alfa Rodobus SPE,35702 ,FDZ0641 ,Miniônibus ,2018,P7,0.006575,5.5e-05
D1 ,Norte Buss,16014 ,GFW1418 ,Miniônibus ,2018,P7,0.006575,5.5e-05
E5 ,Mobibrasil,63202 ,GDW7F27 ,Articulado ,2018,P7,0.006575,5.5e-05
D10 ,Transwolff,66908 ,FHR6567 ,Padron ,2018,P7,0.006575,5.5e-05
D10 ,Transwolff,66909 ,EVW8816 ,Padron ,2018,P7,0.006575,5.5e-05
D1 ,Norte Buss,16334 ,FZC7974 ,Miniônibus ,2018,P7,0.006575,5.5e-05
D1 ,Norte Buss,16332 ,FIR4842 ,Miniônibus ,2018,P7,0.006575,5.5e-05
D1 ,Norte Buss,16330 ,FYS4333 ,Miniônibus ,2018,P7,0.006575,5.5e-05
D1 ,Norte Buss,16324 ,GBX1696 ,Miniônibus ,2018,P7,0.006575,5.5e-05
D1 ,Norte Buss,16323 ,FXF1063 ,Miniônibus ,2018,P7,0.006575,5.5e-05
D1 ,Norte Buss,16396 ,GGE9469 ,Miniônibus ,2018,P7,0.006575,5.5e-05
D1 ,Norte Buss,16319 ,FCR1289 ,Miniônibus ,2018,P7,0.006575,5.5e-05
D1 ,Norte Buss,16316 ,GAR5916 ,Miniônibus ,2018,P7,0.006575,5.5e-05
D1 ,Norte Buss,16308 ,GEK5578 ,Miniônibus ,2018,P7,0.006575,5.5e-05
D1 ,Norte Buss,16303 ,FLJ2723 ,Miniônibus ,2018,P7,0.006575,5.5e-05
D1 ,Norte Buss,16292 ,FCO0672 ,Miniônibus ,2018,P7,0.006575,5.5e-05
D1 ,Norte Buss,16289 ,GFK0489 ,Miniônibus ,2018,P7,0.006575,5.5e-05
D1 ,Norte Buss,16281 ,FVL7207 ,Miniônibus ,2018,P7,0.006575,5.5e-05
D1 ,Norte Buss,16280 ,GHD5388 ,Miniônibus ,2018,P7,0.006575,5.5e-05
D1 ,Norte Buss,16277 ,GIM3627 ,Miniônibus ,2018,P7,0.006575,5.5e-05
AR3 ,Metropole,32098 ,GCH5255 ,Padron ,2018,P7,0.006575,5.5e-05
AR3 ,Metropole,32099 ,GGR8031 ,Padron ,2018,P7,0.006575,5.5e-05
AR3 ,Metropole,32100 ,GBB0784 ,Padron ,2018,P7,0.006575,5.5e-05
D1 ,Norte Buss,16263 ,FUT5616 ,Miniônibus ,2018,P7,0.006575,5.5e-05
D1 ,Norte Buss,16260 ,GDU6348 ,Miniônibus ,2018,P7,0.006575,5.5e-05
D1 ,Norte Buss,16258 ,FXE3566 ,Miniônibus ,2018,P7,0.006575,5.5e-05
D1 ,Norte Buss,16409 ,GKE4224 ,Miniônibus ,2018,P7,0.006575,5.5e-05
D1 ,Norte Buss,16411 ,FZN7661 ,Miniônibus ,2018,P7,0.006575,5.5e-05
D1 ,Norte Buss,16412 ,GHU1428 ,Miniônibus ,2018,P7,0.006575,5.5e-05
E6 ,Grajau,61640 ,FNA8C81 ,Articulado ,2018,P7,0.006575,5.5e-05
D1 ,Norte Buss,16246 ,FCJ3256 ,Miniônibus ,2018,P7,0.006575,5.5e-05
E6 ,Grajau,61641 ,FUQ5162 ,Articulado ,2018,P7,0.006575,5.5e-05
E6 ,Grajau,61642 ,FGU9023 ,Articulado ,2018,P7,0.006575,5.5e-05
D1 ,Norte Buss,16243 ,FBY4043 ,Miniônibus ,2018,P7,0.006575,5.5e-05
D1 ,Norte Buss,16394 ,FQD8628 ,Miniônibus ,2018,P7,0.006575,5.5e-05
D1 ,Norte Buss,16352 ,FYV8982 ,Miniônibus ,2018,P7,0.006575,5.5e-05
D1 ,Norte Buss,16393 ,FNN2723 ,Miniônibus ,2018,P7,0.006575,5.5e-05
D1 ,Norte Buss,16391 ,FJN8781 ,Miniônibus ,2018,P7,0.006575,5.5e-05
D13 ,Alfa Rodobus,86522 ,FYI5228 ,Midiônibus ,2018,P7,0.006575,5.5e-05
D1 ,Norte Buss,16365 ,FPY0565 ,Miniônibus ,2018,P7,0.006575,5.5e-05
E9 ,Gatusa,76964 ,BZG1B24 ,Padron ,2018,P7,0.006575,5.5e-05
D13 ,Alfa Rodobus,86506 ,GJL1346 ,Midiônibus ,2018,P7,0.006575,5.5e-05
D13 ,Alfa Rodobus,86482 ,FCF9649 ,Midiônibus ,2018,P7,0.006575,5.5e-05
D13 ,Alfa Rodobus,86474 ,GFO2429 ,Midiônibus ,2018,P7,0.006575,5.5e-05
D13 ,Alfa Rodobus,86417 ,FSV6996 ,Midiônibus ,2018,P7,0.006575,5.5e-05
D13 ,Alfa Rodobus,86357 ,FRE9001 ,Midiônibus ,2018,P7,0.006575,5.5e-05
AR3 ,Metropole,32001 ,GEJ2981 ,Padron ,2018,P7,0.006575,5.5e-05
AR3 ,Metropole,32002 ,GAM7185 ,Padron ,2018,P7,0.006575,5.5e-05
AR3 ,Metropole,32003 ,GGD9029 ,Padron ,2018,P7,0.006575,5.5e-05
AR3 ,Metropole,32004 ,GBO7208 ,Padron ,2018,P7,0.006575,5.5e-05
AR3 ,Metropole,32005 ,GDL9603 ,Padron ,2018,P7,0.006575,5.5e-05
AR3 ,Metropole,32006 ,GFJ9406 ,Padron ,2018,P7,0.006575,5.5e-05
E6 ,Grajau,61643 ,FUM6194 ,Articulado ,2018,P7,0.006575,5.5e-05
AR3 ,Metropole,32007 ,GDR1638 ,Padron ,2018,P7,0.006575,5.5e-05
AR3 ,Metropole,32009 ,GAP0188 ,Padron ,2018,P7,0.006575,5.5e-05
AR3 ,Metropole,32010 ,GJN3359 ,Padron ,2018,P7,0.006575,5.5e-05
AR3 ,Metropole,32011 ,GGY3276 ,Padron ,2018,P7,0.006575,5.5e-05
AR3 ,Metropole,32012 ,GIX9916 ,Padron ,2018,P7,0.006575,5.5e-05
AR3 ,Metropole,32013 ,GIT2488 ,Padron ,2018,P7,0.006575,5.5e-05
AR3 ,Metropole,32014 ,GIW9703 ,Padron ,2018,P7,0.006575,5.5e-05
D9 ,A2,68035 ,FVU9849 ,Miniônibus ,2018,P7,0.006575,5.5e-05
D1 ,Norte Buss,16380 ,GAZ1629 ,Miniônibus ,2018,P7,0.006575,5.5e-05
D9 ,A2,68086 ,FYL5255 ,Midiônibus ,2018,P7,0.006575,5.5e-05
D1 ,Norte Buss,16384 ,FPD6652 ,Miniônibus ,2018,P7,0.006575,5.5e-05
D1 ,Norte Buss,16386 ,GEJ2436 ,Miniônibus ,2018,P7,0.006575,5.5e-05
D9 ,A2,68128 ,FOZ6148 ,Miniônibus ,2018,P7,0.006575,5.5e-05
D1 ,Norte Buss,16389 ,GFU6199 ,Miniônibus ,2018,P7,0.006575,5.5e-05
D1 ,Norte Buss,16360 ,GII2885 ,Miniônibus ,2018,P7,0.006575,5.5e-05
AR3 ,Metropole,32008 ,GBP8598 ,Padron ,2018,P7,0.006575,5.5e-05
D1 ,Norte Buss,16465 ,FWB1882 ,Miniônibus ,2018,P7,0.006575,5.5e-05
D1 ,Norte Buss,16241 ,FCD3998 ,Miniônibus ,2018,P7,0.006575,5.5e-05
E6 ,Grajau,61645 ,FEL7D71 ,Articulado ,2018,P7,0.006575,5.5e-05
D1 ,Norte Buss,16174 ,FXJ7474 ,Miniônibus ,2018,P7,0.006575,5.5e-05
D1 ,Norte Buss,16172 ,GFS6862 ,Miniônibus ,2018,P7,0.006575,5.5e-05
D1 ,Norte Buss,16418 ,GGN9E18 ,Miniônibus ,2018,P7,0.006575,5.5e-05
D1 ,Norte Buss,16421 ,FOS1724 ,Miniônibus ,2018,P7,0.006575,5.5e-05
D1 ,Norte Buss,16166 ,FXG1886 ,Miniônibus ,2018,P7,0.006575,5.5e-05
D1 ,Norte Buss,16159 ,FTQ6977 ,Miniônibus ,2018,P7,0.006575,5.5e-05
D1 ,Norte Buss,16424 ,FIJ4089 ,Miniônibus ,2018,P7,0.006575,5.5e-05
D1 ,Norte Buss,16157 ,FWW5137 ,Miniônibus ,2018,P7,0.006575,5.5e-05
D9 ,A2,68348 ,FYL0208 ,Miniônibus ,2018,P7,0.006575,5.5e-05
D1 ,Norte Buss,16431 ,GGN5119 ,Miniônibus ,2018,P7,0.006575,5.5e-05
D1 ,Norte Buss,16434 ,GGL8124 ,Miniônibus ,2018,P7,0.006575,5.5e-05
D1 ,Norte Buss,16146 ,GHI1726 ,Miniônibus ,2018,P7,0.006575,5.5e-05
D1 ,Norte Buss,16143 ,FJA5103 ,Miniônibus ,2018,P7,0.006575,5.5e-05
D1 ,Norte Buss,16140 ,FTL6974 ,Miniônibus ,2018,P7,0.006575,5.5e-05
D1 ,Norte Buss,16437 ,GDP6267 ,Miniônibus ,2018,P7,0.006575,5.5e-05
D1 ,Norte Buss,16138 ,GFA2738 ,Miniônibus ,2018,P7,0.006575,5.5e-05
D1 ,Norte Buss,16439 ,GGJ5999 ,Miniônibus ,2018,P7,0.006575,5.5e-05
D1 ,Norte Buss,16443 ,FWZ3893 ,Miniônibus ,2018,P7,0.006575,5.5e-05
D7 ,Transunião,56247 ,GGR6F09 ,Midiônibus ,2018,P7,0.006575,5.5e-05
D1 ,Norte Buss,16444 ,GGY8027 ,Miniônibus ,2018,P7,0.006575,5.5e-05
D1 ,Norte Buss,16448 ,FZA9672 ,Miniônibus ,2018,P7,0.006575,5.5e-05
D1 ,Norte Buss,16449 ,GDW0749 ,Miniônibus ,2018,P7,0.006575,5.5e-05
D1 ,Norte Buss,16131 ,GHN5251 ,Miniônibus ,2018,P7,0.006575,5.5e-05
D1 ,Norte Buss,16127 ,FOY4027 ,Miniônibus ,2018,P7,0.006575,5.5e-05
D11 ,Transwolff,78141 ,GGN4359 ,Midiônibus ,2018,P7,0.006575,5.5e-05
D10 ,Transwolff,66910 ,BWN9730 ,Padron ,2018,P7,0.006575,5.5e-05
D1 ,Norte Buss,16122 ,FMC8752 ,Miniônibus ,2018,P7,0.006575,5.5e-05
D1 ,Norte Buss,16114 ,GAV1714 ,Miniônibus ,2018,P7,0.006575,5.5e-05
D9 ,A2,68454 ,FXD1229 ,Miniônibus ,2018,P7,0.006575,5.5e-05
D1 ,Norte Buss,16175 ,FOK3705 ,Miniônibus ,2018,P7,0.006575,5.5e-05
D9 ,A2,68285 ,GAU0451 ,Midiônibus ,2018,P7,0.006575,5.5e-05
D1 ,Norte Buss,16181 ,FZE6928 ,Miniônibus ,2018,P7,0.006575,5.5e-05
D1 ,Norte Buss,16182 ,BTZ6436 ,Miniônibus ,2018,P7,0.006575,5.5e-05
E6 ,Grajau,61646 ,FYS7882 ,Articulado ,2018,P7,0.006575,5.5e-05
E6 ,Grajau,61647 ,FGA9583 ,Articulado ,2018,P7,0.006575,5.5e-05
E6 ,Grajau,61648 ,GDN9644 ,Articulado ,2018,P7,0.006575,5.5e-05
E6 ,Grajau,61649 ,FWF3267 ,Articulado ,2018,P7,0.006575,5.5e-05
E6 ,Grajau,61650 ,FGC8148 ,Articulado ,2018,P7,0.006575,5.5e-05
E6 ,Grajau,61651 ,FOU8309 ,Articulado ,2018,P7,0.006575,5.5e-05
E6 ,Grajau,61652 ,FXW4H01 ,Articulado ,2018,P7,0.006575,5.5e-05
E6 ,Grajau,61653 ,FXK8102 ,Articulado ,2018,P7,0.006575,5.5e-05
D1 ,Norte Buss,16240 ,FUU8949 ,Miniônibus ,2018,P7,0.006575,5.5e-05
D1 ,Norte Buss,16239 ,FYH0269 ,Miniônibus ,2018,P7,0.006575,5.5e-05
D1 ,Norte Buss,16237 ,GGW5767 ,Miniônibus ,2018,P7,0.006575,5.5e-05
E6 ,Grajau,61654 ,FEJ9583 ,Articulado ,2018,P7,0.006575,5.5e-05
D1 ,Norte Buss,16234 ,FRD1314 ,Miniônibus ,2018,P7,0.006575,5.5e-05
D9 ,A2,68244 ,GGC4453 ,Midiônibus ,2018,P7,0.006575,5.5e-05
E6 ,Grajau,61644 ,FQO6205 ,Articulado ,2018,P7,0.006575,5.5e-05
D9 ,A2,68245 ,FWW9907 ,Miniônibus ,2018,P7,0.006575,5.5e-05
D1 ,Norte Buss,16220 ,FCM9389 ,Miniônibus ,2018,P7,0.006575,5.5e-05
D1 ,Norte Buss,16214 ,GHH6464 ,Miniônibus ,2018,P7,0.006575,5.5e-05
D1 ,Norte Buss,16212 ,FWT3542 ,Miniônibus ,2018,P7,0.006575,5.5e-05
D1 ,Norte Buss,16210 ,FZJ1492 ,Miniônibus ,2018,P7,0.006575,5.5e-05
D9 ,A2,68261 ,GFW6293 ,Midiônibus ,2018,P7,0.006575,5.5e-05
D9 ,A2,68263 ,FVK7106 ,Midiônibus ,2018,P7,0.006575,5.5e-05
D9 ,A2,68264 ,FZW8764 ,Midiônibus ,2018,P7,0.006575,5.5e-05
D9 ,A2,68266 ,GAK1523 ,Midiônibus ,2018,P7,0.006575,5.5e-05
D9 ,A2,68269 ,FWL7859 ,Midiônibus ,2018,P7,0.006575,5.5e-05
D1 ,Norte Buss,16205 ,FRU9435 ,Miniônibus ,2018,P7,0.006575,5.5e-05
D1 ,Norte Buss,16203 ,GHE8633 ,Miniônibus ,2018,P7,0.006575,5.5e-05
D1 ,Norte Buss,16195 ,GJH8798 ,Miniônibus ,2018,P7,0.006575,5.5e-05
D1 ,Norte Buss,16190 ,FPF4559 ,Miniônibus ,2018,P7,0.006575,5.5e-05
D11 ,Transwolff,78041 ,GEP2409 ,Midiônibus ,2018,P7,0.006575,5.5e-05
D1 ,Norte Buss,16224 ,FSH9124 ,Miniônibus ,2018,P7,0.006575,5.5e-05
E5 ,Mobibrasil,63203 ,GKH1J99 ,Articulado ,2018,P7,0.006575,5.5e-05
D2 ,Norte Buss,26173 ,GJG9303 ,Miniônibus ,2018,P7,0.006575,5.5e-05
D3 ,Transunião ,36078 ,FCW3H58 ,Básico ,2018,P7,0.006575,5.5e-05
D4 ,Alfa Rodobus SPE,35845 ,FON8839 ,Miniônibus ,2018,P7,0.006575,5.5e-05
E8 ,C Belo,71175 ,FMZ3511 ,Articulado ,2018,P7,0.006575,5.5e-05
D13 ,Alfa Rodobus,86337 ,FIY6966 ,Midiônibus ,2018,P7,0.006575,5.5e-05
D3 ,Transunião ,36088 ,FCO9I05 ,Midiônibus ,2018,P7,0.006575,5.5e-05
D10 ,Transwolff,66626 ,GAF9786 ,Básico ,2018,P7,0.006575,5.5e-05
D3 ,Transunião ,36016 ,FQH6J89 ,Básico ,2018,P7,0.006575,5.5e-05
D3 ,Transunião ,36071 ,FVV8I85 ,Midiônibus ,2018,P7,0.006575,5.5e-05
D1 ,Norte Buss,16649 ,FWI0769 ,Miniônibus ,2018,P7,0.006575,5.5e-05
D8 ,Movebuss,55035 ,FIN5I98 ,Midiônibus ,2018,P7,0.006575,5.5e-05
D1 ,Norte Buss,16640 ,GDL1319 ,Miniônibus ,2018,P7,0.006575,5.5e-05
E3 ,Metropole,31515 ,GGZ6493 ,Padron ,2018,P7,0.006575,5.5e-05
D1 ,Norte Buss,16637 ,FNA4147 ,Miniônibus ,2018,P7,0.006575,5.5e-05
E3 ,Metropole,31524 ,GGN0053 ,Padron ,2018,P7,0.006575,5.5e-05
D3 ,Transunião ,36063 ,FPR7F63 ,Midiônibus ,2018,P7,0.006575,5.5e-05
E3 ,Metropole,31557 ,GGM5615 ,Padron ,2018,P7,0.006575,5.5e-05
AR2 ,Sambaiba,22610 ,FNO9539 ,Padron ,2018,P7,0.006575,5.5e-05
E3 ,Metropole,31558 ,GHC1046 ,Padron ,2018,P7,0.006575,5.5e-05
AR2 ,Sambaiba,22611 ,GCJ2481 ,Padron ,2018,P7,0.006575,5.5e-05
D3 ,Transunião ,36057 ,GFC2F56 ,Midiônibus ,2018,P7,0.006575,5.5e-05
D1 ,Norte Buss,16704 ,FHH9904 ,Miniônibus ,2018,P7,0.006575,5.5e-05
D3 ,Transunião ,36056 ,GAW7184 ,Básico ,2018,P7,0.006575,5.5e-05
E8 ,C Belo,71176 ,FCD5292 ,Articulado ,2018,P7,0.006575,5.5e-05
E8 ,C Belo,71177 ,FJE8413 ,Articulado ,2018,P7,0.006575,5.5e-05
D1 ,D1,15067 ,GKG8508 ,Miniônibus ,2018,P7,0.006575,5.5e-05
D1 ,D1,15078 ,GEA0489 ,Miniônibus ,2018,P7,0.006575,5.5e-05
E8 ,C Belo,71182 ,FGF1381 ,Articulado ,2018,P7,0.006575,5.5e-05
D1 ,Norte Buss,16709 ,FLX1939 ,Miniônibus ,2018,P7,0.006575,5.5e-05
E8 ,C Belo,71181 ,FXK8589 ,Articulado ,2018,P7,0.006575,5.5e-05
D1 ,D1,15117 ,FRE7796 ,Miniônibus ,2018,P7,0.006575,5.5e-05
D1 ,Norte Buss,16609 ,FUS5189 ,Miniônibus ,2018,P7,0.006575,5.5e-05
D1 ,D1,15124 ,GHG7107 ,Miniônibus ,2018,P7,0.006575,5.5e-05
D1 ,Norte Buss,16708 ,GGD7628 ,Miniônibus ,2018,P7,0.006575,5.5e-05
D1 ,D1,15138 ,FJU8749 ,Miniônibus ,2018,P7,0.006575,5.5e-05
D1 ,D1,15143 ,FDD8408 ,Miniônibus ,2018,P7,0.006575,5.5e-05
E8 ,C Belo,71180 ,FRX6C28 ,Articulado ,2018,P7,0.006575,5.5e-05
D11 ,Transwolff,78812 ,GDA5C86 ,Midiônibus ,2018,P7,0.006575,5.5e-05
D1 ,D1,15159 ,GFM6686 ,Miniônibus ,2018,P7,0.006575,5.5e-05
D8 ,Movebuss,55068 ,FWB1948 ,Midiônibus ,2018,P7,0.006575,5.5e-05
D13 ,Alfa Rodobus,86330 ,GCQ6436 ,Midiônibus ,2018,P7,0.006575,5.5e-05
E8 ,C Belo,71179 ,FYG2987 ,Articulado ,2018,P7,0.006575,5.5e-05
D8 ,Movebuss,55062 ,GJG3022 ,Midiônibus ,2018,P7,0.006575,5.5e-05
E8 ,C Belo,71178 ,FKJ2916 ,Articulado ,2018,P7,0.006575,5.5e-05
D4 ,Alfa Rodobus SPE,35838 ,GAT5171 ,Miniônibus ,2018,P7,0.006575,5.5e-05
AR2 ,Sambaiba,22612 ,FIL1D62 ,Padron ,2018,P7,0.006575,5.5e-05
D3 ,Transunião ,36054 ,GFO4F79 ,Básico ,2018,P7,0.006575,5.5e-05
AR2 ,Sambaiba,22613 ,FSI7513 ,Padron ,2018,P7,0.006575,5.5e-05
E4 ,Via Sudeste,52851 ,GHT6975 ,Articulado ,2018,P7,0.006575,5.5e-05
D1 ,Norte Buss,16614 ,FVX7544 ,Miniônibus ,2018,P7,0.006575,5.5e-05
E4 ,Via Sudeste,52837 ,FRC8053 ,Articulado ,2018,P7,0.006575,5.5e-05
E4 ,Via Sudeste,52850 ,GFX0657 ,Articulado ,2018,P7,0.006575,5.5e-05
D3 ,Transunião ,36003 ,GCH0D28 ,Midiônibus ,2018,P7,0.006575,5.5e-05
E4 ,Via Sudeste,52849 ,FTS0489 ,Articulado ,2018,P7,0.006575,5.5e-05
D13 ,Alfa Rodobus,86343 ,FXH2014 ,Midiônibus ,2018,P7,0.006575,5.5e-05
D3 ,Transunião ,36024 ,GDU1G59 ,Midiônibus ,2018,P7,0.006575,5.5e-05
E4 ,Via Sudeste,52848 ,FMK4159 ,Articulado ,2018,P7,0.006575,5.5e-05
E4 ,Via Sudeste,52847 ,GHO4218 ,Articulado ,2018,P7,0.006575,5.5e-05
E4 ,Via Sudeste,52846 ,FTZ6907 ,Articulado ,2018,P7,0.006575,5.5e-05
E4 ,Via Sudeste,52845 ,FQQ1956 ,Articulado ,2018,P7,0.006575,5.5e-05
E4 ,Via Sudeste,52844 ,FIL2356 ,Articulado ,2018,P7,0.006575,5.5e-05
E4 ,Via Sudeste,52843 ,FJR3145 ,Articulado ,2018,P7,0.006575,5.5e-05
D3 ,Transunião ,36023 ,FWP6F13 ,Midiônibus ,2018,P7,0.006575,5.5e-05
E4 ,Via Sudeste,52838 ,FXT0294 ,Articulado ,2018,P7,0.006575,5.5e-05
E4 ,Via Sudeste,52842 ,GCN1862 ,Articulado ,2018,P7,0.006575,5.5e-05
E4 ,Via Sudeste,52839 ,FVV8935 ,Articulado ,2018,P7,0.006575,5.5e-05
E4 ,Via Sudeste,52841 ,FQD7614 ,Articulado ,2018,P7,0.006575,5.5e-05
E4 ,Via Sudeste,52852 ,FMR6548 ,Articulado ,2018,P7,0.006575,5.5e-05
E4 ,Via Sudeste,52853 ,FZY5571 ,Articulado ,2018,P7,0.006575,5.5e-05
E4 ,Via Sudeste,52854 ,FWB2942 ,Articulado ,2018,P7,0.006575,5.5e-05
E4 ,Via Sudeste,52855 ,GBE3503 ,Articulado ,2018,P7,0.006575,5.5e-05
AR2 ,Sambaiba,22614 ,GBH6H44 ,Padron ,2018,P7,0.006575,5.5e-05
AR2 ,Sambaiba,22615 ,FDG3962 ,Padron ,2018,P7,0.006575,5.5e-05
AR2 ,Sambaiba,22616 ,FVE0385 ,Padron ,2018,P7,0.006575,5.5e-05
AR2 ,Sambaiba,22617 ,FUU2546 ,Padron ,2018,P7,0.006575,5.5e-05
AR2 ,Sambaiba,22618 ,FPL8347 ,Padron ,2018,P7,0.006575,5.5e-05
E3 ,Metropole,31559 ,GIU8456 ,Padron ,2018,P7,0.006575,5.5e-05
AR2 ,Sambaiba,22619 ,FSW3501 ,Padron ,2018,P7,0.006575,5.5e-05
AR2 ,Sambaiba,22620 ,GCT2488 ,Padron ,2018,P7,0.006575,5.5e-05
D8 ,Movebuss,55008 ,FUD2C26 ,Midiônibus ,2018,P7,0.006575,5.5e-05
D1 ,Norte Buss,16607 ,GJH0927 ,Miniônibus ,2018,P7,0.006575,5.5e-05
D8 ,Movebuss,55004 ,FVA4013 ,Midiônibus ,2018,P7,0.006575,5.5e-05
AR2 ,Sambaiba,22621 ,FJG1728 ,Padron ,2018,P7,0.006575,5.5e-05
E3 ,Metropole,31560 ,GIA3417 ,Padron ,2018,P7,0.006575,5.5e-05
D11 ,Transwolff,78620 ,GGZ3069 ,Midiônibus ,2018,P7,0.006575,5.5e-05
E3 ,Metropole,31561 ,GJI1572 ,Padron ,2018,P7,0.006575,5.5e-05
D3 ,Transunião ,36034 ,FZT0J09 ,Básico ,2018,P7,0.006575,5.5e-05
E4 ,Via Sudeste,52835 ,FYM4781 ,Articulado ,2018,P7,0.006575,5.5e-05
D4 ,Alfa Rodobus SPE,35982 ,GIS6794 ,Miniônibus ,2018,P7,0.006575,5.5e-05
E4 ,Via Sudeste,52836 ,FYX7192 ,Articulado ,2018,P7,0.006575,5.5e-05
E4 ,Via Sudeste,52856 ,FMT5194 ,Articulado ,2018,P7,0.006575,5.5e-05
D3 ,Transunião ,36043 ,FXT3193 ,Midiônibus ,2018,P7,0.006575,5.5e-05
D8 ,Movebuss,55090 ,FZP0374 ,Midiônibus ,2018,P7,0.006575,5.5e-05
D3 ,Transunião ,36017 ,FRU1G18 ,Midiônibus ,2018,P7,0.006575,5.5e-05
D8 ,Movebuss,55106 ,FGQ2412 ,Midiônibus ,2018,P7,0.006575,5.5e-05
D1 ,D1,15051 ,FMM9H68 ,Miniônibus ,2018,P7,0.006575,5.5e-05
D3 ,Transunião ,36142 ,FYZ7A59 ,Básico ,2018,P7,0.006575,5.5e-05
E8 ,C Belo,71190 ,FMH6036 ,Articulado ,2018,P7,0.006575,5.5e-05
D8 ,Movebuss,55120 ,FLA6524 ,Midiônibus ,2018,P7,0.006575,5.5e-05
D4 ,Alfa Rodobus SPE,35790 ,FKM2724 ,Miniônibus ,2018,P7,0.006575,5.5e-05
D1 ,D1,15052 ,FZJ3078 ,Miniônibus ,2018,P7,0.006575,5.5e-05
D3 ,Transunião ,36144 ,FOH6299 ,Básico ,2018,P7,0.006575,5.5e-05
D1 ,D1,15011 ,GHI1H79 ,Miniônibus ,2018,P7,0.006575,5.5e-05
D1 ,D1,15005 ,GJM2I47 ,Miniônibus ,2018,P7,0.006575,5.5e-05
D11 ,Transwolff,78524 ,FQX7745 ,Midiônibus ,2018,P7,0.006575,5.5e-05
D4 ,Alfa Rodobus SPE,35801 ,FIE5429 ,Miniônibus ,2018,P7,0.006575,5.5e-05
D1 ,Norte Buss,16603 ,FQF3183 ,Miniônibus ,2018,P7,0.006575,5.5e-05
D8 ,Movebuss,55097 ,GDB0444 ,Midiônibus ,2018,P7,0.006575,5.5e-05
D1 ,Norte Buss,16713 ,FZW1673 ,Miniônibus ,2018,P7,0.006575,5.5e-05
E5 ,Mobibrasil,63204 ,GCH4A19 ,Articulado ,2018,P7,0.006575,5.5e-05
D3 ,Transunião ,36139 ,GGH2F13 ,Básico ,2018,P7,0.006575,5.5e-05
D8 ,Movebuss,55109 ,FZU3388 ,Midiônibus ,2018,P7,0.006575,5.5e-05
D11 ,Transwolff,78029 ,GIW1688 ,Midiônibus ,2019,P7,0.006575,5.5e-05
D10 ,Transwolff,66129 ,EUD4120 ,Midiônibus ,2019,P7,0.006575,5.5e-05
E6 ,Grajau,61676 ,DEU4693 ,Articulado ,2019,P7,0.006575,5.5e-05
AR4 ,Express,48066 ,BZA8177 ,Padron ,2019,P7,0.006575,5.5e-05
D11 ,Transwolff,78025 ,GIR9911 ,Midiônibus ,2019,P7,0.006575,5.5e-05
AR4 ,Express,48060 ,FNF9093 ,Padron ,2019,P7,0.006575,5.5e-05
AR4 ,Express,48059 ,GIY2506 ,Padron ,2019,P7,0.006575,5.5e-05
E6 ,Grajau,61675 ,BOB7412 ,Articulado ,2019,P7,0.006575,5.5e-05
AR4 ,Express,48044 ,FYR0702 ,Padron ,2019,P7,0.006575,5.5e-05
AR4 ,Express,48037 ,FWY6176 ,Padron ,2019,P7,0.006575,5.5e-05
E6 ,Grajau,61672 ,DKU1311 ,Articulado ,2019,P7,0.006575,5.5e-05
E6 ,Grajau,61671 ,DUC3380 ,Articulado ,2019,P7,0.006575,5.5e-05
D11 ,Transwolff,78834 ,CBG3235 ,Midiônibus ,2019,P7,0.006575,5.5e-05
D9 ,A2,68277 ,ENN5279 ,Midiônibus ,2019,P7,0.006575,5.5e-05
D10 ,Transwolff,66133 ,FYC1663 ,Midiônibus ,2019,P7,0.006575,5.5e-05
AR4 ,Express,48061 ,GJW1666 ,Padron ,2019,P7,0.006575,5.5e-05
D9 ,A2,68282 ,GCU2176 ,Midiônibus ,2019,P7,0.006575,5.5e-05
D10 ,Transwolff,66137 ,EQD2414 ,Midiônibus ,2019,P7,0.006575,5.5e-05
E6 ,Grajau,61677 ,BWY2724 ,Articulado ,2019,P7,0.006575,5.5e-05
AR4 ,Express,48162 ,GDS8C01 ,Padron ,2019,P7,0.006575,5.5e-05
AR4 ,Express,48160 ,FFO5255 ,Padron ,2019,P7,0.006575,5.5e-05
AR4 ,Express,48157 ,GHA4294 ,Padron ,2019,P7,0.006575,5.5e-05
E6 ,Grajau,61682 ,ESP1368 ,Articulado ,2019,P7,0.006575,5.5e-05
AR4 ,Express,48154 ,FJZ4213 ,Padron ,2019,P7,0.006575,5.5e-05
D11 ,Transwolff,78835 ,ETE5874 ,Midiônibus ,2019,P7,0.006575,5.5e-05
AR4 ,Express,48149 ,GBU2022 ,Padron ,2019,P7,0.006575,5.5e-05
D11 ,Transwolff,78723 ,EOY0945 ,Básico ,2019,P7,0.006575,5.5e-05
D12 ,Transcap,85588 ,EDQ8905 ,Básico ,2019,P7,0.006575,5.5e-05
AR4 ,Express,48140 ,FFY4373 ,Padron ,2019,P7,0.006575,5.5e-05
AR4 ,Express,48074 ,FPZ3101 ,Padron ,2019,P7,0.006575,5.5e-05
D11 ,Transwolff,78050 ,GDP7609 ,Midiônibus ,2019,P7,0.006575,5.5e-05
AR4 ,Express,48108 ,FRP0676 ,Padron ,2019,P7,0.006575,5.5e-05
E6 ,Grajau,61681 ,ETH0723 ,Articulado ,2019,P7,0.006575,5.5e-05
AR4 ,Express,48099 ,FOO3136 ,Padron ,2019,P7,0.006575,5.5e-05
E6 ,Grajau,61680 ,BSY6352 ,Articulado ,2019,P7,0.006575,5.5e-05
D7 ,Transunião,56345 ,EPO9B42 ,Midiônibus ,2019,P7,0.006575,5.5e-05
D10 ,Transwolff,66126 ,GJY8619 ,Básico ,2019,P7,0.006575,5.5e-05
E6 ,Grajau,61679 ,DRH7401 ,Articulado ,2019,P7,0.006575,5.5e-05
E6 ,Grajau,61678 ,CDP9377 ,Articulado ,2019,P7,0.006575,5.5e-05
AR4 ,Express,48089 ,EZZ3544 ,Padron ,2019,P7,0.006575,5.5e-05
D11 ,Transwolff,78880 ,FXE8I18 ,Midiônibus ,2019,P7,0.006575,5.5e-05
AR4 ,Express,48110 ,FRQ6848 ,Padron ,2019,P7,0.006575,5.5e-05
D9 ,A2,68276 ,DLF9760 ,Midiônibus ,2019,P7,0.006575,5.5e-05
D5 ,Pêssego,47852 ,FPM8971 ,Miniônibus ,2019,P7,0.006575,5.5e-05
D9 ,A2,68273 ,BYI2708 ,Midiônibus ,2019,P7,0.006575,5.5e-05
AR8 ,G Preto,82635 ,BQU8070 ,Padron ,2019,P7,0.006575,5.5e-05
D11 ,Transwolff,78729 ,GHD2509 ,Midiônibus ,2019,P7,0.006575,5.5e-05
D12 ,Transcap,85569 ,ENZ4467 ,Básico ,2019,P7,0.006575,5.5e-05
D5 ,Pêssego,47733 ,DRB6681 ,Midiônibus ,2019,P7,0.006575,5.5e-05
D5 ,Pêssego,47729 ,EOK1118 ,Midiônibus ,2019,P7,0.006575,5.5e-05
AR8 ,G Preto,82636 ,DIV8819 ,Padron ,2019,P7,0.006575,5.5e-05
D5 ,Pêssego,47722 ,GJV9D48 ,Midiônibus ,2019,P7,0.006575,5.5e-05
D5 ,Pêssego,47720 ,GHL0735 ,Miniônibus ,2019,P7,0.006575,5.5e-05
E6 ,Grajau,61669 ,DUC0400 ,Articulado ,2019,P7,0.006575,5.5e-05
D11 ,Transwolff,78833 ,ENE4706 ,Midiônibus ,2019,P7,0.006575,5.5e-05
AR8 ,G Preto,82637 ,BSZ6241 ,Padron ,2019,P7,0.006575,5.5e-05
E6 ,Grajau,61668 ,DKR3827 ,Articulado ,2019,P7,0.006575,5.5e-05
AR8 ,G Preto,82638 ,EMY7500 ,Padron ,2019,P7,0.006575,5.5e-05
D11 ,Transwolff,78831 ,CUK2016 ,Midiônibus ,2019,P7,0.006575,5.5e-05
AR8 ,G Preto,82642 ,COC5053 ,Padron ,2019,P7,0.006575,5.5e-05
E6 ,Grajau,61667 ,ETA6664 ,Articulado ,2019,P7,0.006575,5.5e-05
AR8 ,G Preto,82643 ,ENI4244 ,Padron ,2019,P7,0.006575,5.5e-05
D5 ,Pêssego,47683 ,EHR3123 ,Midiônibus ,2019,P7,0.006575,5.5e-05
E6 ,Grajau,61666 ,BWM8453 ,Articulado ,2019,P7,0.006575,5.5e-05
D5 ,Pêssego,47738 ,EXZ8752 ,Miniônibus ,2019,P7,0.006575,5.5e-05
D9 ,A2,68274 ,ELU6159 ,Midiônibus ,2019,P7,0.006575,5.5e-05
D5 ,Pêssego,47739 ,GIS5J37 ,Miniônibus ,2019,P7,0.006575,5.5e-05
D12 ,Transcap,85570 ,EWW0898 ,Básico ,2019,P7,0.006575,5.5e-05
AR8 ,G Preto,82627 ,DYC5031 ,Padron ,2019,P7,0.006575,5.5e-05
D9 ,A2,68272 ,EOO5463 ,Midiônibus ,2019,P7,0.006575,5.5e-05
D9 ,A2,68271 ,ENU3477 ,Midiônibus ,2019,P7,0.006575,5.5e-05
E6 ,Grajau,61670 ,BZL4600 ,Articulado ,2019,P7,0.006575,5.5e-05
D9 ,A2,68290 ,EZZ9518 ,Midiônibus ,2019,P7,0.006575,5.5e-05
D5 ,Pêssego,47850 ,ELV2522 ,Midiônibus ,2019,P7,0.006575,5.5e-05
D5 ,Pêssego,47837 ,DKK3112 ,Midiônibus ,2019,P7,0.006575,5.5e-05
D5 ,Pêssego,47835 ,BZR5761 ,Miniônibus ,2019,P7,0.006575,5.5e-05
D12 ,Transcap,85572 ,DSM7440 ,Básico ,2019,P7,0.006575,5.5e-05
D5 ,Pêssego,47832 ,FBV5174 ,Miniônibus ,2019,P7,0.006575,5.5e-05
D12 ,Transcap,85571 ,EEI3890 ,Básico ,2019,P7,0.006575,5.5e-05
AR8 ,G Preto,82628 ,EGX0426 ,Padron ,2019,P7,0.006575,5.5e-05
AR8 ,G Preto,82629 ,DIE1862 ,Padron ,2019,P7,0.006575,5.5e-05
AR8 ,G Preto,82630 ,BZA3983 ,Padron ,2019,P7,0.006575,5.5e-05
D5 ,Pêssego,47802 ,DGB2053 ,Midiônibus ,2019,P7,0.006575,5.5e-05
AR8 ,G Preto,82631 ,DKH0894 ,Padron ,2019,P7,0.006575,5.5e-05
AR8 ,G Preto,82632 ,ERL4925 ,Padron ,2019,P7,0.006575,5.5e-05
AR8 ,G Preto,82633 ,EKE4077 ,Padron ,2019,P7,0.006575,5.5e-05
AR8 ,G Preto,82634 ,DEI1868 ,Padron ,2019,P7,0.006575,5.5e-05
D5 ,Pêssego,47752 ,BIB9402 ,Miniônibus ,2019,P7,0.006575,5.5e-05
AR4 ,Express,48169 ,FPO0962 ,Padron ,2019,P7,0.006575,5.5e-05
AR4 ,Express,48183 ,GIY8116 ,Padron ,2019,P7,0.006575,5.5e-05
E6 ,Grajau,61683 ,DEB4559 ,Articulado ,2019,P7,0.006575,5.5e-05
E9 ,Gatusa,76924 ,BQU3915 ,Padron ,2019,P7,0.006575,5.5e-05
E9 ,Gatusa,76925 ,EWX6897 ,Padron ,2019,P7,0.006575,5.5e-05
E5 ,Mobibrasil,63330 ,FPX2457 ,Padron ,2019,P7,0.006575,5.5e-05
D11 ,Transwolff,78849 ,GJM2398 ,Midiônibus ,2019,P7,0.006575,5.5e-05
D10 ,Transwolff,66170 ,CLX7365 ,Midiônibus ,2019,P7,0.006575,5.5e-05
D10 ,Transwolff,66930 ,EMK0461 ,Midiônibus ,2019,P7,0.006575,5.5e-05
AR4 ,Express,48346 ,BQU7120 ,Padron ,2019,P7,0.006575,5.5e-05
AR4 ,Express,48341 ,ENI6769 ,Padron ,2019,P7,0.006575,5.5e-05
E9 ,Gatusa,76926 ,FPE4715 ,Padron ,2019,P7,0.006575,5.5e-05
D12 ,Transcap,85585 ,EHZ1828 ,Básico ,2019,P7,0.006575,5.5e-05
AR4 ,Express,48335 ,EML4641 ,Padron ,2019,P7,0.006575,5.5e-05
D12 ,Transcap,85583 ,DGG7709 ,Básico ,2019,P7,0.006575,5.5e-05
D10 ,Transwolff,66108 ,GJW1629 ,Midiônibus ,2019,P7,0.006575,5.5e-05
D11 ,Transwolff,78874 ,FTV6879 ,Midiônibus ,2019,P7,0.006575,5.5e-05
D10 ,Transwolff,66932 ,DPA9693 ,Midiônibus ,2019,P7,0.006575,5.5e-05
D11 ,Transwolff,78838 ,EHR7783 ,Midiônibus ,2019,P7,0.006575,5.5e-05
D12 ,Transcap,85581 ,EOO5828 ,Básico ,2019,P7,0.006575,5.5e-05
D12 ,Transcap,85580 ,EBM0780 ,Básico ,2019,P7,0.006575,5.5e-05
E9 ,Gatusa,76927 ,EKU0188 ,Padron ,2019,P7,0.006575,5.5e-05
D11 ,Transwolff,78714 ,FJG1647 ,Básico ,2019,P7,0.006575,5.5e-05
D12 ,Transcap,85584 ,DMC9770 ,Básico ,2019,P7,0.006575,5.5e-05
D10 ,Transwolff,66934 ,DQO1984 ,Midiônibus ,2019,P7,0.006575,5.5e-05
D11 ,Transwolff,78871 ,GEV2959 ,Midiônibus ,2019,P7,0.006575,5.5e-05
AR4 ,Express,48357 ,DRG1941 ,Padron ,2019,P7,0.006575,5.5e-05
D9 ,A2,68404 ,EQM3123 ,Básico ,2019,P7,0.006575,5.5e-05
D11 ,Transwolff,78140 ,GBU7208 ,Midiônibus ,2019,P7,0.006575,5.5e-05
D10 ,Transwolff,66914 ,GHN1078 ,Básico ,2019,P7,0.006575,5.5e-05
E5 ,Mobibrasil,63328 ,GFM7327 ,Padron ,2019,P7,0.006575,5.5e-05
D9 ,A2,68401 ,EOC8769 ,Midiônibus ,2019,P7,0.006575,5.5e-05
D9 ,A2,68398 ,GDG1379 ,Midiônibus ,2019,P7,0.006575,5.5e-05
D12 ,Transcap,85587 ,EZH7057 ,Básico ,2019,P7,0.006575,5.5e-05
E5 ,Mobibrasil,63329 ,FCO4739 ,Padron ,2019,P7,0.006575,5.5e-05
D9 ,A2,68385 ,ELA9662 ,Básico ,2019,P7,0.006575,5.5e-05
AR4 ,Express,48356 ,BQU7934 ,Padron ,2019,P7,0.006575,5.5e-05
D9 ,A2,68384 ,EXW9505 ,Básico ,2019,P7,0.006575,5.5e-05
AR4 ,Express,48367 ,BUD7945 ,Padron ,2019,P7,0.006575,5.5e-05
AR4 ,Express,48366 ,BHX7023 ,Padron ,2019,P7,0.006575,5.5e-05
AR4 ,Express,48365 ,GJE6611 ,Padron ,2019,P7,0.006575,5.5e-05
AR4 ,Express,48364 ,EQG9722 ,Padron ,2019,P7,0.006575,5.5e-05
AR4 ,Express,48363 ,END7414 ,Padron ,2019,P7,0.006575,5.5e-05
D12 ,Transcap,85586 ,EBD9199 ,Básico ,2019,P7,0.006575,5.5e-05
AR4 ,Express,48360 ,CTN9494 ,Padron ,2019,P7,0.006575,5.5e-05
AR4 ,Express,48359 ,FUM7222 ,Padron ,2019,P7,0.006575,5.5e-05
AR4 ,Express,48358 ,BVT4664 ,Padron ,2019,P7,0.006575,5.5e-05
D13 ,Alfa Rodobus,86123 ,GKE9J77 ,Midiônibus ,2019,P7,0.006575,5.5e-05
D12 ,Transcap,85579 ,EZP9358 ,Básico ,2019,P7,0.006575,5.5e-05
D10 ,Transwolff,66936 ,GCW5997 ,Midiônibus ,2019,P7,0.006575,5.5e-05
AR4 ,Express,48299 ,GCI3A84 ,Padron ,2019,P7,0.006575,5.5e-05
AR4 ,Express,48235 ,EVR4445 ,Padron ,2019,P7,0.006575,5.5e-05
AR4 ,Express,48220 ,EGZ6175 ,Padron ,2019,P7,0.006575,5.5e-05
D10 ,Transwolff,66945 ,FVJ3819 ,Midiônibus ,2019,P7,0.006575,5.5e-05
E9 ,Gatusa,76934 ,BMR9240 ,Padron ,2019,P7,0.006575,5.5e-05
AR4 ,Express,48202 ,EBV1981 ,Padron ,2019,P7,0.006575,5.5e-05
AR4 ,Express,48199 ,FEM1494 ,Padron ,2019,P7,0.006575,5.5e-05
D10 ,Transwolff,66948 ,EMA7498 ,Midiônibus ,2019,P7,0.006575,5.5e-05
E9 ,Gatusa,76935 ,BQU6955 ,Padron ,2019,P7,0.006575,5.5e-05
AR4 ,Express,48195 ,FPH6065 ,Padron ,2019,P7,0.006575,5.5e-05
AR4 ,Express,48236 ,ETE0134 ,Padron ,2019,P7,0.006575,5.5e-05
AR4 ,Express,48193 ,GBD0086 ,Padron ,2019,P7,0.006575,5.5e-05
AR4 ,Express,48191 ,FSZ3602 ,Padron ,2019,P7,0.006575,5.5e-05
D12 ,Transcap,85573 ,EEM0470 ,Básico ,2019,P7,0.006575,5.5e-05
D9 ,A2,68298 ,EGJ2270 ,Midiônibus ,2019,P7,0.006575,5.5e-05
AR4 ,Express,48185 ,FVO1986 ,Padron ,2019,P7,0.006575,5.5e-05
E6 ,Grajau,61665 ,EXM3172 ,Articulado ,2019,P7,0.006575,5.5e-05
AR4 ,Express,48182 ,GAB9749 ,Padron ,2019,P7,0.006575,5.5e-05
D11 ,Transwolff,78837 ,DRU0320 ,Midiônibus ,2019,P7,0.006575,5.5e-05
D11 ,Transwolff,78836 ,EVA6399 ,Midiônibus ,2019,P7,0.006575,5.5e-05
D9 ,A2,68297 ,EPA9948 ,Midiônibus ,2019,P7,0.006575,5.5e-05
E6 ,Grajau,61684 ,DEU1410 ,Articulado ,2019,P7,0.006575,5.5e-05
D12 ,Transcap,85574 ,EOB9220 ,Básico ,2019,P7,0.006575,5.5e-05
AR4 ,Express,48242 ,BRB8872 ,Padron ,2019,P7,0.006575,5.5e-05
D10 ,Transwolff,66941 ,EVU8366 ,Midiônibus ,2019,P7,0.006575,5.5e-05
E9 ,Gatusa,76928 ,EUR9452 ,Padron ,2019,P7,0.006575,5.5e-05
D12 ,Transcap,85577 ,EQY5489 ,Básico ,2019,P7,0.006575,5.5e-05
AR4 ,Express,48292 ,FOH9757 ,Padron ,2019,P7,0.006575,5.5e-05
E9 ,Gatusa,76929 ,ERA9307 ,Padron ,2019,P7,0.006575,5.5e-05
AR4 ,Express,48287 ,BYY8816 ,Padron ,2019,P7,0.006575,5.5e-05
D10 ,Transwolff,66922 ,FXI7098 ,Midiônibus ,2019,P7,0.006575,5.5e-05
E9 ,Gatusa,76930 ,DWN6881 ,Padron ,2019,P7,0.006575,5.5e-05
AR4 ,Express,48278 ,BXR5206 ,Padron ,2019,P7,0.006575,5.5e-05
D12 ,Transcap,85576 ,EWA2548 ,Básico ,2019,P7,0.006575,5.5e-05
E9 ,Gatusa,76931 ,GGH8447 ,Padron ,2019,P7,0.006575,5.5e-05
D12 ,Transcap,85575 ,EMY8878 ,Básico ,2019,P7,0.006575,5.5e-05
D11 ,Transwolff,78719 ,GBX8075 ,Midiônibus ,2019,P7,0.006575,5.5e-05
D10 ,Transwolff,66940 ,FYX0784 ,Midiônibus ,2019,P7,0.006575,5.5e-05
AR4 ,Express,48267 ,EDM1155 ,Padron ,2019,P7,0.006575,5.5e-05
D11 ,Transwolff,78094 ,GEY5129 ,Midiônibus ,2019,P7,0.006575,5.5e-05
D9 ,A2,68345 ,FCF9584 ,Midiônibus ,2019,P7,0.006575,5.5e-05
D9 ,A2,68340 ,DPX3897 ,Midiônibus ,2019,P7,0.006575,5.5e-05
E9 ,Gatusa,76932 ,EWO0429 ,Padron ,2019,P7,0.006575,5.5e-05
D10 ,Transwolff,66118 ,GCP2879 ,Midiônibus ,2019,P7,0.006575,5.5e-05
E9 ,Gatusa,76933 ,FWR7267 ,Padron ,2019,P7,0.006575,5.5e-05
D11 ,Transwolff,78083 ,GIE0089 ,Midiônibus ,2019,P7,0.006575,5.5e-05
AR4 ,Express,48170 ,BNP9291 ,Padron ,2019,P7,0.006575,5.5e-05
AR8 ,G Preto,82647 ,BZG1352 ,Padron ,2019,P7,0.006575,5.5e-05
AR8 ,G Preto,82648 ,EDK0601 ,Padron ,2019,P7,0.006575,5.5e-05
D10 ,Transwolff,66929 ,EUO8049 ,Básico ,2019,P7,0.006575,5.5e-05
D5 ,Pêssego,47201 ,DOC5639 ,Midiônibus ,2019,P7,0.006575,5.5e-05
D10 ,Transwolff,66029 ,GEM7248 ,Básico ,2019,P7,0.006575,5.5e-05
D10 ,Transwolff,66525 ,GCL7249 ,Midiônibus ,2019,P7,0.006575,5.5e-05
D10 ,Transwolff,66030 ,GIP7269 ,Básico ,2019,P7,0.006575,5.5e-05
D10 ,Transwolff,66033 ,FDB6659 ,Midiônibus ,2019,P7,0.006575,5.5e-05
D11 ,Transwolff,78945 ,GED1199 ,Midiônibus ,2019,P7,0.006575,5.5e-05
E9 ,Gatusa,76948 ,EWW4A95 ,Padron ,2019,P7,0.006575,5.5e-05
D11 ,Transwolff,78926 ,BZK4D64 ,Midiônibus ,2019,P7,0.006575,5.5e-05
D11 ,Transwolff,78923 ,EVA5354 ,Midiônibus ,2019,P7,0.006575,5.5e-05
D10 ,Transwolff,66150 ,GDD9176 ,Midiônibus ,2019,P7,0.006575,5.5e-05
D5 ,Pêssego,47182 ,EBH7C40 ,Miniônibus ,2019,P7,0.006575,5.5e-05
D10 ,Transwolff,66988 ,GGG4289 ,Básico ,2019,P7,0.006575,5.5e-05
D11 ,Transwolff,78920 ,EXX7911 ,Midiônibus ,2019,P7,0.006575,5.5e-05
D11 ,Transwolff,78919 ,ELQ6827 ,Midiônibus ,2019,P7,0.006575,5.5e-05
E9 ,Gatusa,76958 ,EWU0B09 ,Padron ,2019,P7,0.006575,5.5e-05
D5 ,Pêssego,47177 ,BSX1518 ,Miniônibus ,2019,P7,0.006575,5.5e-05
E9 ,Gatusa,76957 ,EVU0488 ,Padron ,2019,P7,0.006575,5.5e-05
D11 ,Transwolff,78892 ,GBV6019 ,Midiônibus ,2019,P7,0.006575,5.5e-05
D5 ,Pêssego,47174 ,ENZ7933 ,Midiônibus ,2019,P7,0.006575,5.5e-05
E9 ,Gatusa,76949 ,FPM3826 ,Padron ,2019,P7,0.006575,5.5e-05
D5 ,Pêssego,47169 ,EOA8595 ,Miniônibus ,2019,P7,0.006575,5.5e-05
D5 ,Pêssego,47204 ,GBF2718 ,Miniônibus ,2019,P7,0.006575,5.5e-05
D10 ,Transwolff,66999 ,FZY3419 ,Básico ,2019,P7,0.006575,5.5e-05
D10 ,Transwolff,66981 ,FZD6419 ,Básico ,2019,P7,0.006575,5.5e-05
E9 ,Gatusa,76946 ,BXD7245 ,Padron ,2019,P7,0.006575,5.5e-05
D5 ,Pêssego,47257 ,FJP1943 ,Miniônibus ,2019,P7,0.006575,5.5e-05
D11 ,Transwolff,78983 ,GGN6539 ,Midiônibus ,2019,P7,0.006575,5.5e-05
D10 ,Transwolff,66974 ,FUJ1429 ,Básico ,2019,P7,0.006575,5.5e-05
D5 ,Pêssego,47255 ,EWU7383 ,Miniônibus ,2019,P7,0.006575,5.5e-05
D10 ,Transwolff,66155 ,FZG1959 ,Básico ,2019,P7,0.006575,5.5e-05
D11 ,Transwolff,78808 ,EUX6750 ,Midiônibus ,2019,P7,0.006575,5.5e-05
D9 ,A2,68190 ,ENN0046 ,Midiônibus ,2019,P7,0.006575,5.5e-05
D11 ,Transwolff,78810 ,EJG0540 ,Midiônibus ,2019,P7,0.006575,5.5e-05
D11 ,Transwolff,78974 ,FKC2958 ,Midiônibus ,2019,P7,0.006575,5.5e-05
E9 ,Gatusa,76943 ,CCT1869 ,Padron ,2019,P7,0.006575,5.5e-05
D5 ,Pêssego,47231 ,FPB0168 ,Midiônibus ,2019,P7,0.006575,5.5e-05
E9 ,Gatusa,76944 ,BPQ7968 ,Padron ,2019,P7,0.006575,5.5e-05
D10 ,Transwolff,66023 ,EQM9220 ,Básico ,2019,P7,0.006575,5.5e-05
D11 ,Transwolff,78973 ,GFH9593 ,Midiônibus ,2019,P7,0.006575,5.5e-05
D10 ,Transwolff,66975 ,GJH5H68 ,Midiônibus ,2019,P7,0.006575,5.5e-05
D5 ,Pêssego,47223 ,DIN9800 ,Miniônibus ,2019,P7,0.006575,5.5e-05
E9 ,Gatusa,76945 ,BSX3804 ,Padron ,2019,P7,0.006575,5.5e-05
D5 ,Pêssego,47218 ,CFZ6J44 ,Miniônibus ,2019,P7,0.006575,5.5e-05
D5 ,Pêssego,47217 ,FYO2507 ,Miniônibus ,2019,P7,0.006575,5.5e-05
E9 ,Gatusa,76959 ,GBO5643 ,Padron ,2019,P7,0.006575,5.5e-05
D11 ,Transwolff,78969 ,GGQ9936 ,Básico ,2019,P7,0.006575,5.5e-05
E9 ,Gatusa,76947 ,BVT4641 ,Padron ,2019,P7,0.006575,5.5e-05
AR7 ,Nova Paineira,75612 ,EON0G72 ,Padron ,2019,P7,0.006575,5.5e-05
D5 ,Pêssego,47163 ,EQO6980 ,Miniônibus ,2019,P7,0.006575,5.5e-05
D5 ,Pêssego,47162 ,DRI7059 ,Miniônibus ,2019,P7,0.006575,5.5e-05
D5 ,Pêssego,47117 ,FJX7336 ,Miniônibus ,2019,P7,0.006575,5.5e-05
D5 ,Pêssego,47111 ,FYF2I66 ,Miniônibus ,2019,P7,0.006575,5.5e-05
D10 ,Transwolff,66928 ,EBX9830 ,Midiônibus ,2019,P7,0.006575,5.5e-05
D10 ,Transwolff,66066 ,GGJ2139 ,Midiônibus ,2019,P7,0.006575,5.5e-05
D9 ,A2,68057 ,GDO8365 ,Midiônibus ,2019,P7,0.006575,5.5e-05
D9 ,A2,68051 ,EZY6794 ,Básico ,2019,P7,0.006575,5.5e-05
D9 ,A2,68047 ,EXN0104 ,Básico ,2019,P7,0.006575,5.5e-05
D10 ,Transwolff,66074 ,FVX1754 ,Midiônibus ,2019,P7,0.006575,5.5e-05
D5 ,Pêssego,47082 ,FSA2E09 ,Miniônibus ,2019,P7,0.006575,5.5e-05
D9 ,A2,68046 ,FLW1447 ,Básico ,2019,P7,0.006575,5.5e-05
D10 ,Transwolff,66077 ,DPM8630 ,Básico ,2019,P7,0.006575,5.5e-05
D9 ,A2,68043 ,EOZ0650 ,Básico ,2019,P7,0.006575,5.5e-05
D9 ,A2,68041 ,DCU3135 ,Midiônibus ,2019,P7,0.006575,5.5e-05
D9 ,A2,68040 ,CFZ6784 ,Midiônibus ,2019,P7,0.006575,5.5e-05
D9 ,A2,68038 ,FXW7625 ,Básico ,2019,P7,0.006575,5.5e-05
D9 ,A2,68012 ,EHW0954 ,Básico ,2019,P7,0.006575,5.5e-05
E9 ,Gatusa,76956 ,GHN3715 ,Padron ,2019,P7,0.006575,5.5e-05
D9 ,A2,68019 ,FYQ9769 ,Miniônibus ,2019,P7,0.006575,5.5e-05
D9 ,A2,68013 ,EDI9126 ,Básico ,2019,P7,0.006575,5.5e-05
D10 ,Transwolff,66080 ,FXV2849 ,Midiônibus ,2019,P7,0.006575,5.5e-05
D10 ,Transwolff,66083 ,GEA3189 ,Midiônibus ,2019,P7,0.006575,5.5e-05
E9 ,Gatusa,76955 ,EWY7182 ,Padron ,2019,P7,0.006575,5.5e-05
E9 ,Gatusa,76950 ,FII9017 ,Padron ,2019,P7,0.006575,5.5e-05
E9 ,Gatusa,76954 ,EWZ4858 ,Padron ,2019,P7,0.006575,5.5e-05
D9 ,A2,68010 ,EZG2980 ,Básico ,2019,P7,0.006575,5.5e-05
E9 ,Gatusa,76951 ,GAM6784 ,Padron ,2019,P7,0.006575,5.5e-05
D9 ,A2,68172 ,EQB7699 ,Básico ,2019,P7,0.006575,5.5e-05
D5 ,Pêssego,47155 ,GIL3G27 ,Miniônibus ,2019,P7,0.006575,5.5e-05
D9 ,A2,68158 ,GCG0296 ,Midiônibus ,2019,P7,0.006575,5.5e-05
D9 ,A2,68154 ,FWM6827 ,Midiônibus ,2019,P7,0.006575,5.5e-05
D5 ,Pêssego,47152 ,ESS6662 ,Miniônibus ,2019,P7,0.006575,5.5e-05
D9 ,A2,68001 ,EJH5280 ,Básico ,2019,P7,0.006575,5.5e-05
D9 ,A2,68133 ,BZR8366 ,Midiônibus ,2019,P7,0.006575,5.5e-05
D5 ,Pêssego,47042 ,EWJ8544 ,Midiônibus ,2019,P7,0.006575,5.5e-05
D10 ,Transwolff,66057 ,GCE5739 ,Básico ,2019,P7,0.006575,5.5e-05
D5 ,Pêssego,47045 ,FCJ6984 ,Miniônibus ,2019,P7,0.006575,5.5e-05
D5 ,Pêssego,47048 ,FZZ9817 ,Miniônibus ,2019,P7,0.006575,5.5e-05
E9 ,Gatusa,76952 ,EXV5369 ,Padron ,2019,P7,0.006575,5.5e-05
D9 ,A2,68107 ,ELO5939 ,Midiônibus ,2019,P7,0.006575,5.5e-05
D9 ,A2,68002 ,EOD6949 ,Midiônibus ,2019,P7,0.006575,5.5e-05
E9 ,Gatusa,76953 ,EZD8319 ,Padron ,2019,P7,0.006575,5.5e-05
D5 ,Pêssego,47134 ,FJB3979 ,Miniônibus ,2019,P7,0.006575,5.5e-05
D10 ,Transwolff,66059 ,FQH2329 ,Midiônibus ,2019,P7,0.006575,5.5e-05
D9 ,A2,68078 ,FOL6973 ,Miniônibus ,2019,P7,0.006575,5.5e-05
D9 ,A2,68073 ,BXD5592 ,Midiônibus ,2019,P7,0.006575,5.5e-05
D5 ,Pêssego,47125 ,FYW5C52 ,Miniônibus ,2019,P7,0.006575,5.5e-05
D10 ,Transwolff,66063 ,GCY5869 ,Midiônibus ,2019,P7,0.006575,5.5e-05
E9 ,Gatusa,76942 ,BNK5924 ,Padron ,2019,P7,0.006575,5.5e-05
D5 ,Pêssego,47259 ,FIL5256 ,Miniônibus ,2019,P7,0.006575,5.5e-05
D5 ,Pêssego,47261 ,GEP2H78 ,Miniônibus ,2019,P7,0.006575,5.5e-05
AR6 ,Mobibrasil,64338 ,FTF4438 ,Padron ,2019,P7,0.006575,5.5e-05
D5 ,Pêssego,47576 ,DQJ4222 ,Midiônibus ,2019,P7,0.006575,5.5e-05
D5 ,Pêssego,47574 ,EXD7163 ,Midiônibus ,2019,P7,0.006575,5.5e-05
AR6 ,Mobibrasil,64339 ,FNV3875 ,Padron ,2019,P7,0.006575,5.5e-05
E6 ,Grajau,61661 ,BPR4908 ,Articulado ,2019,P7,0.006575,5.5e-05
E6 ,Grajau,61660 ,BXD4647 ,Articulado ,2019,P7,0.006575,5.5e-05
E6 ,Grajau,61659 ,DEU5344 ,Articulado ,2019,P7,0.006575,5.5e-05
E6 ,Grajau,61658 ,DAJ5963 ,Articulado ,2019,P7,0.006575,5.5e-05
D5 ,Pêssego,47560 ,ELA9590 ,Miniônibus ,2019,P7,0.006575,5.5e-05
E6 ,Grajau,61657 ,BXD1732 ,Articulado ,2019,P7,0.006575,5.5e-05
AR6 ,Mobibrasil,64364 ,EMA8133 ,Padron ,2019,P7,0.006575,5.5e-05
D13 ,Alfa Rodobus,86155 ,EQI6969 ,Midiônibus ,2019,P7,0.006575,5.5e-05
E6 ,Grajau,61656 ,BRQ0771 ,Articulado ,2019,P7,0.006575,5.5e-05
AR7 ,Nova Paineira,75600 ,DRB1502 ,Padron ,2019,P7,0.006575,5.5e-05
D5 ,Pêssego,47549 ,FWN7J98 ,Miniônibus ,2019,P7,0.006575,5.5e-05
E6 ,Grajau,61655 ,EGU9720 ,Articulado ,2019,P7,0.006575,5.5e-05
AR7 ,Nova Paineira,75601 ,EBC0431 ,Padron ,2019,P7,0.006575,5.5e-05
AR7 ,Nova Paineira,75602 ,CUA3095 ,Padron ,2019,P7,0.006575,5.5e-05
AR7 ,Nova Paineira,75603 ,EHL5863 ,Padron ,2019,P7,0.006575,5.5e-05
AR7 ,Nova Paineira,75604 ,EOY8964 ,Padron ,2019,P7,0.006575,5.5e-05
D11 ,Transwolff,78830 ,CJA5423 ,Midiônibus ,2019,P7,0.006575,5.5e-05
AR6 ,Mobibrasil,64323 ,GHN9802 ,Padron ,2019,P7,0.006575,5.5e-05
D5 ,Pêssego,47400 ,BRY6297 ,Miniônibus ,2019,P7,0.006575,5.5e-05
D9 ,A2,68251 ,ESP5I19 ,Midiônibus ,2019,P7,0.006575,5.5e-05
D5 ,Pêssego,47589 ,EWC2J58 ,Miniônibus ,2019,P7,0.006575,5.5e-05
D5 ,Pêssego,47662 ,EKD8918 ,Miniônibus ,2019,P7,0.006575,5.5e-05
D5 ,Pêssego,47654 ,FTF1757 ,Miniônibus ,2019,P7,0.006575,5.5e-05
D5 ,Pêssego,47653 ,EUP0219 ,Miniônibus ,2019,P7,0.006575,5.5e-05
AR8 ,G Preto,82649 ,EPC1293 ,Padron ,2019,P7,0.006575,5.5e-05
AR8 ,G Preto,82650 ,DCU5060 ,Padron ,2019,P7,0.006575,5.5e-05
AR8 ,G Preto,82651 ,DIM6310 ,Padron ,2019,P7,0.006575,5.5e-05
E6 ,Grajau,61664 ,CUL8451 ,Articulado ,2019,P7,0.006575,5.5e-05
D9 ,A2,68254 ,EBB4259 ,Básico ,2019,P7,0.006575,5.5e-05
D5 ,Pêssego,47617 ,EGS6281 ,Midiônibus ,2019,P7,0.006575,5.5e-05
AR8 ,G Preto,82652 ,EXN8721 ,Padron ,2019,P7,0.006575,5.5e-05
D5 ,Pêssego,47612 ,EVU2288 ,Miniônibus ,2019,P7,0.006575,5.5e-05
AR8 ,G Preto,82653 ,BYJ6843 ,Padron ,2019,P7,0.006575,5.5e-05
D12 ,Transcap,85568 ,DBC3648 ,Básico ,2019,P7,0.006575,5.5e-05
D5 ,Pêssego,47606 ,GGT3496 ,Miniônibus ,2019,P7,0.006575,5.5e-05
D5 ,Pêssego,47604 ,DOG1630 ,Midiônibus ,2019,P7,0.006575,5.5e-05
AR6 ,Mobibrasil,64320 ,FNK4206 ,Padron ,2019,P7,0.006575,5.5e-05
E6 ,Grajau,61663 ,ELJ5830 ,Articulado ,2019,P7,0.006575,5.5e-05
AR8 ,G Preto,82654 ,ETZ6924 ,Padron ,2019,P7,0.006575,5.5e-05
AR8 ,G Preto,82655 ,DSA9132 ,Padron ,2019,P7,0.006575,5.5e-05
E6 ,Grajau,61662 ,EFC9829 ,Articulado ,2019,P7,0.006575,5.5e-05
D5 ,Pêssego,47591 ,EUR6103 ,Miniônibus ,2019,P7,0.006575,5.5e-05
AR6 ,Mobibrasil,64321 ,FGX7D41 ,Padron ,2019,P7,0.006575,5.5e-05
AR7 ,Nova Paineira,75605 ,GCO6387 ,Padron ,2019,P7,0.006575,5.5e-05
AR7 ,Nova Paineira,75606 ,CCU4606 ,Padron ,2019,P7,0.006575,5.5e-05
D13 ,Alfa Rodobus,86153 ,FPG0354 ,Midiônibus ,2019,P7,0.006575,5.5e-05
AR6 ,Mobibrasil,64845 ,FZK5839 ,Miniônibus ,2019,P7,0.006575,5.5e-05
D10 ,Transwolff,66968 ,CKU1456 ,Midiônibus ,2019,P7,0.006575,5.5e-05
E9 ,Gatusa,76937 ,BSZ4302 ,Padron ,2019,P7,0.006575,5.5e-05
AR7 ,Nova Paineira,75608 ,FWA8E75 ,Padron ,2019,P7,0.006575,5.5e-05
D11 ,Transwolff,78773 ,FVO9E27 ,Básico ,2019,P7,0.006575,5.5e-05
E9 ,Gatusa,76938 ,BZB9785 ,Padron ,2019,P7,0.006575,5.5e-05
AR6 ,Mobibrasil,64846 ,FPO9418 ,Miniônibus ,2019,P7,0.006575,5.5e-05
D11 ,Transwolff,78785 ,GIC3349 ,Midiônibus ,2019,P7,0.006575,5.5e-05
E9 ,Gatusa,76939 ,BYI5276 ,Padron ,2019,P7,0.006575,5.5e-05
AR7 ,Nova Paineira,75609 ,ENU5A64 ,Padron ,2019,P7,0.006575,5.5e-05
D5 ,Pêssego,47280 ,EME5462 ,Midiônibus ,2019,P7,0.006575,5.5e-05
AR7 ,Nova Paineira,75610 ,FZN8E73 ,Padron ,2019,P7,0.006575,5.5e-05
E9 ,Gatusa,76940 ,BOZ5464 ,Padron ,2019,P7,0.006575,5.5e-05
D10 ,Transwolff,66002 ,FME4402 ,Midiônibus ,2019,P7,0.006575,5.5e-05
D5 ,Pêssego,47019 ,DSV3269 ,Miniônibus ,2019,P7,0.006575,5.5e-05
D5 ,Pêssego,47268 ,EMN2J61 ,Miniônibus ,2019,P7,0.006575,5.5e-05
E9 ,Gatusa,76941 ,COJ7021 ,Padron ,2019,P7,0.006575,5.5e-05
D11 ,Transwolff,78807 ,EXL8906 ,Midiônibus ,2019,P7,0.006575,5.5e-05
AR7 ,Nova Paineira,75611 ,FWG2A91 ,Padron ,2019,P7,0.006575,5.5e-05
D5 ,Pêssego,47262 ,GGD4569 ,Miniônibus ,2019,P7,0.006575,5.5e-05
D10 ,Transwolff,66973 ,BSY8609 ,Básico ,2019,P7,0.006575,5.5e-05
E9 ,Gatusa,76936 ,BYI3084 ,Padron ,2019,P7,0.006575,5.5e-05
AR7 ,Nova Paineira,75607 ,CUI3I66 ,Padron ,2019,P7,0.006575,5.5e-05
D11 ,Transwolff,78771 ,GEK4909 ,Básico ,2019,P7,0.006575,5.5e-05
D5 ,Pêssego,47016 ,FCZ9I66 ,Miniônibus ,2019,P7,0.006575,5.5e-05
D12 ,Transcap,85567 ,BYJ4464 ,Básico ,2019,P7,0.006575,5.5e-05
D10 ,Transwolff,66161 ,EZY7560 ,Básico ,2019,P7,0.006575,5.5e-05
D9 ,A2,68225 ,GBK0624 ,Midiônibus ,2019,P7,0.006575,5.5e-05
E5 ,Mobibrasil,63331 ,GGT3658 ,Padron ,2019,P7,0.006575,5.5e-05
D10 ,Transwolff,66157 ,GJT4898 ,Básico ,2019,P7,0.006575,5.5e-05
D11 ,Transwolff,78748 ,FZM6519 ,Midiônibus ,2019,P7,0.006575,5.5e-05
D11 ,Transwolff,78829 ,DEM1932 ,Midiônibus ,2019,P7,0.006575,5.5e-05
D12 ,Transcap,85566 ,EGU5047 ,Básico ,2019,P7,0.006575,5.5e-05
D5 ,Pêssego,47353 ,GFK3779 ,Miniônibus ,2019,P7,0.006575,5.5e-05
D5 ,Pêssego,47339 ,GGC5039 ,Miniônibus ,2019,P7,0.006575,5.5e-05
D10 ,Transwolff,66169 ,EBC9649 ,Básico ,2019,P7,0.006575,5.5e-05
D10 ,Transwolff,66957 ,GBC5499 ,Midiônibus ,2019,P7,0.006575,5.5e-05
D11 ,Transwolff,78768 ,GFY8058 ,Midiônibus ,2019,P7,0.006575,5.5e-05
D12 ,Transcap,85564 ,EWW0938 ,Básico ,2019,P7,0.006575,5.5e-05
D5 ,Pêssego,47331 ,DIC7502 ,Midiônibus ,2019,P7,0.006575,5.5e-05
D5 ,Pêssego,47318 ,CRJ2999 ,Miniônibus ,2019,P7,0.006575,5.5e-05
D5 ,Pêssego,47316 ,GGF9834 ,Miniônibus ,2019,P7,0.006575,5.5e-05
D10 ,Transwolff,66959 ,FWY4448 ,Básico ,2019,P7,0.006575,5.5e-05
D5 ,Pêssego,47312 ,FJX8353 ,Miniônibus ,2019,P7,0.006575,5.5e-05
D12 ,Transcap,85562 ,GGZ5508 ,Básico ,2019,P7,0.006575,5.5e-05
D5 ,Pêssego,47310 ,EWC8663 ,Miniônibus ,2019,P7,0.006575,5.5e-05
D11 ,Transwolff,78770 ,GJD2047 ,Midiônibus ,2019,P7,0.006575,5.5e-05
D11 ,Transwolff,78756 ,FZR0269 ,Midiônibus ,2019,P7,0.006575,5.5e-05
D8 ,Movebuss,55135 ,GJV1245 ,Midiônibus ,2019,P7,0.006575,5.5e-05
D13 ,Alfa Rodobus,86070 ,DNA8224 ,Midiônibus ,2019,P7,0.006575,5.5e-05
D11 ,Transwolff,78708 ,FVW2159 ,Midiônibus ,2019,P7,0.006575,5.5e-05
E4 ,Via Sudeste,52140 ,DYI2402 ,Articulado ,2019,P7,0.006575,5.5e-05
E4 ,Via Sudeste,52141 ,ELU0284 ,Articulado ,2019,P7,0.006575,5.5e-05
D12 ,Transcap,85607 ,EBY8884 ,Básico ,2019,P7,0.006575,5.5e-05
D12 ,Transcap,85606 ,ECW4846 ,Básico ,2019,P7,0.006575,5.5e-05
D12 ,Transcap,85605 ,EKD6163 ,Básico ,2019,P7,0.006575,5.5e-05
D10 ,Transwolff,66289 ,DCU7871 ,Midiônibus ,2019,P7,0.006575,5.5e-05
E4 ,Via Sudeste,52142 ,EBR7209 ,Articulado ,2019,P7,0.006575,5.5e-05
D9 ,A2,68752 ,GDD9829 ,Miniônibus ,2019,P7,0.006575,5.5e-05
E4 ,Via Sudeste,52143 ,DWX0410 ,Articulado ,2019,P7,0.006575,5.5e-05
D9 ,A2,68731 ,FRW9578 ,Midiônibus ,2019,P7,0.006575,5.5e-05
D8 ,Movebuss,55082 ,FNB6354 ,Midiônibus ,2019,P7,0.006575,5.5e-05
D11 ,Transwolff,78427 ,GGG4052 ,Midiônibus ,2019,P7,0.006575,5.5e-05
D10 ,Transwolff,66115 ,FTC4199 ,Básico ,2019,P7,0.006575,5.5e-05
E4 ,Via Sudeste,52145 ,DXV3582 ,Articulado ,2019,P7,0.006575,5.5e-05
D10 ,Transwolff,66736 ,GIJ4218 ,Midiônibus ,2019,P7,0.006575,5.5e-05
D8 ,Movebuss,55074 ,FHE1924 ,Midiônibus ,2019,P7,0.006575,5.5e-05
D10 ,Transwolff,66468 ,GDS9278 ,Básico ,2019,P7,0.006575,5.5e-05
E4 ,Via Sudeste,52146 ,BZK6273 ,Articulado ,2019,P7,0.006575,5.5e-05
D10 ,Transwolff,66471 ,EGK4573 ,Midiônibus ,2019,P7,0.006575,5.5e-05
E4 ,Via Sudeste,52147 ,DBN5353 ,Articulado ,2019,P7,0.006575,5.5e-05
D10 ,Transwolff,66278 ,EQV5170 ,Básico ,2019,P7,0.006575,5.5e-05
D8 ,Movebuss,55226 ,FWS0A49 ,Midiônibus ,2019,P7,0.006575,5.5e-05
D10 ,Transwolff,66276 ,GGO1309 ,Midiônibus ,2019,P7,0.006575,5.5e-05
D10 ,Transwolff,66275 ,FXO1739 ,Básico ,2019,P7,0.006575,5.5e-05
E4 ,Via Sudeste,52144 ,ECG5341 ,Articulado ,2019,P7,0.006575,5.5e-05
D10 ,Transwolff,66292 ,ETU5256 ,Midiônibus ,2019,P7,0.006575,5.5e-05
E8 ,Transppass,81268 ,EXD0065 ,Padron ,2019,P7,0.006575,5.5e-05
E8 ,Transppass,81267 ,FIG3905 ,Padron ,2019,P7,0.006575,5.5e-05
D12 ,Transcap,85611 ,EOQ0664 ,Midiônibus ,2019,P7,0.006575,5.5e-05
D12 ,Transcap,85610 ,EPA7910 ,Midiônibus ,2019,P7,0.006575,5.5e-05
D12 ,Transcap,85608 ,ENN9027 ,Básico ,2019,P7,0.006575,5.5e-05
E8 ,Transppass,81230 ,EFX0475 ,Padron ,2019,P7,0.006575,5.5e-05
D10 ,Transwolff,66325 ,GFY6869 ,Midiônibus ,2019,P7,0.006575,5.5e-05
D9 ,A2,68761 ,FOF1249 ,Miniônibus ,2019,P7,0.006575,5.5e-05
D8 ,Movebuss,55206 ,FXK1C73 ,Midiônibus ,2019,P7,0.006575,5.5e-05
E8 ,Transppass,81244 ,ELB0389 ,Padron ,2019,P7,0.006575,5.5e-05
D10 ,Transwolff,66447 ,GJZ3788 ,Midiônibus ,2019,P7,0.006575,5.5e-05
E8 ,Transppass,81246 ,EYK7031 ,Padron ,2019,P7,0.006575,5.5e-05
E8 ,Transppass,81248 ,FWM1765 ,Padron ,2019,P7,0.006575,5.5e-05
E8 ,Transppass,81249 ,EBM7379 ,Padron ,2019,P7,0.006575,5.5e-05
D8 ,Movebuss,55211 ,BSY3136 ,Miniônibus ,2019,P7,0.006575,5.5e-05
D8 ,Movebuss,55212 ,FMH1939 ,Midiônibus ,2019,P7,0.006575,5.5e-05
D10 ,Transwolff,66304 ,FVX0947 ,Midiônibus ,2019,P7,0.006575,5.5e-05
E4 ,Via Sudeste,52139 ,BWW8507 ,Articulado ,2019,P7,0.006575,5.5e-05
E8 ,Transppass,81256 ,DKH8855 ,Padron ,2019,P7,0.006575,5.5e-05
E8 ,Transppass,81257 ,ETK2201 ,Padron ,2019,P7,0.006575,5.5e-05
E8 ,Transppass,81259 ,CMK0645 ,Padron ,2019,P7,0.006575,5.5e-05
D10 ,Transwolff,66302 ,GBQ3749 ,Básico ,2019,P7,0.006575,5.5e-05
D10 ,Transwolff,66298 ,GGG2867 ,Básico ,2019,P7,0.006575,5.5e-05
D10 ,Transwolff,66732 ,FZB4149 ,Básico ,2019,P7,0.006575,5.5e-05
E8 ,Transppass,81264 ,EQU4245 ,Padron ,2019,P7,0.006575,5.5e-05
D10 ,Transwolff,66294 ,FVB6118 ,Básico ,2019,P7,0.006575,5.5e-05
E8 ,Transppass,81266 ,EXW6555 ,Padron ,2019,P7,0.006575,5.5e-05
E4 ,Via Sudeste,52148 ,BZL6654 ,Articulado ,2019,P7,0.006575,5.5e-05
D12 ,Transcap,85612 ,EFW9056 ,Midiônibus ,2019,P7,0.006575,5.5e-05
D10 ,Transwolff,66271 ,GDM7059 ,Básico ,2019,P7,0.006575,5.5e-05
D10 ,Transwolff,66270 ,GHY9369 ,Básico ,2019,P7,0.006575,5.5e-05
D9 ,A2,68864 ,EVV1820 ,Midiônibus ,2019,P7,0.006575,5.5e-05
D8 ,Movebuss,55284 ,EEE4523 ,Midiônibus ,2019,P7,0.006575,5.5e-05
E4 ,Via Sudeste,52152 ,DII7288 ,Articulado ,2019,P7,0.006575,5.5e-05
D9 ,A2,68871 ,EFW1199 ,Midiônibus ,2019,P7,0.006575,5.5e-05
D8 ,Movebuss,55289 ,FUE0A31 ,Midiônibus ,2019,P7,0.006575,5.5e-05
D8 ,Movebuss,55292 ,ENZ3H55 ,Midiônibus ,2019,P7,0.006575,5.5e-05
D11 ,Transwolff,78395 ,GEH1229 ,Midiônibus ,2019,P7,0.006575,5.5e-05
D8 ,Movebuss,55044 ,EZL4400 ,Midiônibus ,2019,P7,0.006575,5.5e-05
D11 ,Transwolff,78383 ,BSY9132 ,Midiônibus ,2019,P7,0.006575,5.5e-05
D11 ,Transwolff,78378 ,GFE2419 ,Básico ,2019,P7,0.006575,5.5e-05
E4 ,Via Sudeste,52153 ,CTR5260 ,Articulado ,2019,P7,0.006575,5.5e-05
D8 ,Movebuss,55061 ,EXN7004 ,Midiônibus ,2019,P7,0.006575,5.5e-05
E4 ,Via Sudeste,52154 ,CUG3523 ,Articulado ,2019,P7,0.006575,5.5e-05
E5 ,Mobibrasil,63356 ,EZX2882 ,Padron ,2019,P7,0.006575,5.5e-05
E5 ,Mobibrasil,63357 ,ENU9335 ,Padron ,2019,P7,0.006575,5.5e-05
D11 ,Transwolff,78366 ,GEF0179 ,Midiônibus ,2019,P7,0.006575,5.5e-05
E5 ,Mobibrasil,63359 ,EZE5058 ,Padron ,2019,P7,0.006575,5.5e-05
E5 ,Mobibrasil,63360 ,ELA7472 ,Padron ,2019,P7,0.006575,5.5e-05
E5 ,Mobibrasil,63361 ,ENG7173 ,Padron ,2019,P7,0.006575,5.5e-05
E9 ,Gatusa,76094 ,FYP3F65 ,Padron ,2019,P7,0.006575,5.5e-05
E9 ,Gatusa,76095 ,BYZ7E83 ,Padron ,2019,P7,0.006575,5.5e-05
D10 ,Transwolff,66486 ,GHN1378 ,Midiônibus ,2019,P7,0.006575,5.5e-05
E4 ,Via Sudeste,52155 ,CUH7995 ,Articulado ,2019,P7,0.006575,5.5e-05
D9 ,A2,68873 ,FKH8479 ,Miniônibus ,2019,P7,0.006575,5.5e-05
E9 ,Gatusa,76093 ,FZP9J07 ,Padron ,2019,P7,0.006575,5.5e-05
D8 ,Movebuss,55274 ,EXA7744 ,Midiônibus ,2019,P7,0.006575,5.5e-05
D8 ,Movebuss,55269 ,ELW1961 ,Midiônibus ,2019,P7,0.006575,5.5e-05
E4 ,Via Sudeste,52151 ,BYW2755 ,Articulado ,2019,P7,0.006575,5.5e-05
E4 ,Via Sudeste,52150 ,DCU3966 ,Articulado ,2019,P7,0.006575,5.5e-05
D10 ,Transwolff,66752 ,BNI7060 ,Midiônibus ,2019,P7,0.006575,5.5e-05
D8 ,Movebuss,55236 ,EYU4536 ,Miniônibus ,2019,P7,0.006575,5.5e-05
D8 ,Movebuss,55246 ,GBU1C13 ,Midiônibus ,2019,P7,0.006575,5.5e-05
D11 ,Transwolff,78408 ,GGX5623 ,Midiônibus ,2019,P7,0.006575,5.5e-05
D10 ,Transwolff,66479 ,DGA1880 ,Básico ,2019,P7,0.006575,5.5e-05
D10 ,Transwolff,66755 ,DBO8929 ,Básico ,2019,P7,0.006575,5.5e-05
D8 ,Movebuss,55252 ,FWI2204 ,Midiônibus ,2019,P7,0.006575,5.5e-05
D8 ,Movebuss,55253 ,DST1934 ,Midiônibus ,2019,P7,0.006575,5.5e-05
D12 ,Transcap,85604 ,EWU0046 ,Básico ,2019,P7,0.006575,5.5e-05
D12 ,Transcap,85603 ,EEX1441 ,Básico ,2019,P7,0.006575,5.5e-05
D12 ,Transcap,85602 ,ENG1228 ,Básico ,2019,P7,0.006575,5.5e-05
D12 ,Transcap,85601 ,EWL1006 ,Básico ,2019,P7,0.006575,5.5e-05
D12 ,Transcap,85600 ,EUA1470 ,Básico ,2019,P7,0.006575,5.5e-05
D12 ,Transcap,85599 ,ELE6717 ,Básico ,2019,P7,0.006575,5.5e-05
D12 ,Transcap,85598 ,ELQ7779 ,Básico ,2019,P7,0.006575,5.5e-05
D12 ,Transcap,85596 ,EVW3976 ,Básico ,2019,P7,0.006575,5.5e-05
D12 ,Transcap,85595 ,ESR8326 ,Básico ,2019,P7,0.006575,5.5e-05
D12 ,Transcap,85594 ,EXW6856 ,Básico ,2019,P7,0.006575,5.5e-05
D12 ,Transcap,85593 ,EGJ4698 ,Básico ,2019,P7,0.006575,5.5e-05
D10 ,Transwolff,66265 ,EZZ7798 ,Midiônibus ,2019,P7,0.006575,5.5e-05
D8 ,Movebuss,55256 ,END1699 ,Midiônibus ,2019,P7,0.006575,5.5e-05
D8 ,Movebuss,55257 ,GGV5167 ,Miniônibus ,2019,P7,0.006575,5.5e-05
D10 ,Transwolff,66761 ,DUF6J17 ,Midiônibus ,2019,P7,0.006575,5.5e-05
D10 ,Transwolff,66765 ,EOB2677 ,Midiônibus ,2019,P7,0.006575,5.5e-05
E4 ,Via Sudeste,52149 ,BZR9717 ,Articulado ,2019,P7,0.006575,5.5e-05
AR5 ,Via Sudeste,51224 ,CUG9725 ,Articulado ,2019,P7,0.006575,5.5e-05
AR5 ,Via Sudeste,51225 ,DSK8251 ,Articulado ,2019,P7,0.006575,5.5e-05
AR5 ,Via Sudeste,51226 ,DGX1752 ,Articulado ,2019,P7,0.006575,5.5e-05
D10 ,Transwolff,66701 ,FBP1052 ,Básico ,2019,P7,0.006575,5.5e-05
D9 ,A2,68857 ,EQL0870 ,Midiônibus ,2019,P7,0.006575,5.5e-05
D10 ,Transwolff,66437 ,FSX5G68 ,Midiônibus ,2019,P7,0.006575,5.5e-05
D8 ,Movebuss,55176 ,GEO8084 ,Midiônibus ,2019,P7,0.006575,5.5e-05
AR9 ,C Belo,72583 ,EKU1758 ,Padron ,2019,P7,0.006575,5.5e-05
E4 ,Via Sudeste,52134 ,BYW2120 ,Articulado ,2019,P7,0.006575,5.5e-05
E4 ,Via Sudeste,52029 ,CKH7173 ,Padron ,2019,P7,0.006575,5.5e-05
E4 ,Via Sudeste,52028 ,BOL3363 ,Padron ,2019,P7,0.006575,5.5e-05
E4 ,Via Sudeste,52027 ,EID0B06 ,Padron ,2019,P7,0.006575,5.5e-05
D10 ,Transwolff,66702 ,CPA8115 ,Midiônibus ,2019,P7,0.006575,5.5e-05
D10 ,Transwolff,66336 ,EMC6336 ,Midiônibus ,2019,P7,0.006575,5.5e-05
D8 ,Movebuss,55167 ,FZX1947 ,Midiônibus ,2019,P7,0.006575,5.5e-05
E4 ,Via Sudeste,52026 ,BSZ1E09 ,Padron ,2019,P7,0.006575,5.5e-05
E4 ,Via Sudeste,52024 ,CCU0C45 ,Padron ,2019,P7,0.006575,5.5e-05
E4 ,Via Sudeste,52023 ,BXZ8H74 ,Padron ,2019,P7,0.006575,5.5e-05
AR9 ,C Belo,72584 ,DAS2082 ,Padron ,2019,P7,0.006575,5.5e-05
E4 ,Via Sudeste,52022 ,BZL4A83 ,Padron ,2019,P7,0.006575,5.5e-05
E4 ,Via Sudeste,52021 ,EJT5J21 ,Padron ,2019,P7,0.006575,5.5e-05
E4 ,Via Sudeste,52020 ,CQU0C10 ,Padron ,2019,P7,0.006575,5.5e-05
AR9 ,C Belo,72585 ,CRP3117 ,Padron ,2019,P7,0.006575,5.5e-05
D10 ,Transwolff,66704 ,GEP1799 ,Midiônibus ,2019,P7,0.006575,5.5e-05
AR9 ,C Belo,72586 ,BYW9449 ,Padron ,2019,P7,0.006575,5.5e-05
E4 ,Via Sudeste,52019 ,EUH6H79 ,Padron ,2019,P7,0.006575,5.5e-05
E4 ,Via Sudeste,52018 ,EOD9C18 ,Padron ,2019,P7,0.006575,5.5e-05
E4 ,Via Sudeste,52025 ,CKU6A57 ,Padron ,2019,P7,0.006575,5.5e-05
D11 ,Transwolff,78467 ,FMS1619 ,Midiônibus ,2019,P7,0.006575,5.5e-05
D10 ,Transwolff,66697 ,ESP9690 ,Básico ,2019,P7,0.006575,5.5e-05
D8 ,Movebuss,55163 ,GBB5233 ,Miniônibus ,2019,P7,0.006575,5.5e-05
D8 ,Movebuss,55140 ,DDY6040 ,Miniônibus ,2019,P7,0.006575,5.5e-05
D10 ,Transwolff,66651 ,DII6332 ,Midiônibus ,2019,P7,0.006575,5.5e-05
D9 ,A2,68853 ,FCC5188 ,Midiônibus ,2019,P7,0.006575,5.5e-05
D8 ,Movebuss,55110 ,GFU4422 ,Midiônibus ,2019,P7,0.006575,5.5e-05
D11 ,Transwolff,78503 ,GIQ2029 ,Midiônibus ,2019,P7,0.006575,5.5e-05
D8 ,Movebuss,55104 ,DVS8689 ,Midiônibus ,2019,P7,0.006575,5.5e-05
D11 ,Transwolff,78502 ,GFK6539 ,Midiônibus ,2019,P7,0.006575,5.5e-05
D10 ,Transwolff,66665 ,EST8730 ,Midiônibus ,2019,P7,0.006575,5.5e-05
D9 ,A2,68816 ,ESS4619 ,Midiônibus ,2019,P7,0.006575,5.5e-05
D8 ,Movebuss,55103 ,GGS4922 ,Midiônibus ,2019,P7,0.006575,5.5e-05
D11 ,Transwolff,78541 ,FCO8E78 ,Básico ,2019,P7,0.006575,5.5e-05
D8 ,Movebuss,55152 ,BYY1904 ,Midiônibus ,2019,P7,0.006575,5.5e-05
D10 ,Transwolff,66413 ,GCP5209 ,Midiônibus ,2019,P7,0.006575,5.5e-05
D10 ,Transwolff,66670 ,GHP4643 ,Midiônibus ,2019,P7,0.006575,5.5e-05
D10 ,Transwolff,66386 ,FVX4247 ,Básico ,2019,P7,0.006575,5.5e-05
D10 ,Transwolff,66681 ,BYZ8993 ,Midiônibus ,2019,P7,0.006575,5.5e-05
D10 ,Transwolff,66376 ,EUY3460 ,Básico ,2019,P7,0.006575,5.5e-05
AR9 ,C Belo,72582 ,ETH0881 ,Padron ,2019,P7,0.006575,5.5e-05
D10 ,Transwolff,66690 ,FYV8645 ,Midiônibus ,2019,P7,0.006575,5.5e-05
D8 ,Movebuss,55095 ,BZB9F50 ,Midiônibus ,2019,P7,0.006575,5.5e-05
D10 ,Transwolff,66368 ,GJF9869 ,Midiônibus ,2019,P7,0.006575,5.5e-05
D10 ,Transwolff,66361 ,FIJ3G19 ,Midiônibus ,2019,P7,0.006575,5.5e-05
D9 ,A2,68808 ,GAU3058 ,Miniônibus ,2019,P7,0.006575,5.5e-05
D10 ,Transwolff,66355 ,GKC3549 ,Midiônibus ,2019,P7,0.006575,5.5e-05
D10 ,Transwolff,66354 ,FOS4129 ,Básico ,2019,P7,0.006575,5.5e-05
E4 ,Via Sudeste,52017 ,BKU4A37 ,Padron ,2019,P7,0.006575,5.5e-05
D8 ,Movebuss,55187 ,EKH5225 ,Midiônibus ,2019,P7,0.006575,5.5e-05
E4 ,Via Sudeste,52016 ,EVF3I46 ,Padron ,2019,P7,0.006575,5.5e-05
E4 ,Via Sudeste,52015 ,BSZ2J05 ,Padron ,2019,P7,0.006575,5.5e-05
D8 ,Movebuss,55203 ,FNY1943 ,Miniônibus ,2019,P7,0.006575,5.5e-05
D12 ,Transcap,85623 ,EUM5I55 ,Básico ,2019,P7,0.006575,5.5e-05
D12 ,Transcap,85619 ,EME6941 ,Básico ,2019,P7,0.006575,5.5e-05
D8 ,Movebuss,55204 ,ELU4436 ,Midiônibus ,2019,P7,0.006575,5.5e-05
E8 ,Transppass,81140 ,ECA9821 ,Padron ,2019,P7,0.006575,5.5e-05
E8 ,Transppass,81150 ,ETP8491 ,Padron ,2019,P7,0.006575,5.5e-05
E8 ,Transppass,81156 ,CSN0385 ,Padron ,2019,P7,0.006575,5.5e-05
E8 ,Transppass,81157 ,EQL6879 ,Padron ,2019,P7,0.006575,5.5e-05
E4 ,Via Sudeste,52138 ,CUF7696 ,Articulado ,2019,P7,0.006575,5.5e-05
E8 ,Transppass,81160 ,DYH2421 ,Padron ,2019,P7,0.006575,5.5e-05
E8 ,Transppass,81170 ,CMA8231 ,Padron ,2019,P7,0.006575,5.5e-05
E8 ,Transppass,81200 ,GHX6989 ,Padron ,2019,P7,0.006575,5.5e-05
E8 ,Transppass,81210 ,EZX9885 ,Padron ,2019,P7,0.006575,5.5e-05
D12 ,Transcap,85618 ,EKB5134 ,Midiônibus ,2019,P7,0.006575,5.5e-05
D12 ,Transcap,85614 ,EPU3363 ,Midiônibus ,2019,P7,0.006575,5.5e-05
E8 ,Transppass,81220 ,EZX3549 ,Padron ,2019,P7,0.006575,5.5e-05
E8 ,Transppass,81224 ,EOA9561 ,Padron ,2019,P7,0.006575,5.5e-05
D12 ,Transcap,85613 ,EZX9509 ,Midiônibus ,2019,P7,0.006575,5.5e-05
AR5 ,Via Sudeste,51233 ,DCU7110 ,Articulado ,2019,P7,0.006575,5.5e-05
AR5 ,Via Sudeste,51232 ,BPZ9322 ,Articulado ,2019,P7,0.006575,5.5e-05
AR5 ,Via Sudeste,51231 ,ELO6003 ,Articulado ,2019,P7,0.006575,5.5e-05
AR5 ,Via Sudeste,51230 ,ERR8374 ,Articulado ,2019,P7,0.006575,5.5e-05
AR5 ,Via Sudeste,51229 ,DUB4402 ,Articulado ,2019,P7,0.006575,5.5e-05
AR5 ,Via Sudeste,51228 ,CGT0741 ,Articulado ,2019,P7,0.006575,5.5e-05
AR5 ,Via Sudeste,51227 ,BXR8779 ,Articulado ,2019,P7,0.006575,5.5e-05
E4 ,Via Sudeste,52137 ,CUD0664 ,Articulado ,2019,P7,0.006575,5.5e-05
D10 ,Transwolff,66502 ,FSF6169 ,Midiônibus ,2019,P7,0.006575,5.5e-05
D10 ,Transwolff,66440 ,FUX6729 ,Básico ,2019,P7,0.006575,5.5e-05
E4 ,Via Sudeste,52136 ,DTP2483 ,Articulado ,2019,P7,0.006575,5.5e-05
D8 ,Movebuss,55188 ,EHR4008 ,Midiônibus ,2019,P7,0.006575,5.5e-05
E4 ,Via Sudeste,52135 ,DUC7342 ,Articulado ,2019,P7,0.006575,5.5e-05
D12 ,Transcap,85626 ,EJC7887 ,Midiônibus ,2019,P7,0.006575,5.5e-05
D10 ,Transwolff,66335 ,EXW0325 ,Midiônibus ,2019,P7,0.006575,5.5e-05
E4 ,Via Sudeste,52014 ,CCU0A54 ,Padron ,2019,P7,0.006575,5.5e-05
D12 ,Transcap,85625 ,EFV4255 ,Básico ,2019,P7,0.006575,5.5e-05
D12 ,Transcap,85624 ,EQI5444 ,Básico ,2019,P7,0.006575,5.5e-05
E4 ,Via Sudeste,52013 ,BMY6E03 ,Padron ,2019,P7,0.006575,5.5e-05
E4 ,Via Sudeste,52011 ,DGY7B81 ,Padron ,2019,P7,0.006575,5.5e-05
E4 ,Via Sudeste,52009 ,DFS0C53 ,Padron ,2019,P7,0.006575,5.5e-05
E4 ,Via Sudeste,52008 ,BXD8285 ,Padron ,2019,P7,0.006575,5.5e-05
E4 ,Via Sudeste,52006 ,BOQ3369 ,Padron ,2019,P7,0.006575,5.5e-05
E4 ,Via Sudeste,52005 ,DCU4868 ,Padron ,2019,P7,0.006575,5.5e-05
E4 ,Via Sudeste,52004 ,COJ8217 ,Padron ,2019,P7,0.006575,5.5e-05
E4 ,Via Sudeste,52003 ,CUA4545 ,Padron ,2019,P7,0.006575,5.5e-05
E4 ,Via Sudeste,52002 ,BYQ4062 ,Padron ,2019,P7,0.006575,5.5e-05
E4 ,Via Sudeste,52001 ,DZC8021 ,Padron ,2019,P7,0.006575,5.5e-05
AR5 ,Via Sudeste,51599 ,ELA8478 ,Articulado ,2019,P7,0.006575,5.5e-05
AR5 ,Via Sudeste,51598 ,EMA6417 ,Articulado ,2019,P7,0.006575,5.5e-05
AR5 ,Via Sudeste,51597 ,DXP2376 ,Articulado ,2019,P7,0.006575,5.5e-05
AR5 ,Via Sudeste,51596 ,EZY7985 ,Articulado ,2019,P7,0.006575,5.5e-05
AR5 ,Via Sudeste,51595 ,EOA7233 ,Articulado ,2019,P7,0.006575,5.5e-05
AR5 ,Via Sudeste,51594 ,BSZ9085 ,Articulado ,2019,P7,0.006575,5.5e-05
AR5 ,Via Sudeste,51593 ,EBY4624 ,Articulado ,2019,P7,0.006575,5.5e-05
D11 ,Transwolff,78555 ,GBA2447 ,Básico ,2019,P7,0.006575,5.5e-05
D10 ,Transwolff,66330 ,GFD9888 ,Básico ,2019,P7,0.006575,5.5e-05
E6 ,Grajau,61765 ,BWW7911 ,Articulado ,2019,P7,0.006575,5.5e-05
D10 ,Transwolff,66635 ,EZC0892 ,Midiônibus ,2019,P7,0.006575,5.5e-05
E4 ,Via Sudeste,52156 ,DKK9016 ,Articulado ,2019,P7,0.006575,5.5e-05
AR4 ,Express,48977 ,EBS3A05 ,Padron ,2019,P7,0.006575,5.5e-05
AR4 ,Express,48975 ,GFF5722 ,Padron ,2019,P7,0.006575,5.5e-05
AR4 ,Express,48974 ,BPO5987 ,Padron ,2019,P7,0.006575,5.5e-05
AR4 ,Express,48973 ,BKU1573 ,Padron ,2019,P7,0.006575,5.5e-05
AR4 ,Express,48926 ,CUK1414 ,Padron ,2019,P7,0.006575,5.5e-05
AR4 ,Express,48925 ,EUK1414 ,Padron ,2019,P7,0.006575,5.5e-05
AR4 ,Express,48922 ,DSL0171 ,Padron ,2019,P7,0.006575,5.5e-05
AR4 ,Express,48921 ,BRQ1633 ,Padron ,2019,P7,0.006575,5.5e-05
AR4 ,Express,48920 ,EJX7787 ,Padron ,2019,P7,0.006575,5.5e-05
AR4 ,Express,48919 ,DTD1177 ,Padron ,2019,P7,0.006575,5.5e-05
AR4 ,Express,48918 ,EMO2777 ,Padron ,2019,P7,0.006575,5.5e-05
AR4 ,Express,48978 ,CRU1400 ,Padron ,2019,P7,0.006575,5.5e-05
AR4 ,Express,48916 ,BOT3160 ,Padron ,2019,P7,0.006575,5.5e-05
D8 ,Movebuss,55438 ,FVS0085 ,Midiônibus ,2019,P7,0.006575,5.5e-05
D8 ,Movebuss,55024 ,ELU8044 ,Midiônibus ,2019,P7,0.006575,5.5e-05
D10 ,Transwolff,66828 ,BYP9807 ,Básico ,2019,P7,0.006575,5.5e-05
D10 ,Transwolff,66830 ,EZX8177 ,Midiônibus ,2019,P7,0.006575,5.5e-05
D11 ,Transwolff,78265 ,FQC7599 ,Midiônibus ,2019,P7,0.006575,5.5e-05
D10 ,Transwolff,66586 ,GGX9018 ,Básico ,2019,P7,0.006575,5.5e-05
D8 ,Movebuss,55463 ,EEE1292 ,Miniônibus ,2019,P7,0.006575,5.5e-05
D8 ,Movebuss,55469 ,GDP5252 ,Midiônibus ,2019,P7,0.006575,5.5e-05
D8 ,Movebuss,55009 ,DLY7733 ,Midiônibus ,2019,P7,0.006575,5.5e-05
D11 ,Transwolff,78246 ,FGG8539 ,Midiônibus ,2019,P7,0.006575,5.5e-05
D11 ,Transwolff,78607 ,FYF1589 ,Midiônibus ,2019,P7,0.006575,5.5e-05
D10 ,Transwolff,66820 ,GHN6135 ,Básico ,2019,P7,0.006575,5.5e-05
D8 ,Movebuss,55433 ,FZF0035 ,Midiônibus ,2019,P7,0.006575,5.5e-05
AR4 ,Express,48981 ,ESS4H75 ,Padron ,2019,P7,0.006575,5.5e-05
E5 ,Mobibrasil,63332 ,GDZ2199 ,Padron ,2019,P7,0.006575,5.5e-05
AR5 ,Via Sudeste,51020 ,BXB1G81 ,Padron ,2019,P7,0.006575,5.5e-05
AR5 ,Via Sudeste,51019 ,CMR4E70 ,Padron ,2019,P7,0.006575,5.5e-05
AR5 ,Via Sudeste,51018 ,BQU9G08 ,Padron ,2019,P7,0.006575,5.5e-05
AR5 ,Via Sudeste,51017 ,DYH1G52 ,Padron ,2019,P7,0.006575,5.5e-05
AR5 ,Via Sudeste,51016 ,BZK9D70 ,Padron ,2019,P7,0.006575,5.5e-05
AR5 ,Via Sudeste,51014 ,CUH0021 ,Padron ,2019,P7,0.006575,5.5e-05
AR5 ,Via Sudeste,51013 ,ESD2850 ,Padron ,2019,P7,0.006575,5.5e-05
AR5 ,Via Sudeste,51012 ,BRY0469 ,Padron ,2019,P7,0.006575,5.5e-05
AR5 ,Via Sudeste,51011 ,EWC7328 ,Padron ,2019,P7,0.006575,5.5e-05
AR5 ,Via Sudeste,51010 ,CQU9127 ,Padron ,2019,P7,0.006575,5.5e-05
AR5 ,Via Sudeste,51009 ,BTZ3706 ,Padron ,2019,P7,0.006575,5.5e-05
AR5 ,Via Sudeste,51008 ,DRL3414 ,Padron ,2019,P7,0.006575,5.5e-05
AR5 ,Via Sudeste,51007 ,ENE4823 ,Padron ,2019,P7,0.006575,5.5e-05
AR5 ,Via Sudeste,51006 ,EPT7742 ,Padron ,2019,P7,0.006575,5.5e-05
D11 ,Transwolff,78600 ,FKJ5369 ,Midiônibus ,2019,P7,0.006575,5.5e-05
AR5 ,Via Sudeste,51005 ,EBR3321 ,Padron ,2019,P7,0.006575,5.5e-05
AR5 ,Via Sudeste,51004 ,BZL0846 ,Padron ,2019,P7,0.006575,5.5e-05
AR5 ,Via Sudeste,51003 ,BHP5784 ,Padron ,2019,P7,0.006575,5.5e-05
AR5 ,Via Sudeste,51002 ,CUN2453 ,Padron ,2019,P7,0.006575,5.5e-05
AR5 ,Via Sudeste,51001 ,DES5980 ,Padron ,2019,P7,0.006575,5.5e-05
D10 ,Transwolff,66804 ,FPM0179 ,Básico ,2019,P7,0.006575,5.5e-05
E5 ,Mobibrasil,63333 ,FNZ1315 ,Padron ,2019,P7,0.006575,5.5e-05
AR4 ,Express,48985 ,GIZ4D64 ,Padron ,2019,P7,0.006575,5.5e-05
AR4 ,Express,48984 ,GAC9J42 ,Padron ,2019,P7,0.006575,5.5e-05
AR4 ,Express,48982 ,ELI3G87 ,Padron ,2019,P7,0.006575,5.5e-05
D10 ,Transwolff,66835 ,FGM9362 ,Midiônibus ,2019,P7,0.006575,5.5e-05
AR5 ,Via Sudeste,51021 ,DLR9081 ,Padron ,2019,P7,0.006575,5.5e-05
AR4 ,Express,48844 ,FAU4686 ,Padron ,2019,P7,0.006575,5.5e-05
D8 ,Movebuss,55485 ,BKH3355 ,Midiônibus ,2019,P7,0.006575,5.5e-05
E9 ,Gatusa,76374 ,CFY0I43 ,Articulado ,2019,P7,0.006575,5.5e-05
D10 ,Transwolff,66895 ,FEL7541 ,Básico ,2019,P7,0.006575,5.5e-05
E5 ,Mobibrasil,63327 ,FXJ5978 ,Padron ,2019,P7,0.006575,5.5e-05
D10 ,Transwolff,66903 ,GGV1293 ,Básico ,2019,P7,0.006575,5.5e-05
D11 ,Transwolff,78701 ,GGJ2978 ,Midiônibus ,2019,P7,0.006575,5.5e-05
AR4 ,Express,48573 ,DMB1479 ,Padron ,2019,P7,0.006575,5.5e-05
AR4 ,Express,48572 ,EJZ5823 ,Padron ,2019,P7,0.006575,5.5e-05
E6 ,Grajau,61771 ,CPN2573 ,Articulado ,2019,P7,0.006575,5.5e-05
E6 ,Grajau,61770 ,EJH2962 ,Articulado ,2019,P7,0.006575,5.5e-05
D8 ,Movebuss,55128 ,FZJ0066 ,Midiônibus ,2019,P7,0.006575,5.5e-05
D13 ,Alfa Rodobus,86079 ,GCT1D28 ,Midiônibus ,2019,P7,0.006575,5.5e-05
D11 ,Transwolff,78196 ,FSS1517 ,Midiônibus ,2019,P7,0.006575,5.5e-05
D11 ,Transwolff,78177 ,GHS0479 ,Midiônibus ,2019,P7,0.006575,5.5e-05
D10 ,Transwolff,66184 ,FNY6024 ,Midiônibus ,2019,P7,0.006575,5.5e-05
D9 ,A2,68435 ,FPQ1705 ,Midiônibus ,2019,P7,0.006575,5.5e-05
E6 ,Grajau,61768 ,EKB0062 ,Articulado ,2019,P7,0.006575,5.5e-05
D13 ,Alfa Rodobus,86100 ,FZW5178 ,Midiônibus ,2019,P7,0.006575,5.5e-05
D11 ,Transwolff,78170 ,FPZ1983 ,Básico ,2019,P7,0.006575,5.5e-05
E6 ,Grajau,61767 ,EMQ7561 ,Articulado ,2019,P7,0.006575,5.5e-05
D9 ,A2,68416 ,GBB5385 ,Midiônibus ,2019,P7,0.006575,5.5e-05
E6 ,Grajau,61766 ,DKU6890 ,Articulado ,2019,P7,0.006575,5.5e-05
D11 ,Transwolff,78165 ,GEW2449 ,Midiônibus ,2019,P7,0.006575,5.5e-05
D11 ,Transwolff,78163 ,FFA3979 ,Midiônibus ,2019,P7,0.006575,5.5e-05
D11 ,Transwolff,78147 ,EUZ2910 ,Básico ,2019,P7,0.006575,5.5e-05
E6 ,Grajau,61769 ,EBF8333 ,Articulado ,2019,P7,0.006575,5.5e-05
E9 ,Gatusa,76373 ,FYJ5I47 ,Articulado ,2019,P7,0.006575,5.5e-05
D10 ,Transwolff,66866 ,FMB2449 ,Midiônibus ,2019,P7,0.006575,5.5e-05
D10 ,Transwolff,66863 ,ERA5178 ,Básico ,2019,P7,0.006575,5.5e-05
E4 ,Via Sudeste,52864 ,BZA7659 ,Articulado ,2019,P7,0.006575,5.5e-05
E4 ,Via Sudeste,52863 ,EPA4354 ,Articulado ,2019,P7,0.006575,5.5e-05
D11 ,Transwolff,78616 ,GJZ9686 ,Midiônibus ,2019,P7,0.006575,5.5e-05
D8 ,Movebuss,55500 ,GHZ9E44 ,Midiônibus ,2019,P7,0.006575,5.5e-05
E4 ,Via Sudeste,52862 ,DSW6473 ,Articulado ,2019,P7,0.006575,5.5e-05
D8 ,Movebuss,55505 ,FYD6G55 ,Miniônibus ,2019,P7,0.006575,5.5e-05
E4 ,Via Sudeste,52861 ,EYV8292 ,Articulado ,2019,P7,0.006575,5.5e-05
D11 ,Transwolff,78231 ,FEE1879 ,Midiônibus ,2019,P7,0.006575,5.5e-05
D8 ,Movebuss,55511 ,EMY8660 ,Midiônibus ,2019,P7,0.006575,5.5e-05
D10 ,Transwolff,66572 ,EXM9531 ,Midiônibus ,2019,P7,0.006575,5.5e-05
E4 ,Via Sudeste,52860 ,DIO7829 ,Articulado ,2019,P7,0.006575,5.5e-05
D10 ,Transwolff,66568 ,GBC5578 ,Básico ,2019,P7,0.006575,5.5e-05
D8 ,Movebuss,55532 ,DEU7259 ,Midiônibus ,2019,P7,0.006575,5.5e-05
E4 ,Via Sudeste,52859 ,CUJ6281 ,Articulado ,2019,P7,0.006575,5.5e-05
E5 ,Mobibrasil,63322 ,FXR8317 ,Padron ,2019,P7,0.006575,5.5e-05
E5 ,Mobibrasil,63324 ,FZB9915 ,Padron ,2019,P7,0.006575,5.5e-05
E5 ,Mobibrasil,63325 ,GJQ8566 ,Padron ,2019,P7,0.006575,5.5e-05
E4 ,Via Sudeste,52858 ,EKU6617 ,Articulado ,2019,P7,0.006575,5.5e-05
D8 ,Movebuss,55540 ,FZV1922 ,Midiônibus ,2019,P7,0.006575,5.5e-05
E4 ,Via Sudeste,52857 ,BXZ0876 ,Articulado ,2019,P7,0.006575,5.5e-05
E5 ,Mobibrasil,63326 ,FTE4228 ,Padron ,2019,P7,0.006575,5.5e-05
D8 ,Movebuss,55549 ,GAT7593 ,Midiônibus ,2019,P7,0.006575,5.5e-05
D11 ,Transwolff,78223 ,FXL4B37 ,Midiônibus ,2019,P7,0.006575,5.5e-05
D11 ,Transwolff,78219 ,FOQ2285 ,Midiônibus ,2019,P7,0.006575,5.5e-05
D10 ,Transwolff,66861 ,ECM3104 ,Midiônibus ,2019,P7,0.006575,5.5e-05
D8 ,Movebuss,55484 ,FJQ6484 ,Midiônibus ,2019,P7,0.006575,5.5e-05
AR5 ,Via Sudeste,51022 ,EHL5372 ,Padron ,2019,P7,0.006575,5.5e-05
AR5 ,Via Sudeste,51023 ,DNN5664 ,Padron ,2019,P7,0.006575,5.5e-05
AR5 ,Via Sudeste,51024 ,DKH6175 ,Padron ,2019,P7,0.006575,5.5e-05
E5 ,Mobibrasil,63370 ,EOE7B55 ,Padron ,2019,P7,0.006575,5.5e-05
D11 ,Transwolff,78328 ,GED7B89 ,Midiônibus ,2019,P7,0.006575,5.5e-05
D10 ,Transwolff,66252 ,FNU7288 ,Midiônibus ,2019,P7,0.006575,5.5e-05
D9 ,A2,68549 ,EVE8327 ,Midiônibus ,2019,P7,0.006575,5.5e-05
E5 ,Mobibrasil,63352 ,GBR2381 ,Padron ,2019,P7,0.006575,5.5e-05
E5 ,Mobibrasil,63350 ,ELE2157 ,Padron ,2019,P7,0.006575,5.5e-05
D8 ,Movebuss,55353 ,EFK0A15 ,Midiônibus ,2019,P7,0.006575,5.5e-05
D10 ,Transwolff,66619 ,GHP4718 ,Básico ,2019,P7,0.006575,5.5e-05
D8 ,Movebuss,55356 ,EZS0A20 ,Midiônibus ,2019,P7,0.006575,5.5e-05
D10 ,Transwolff,66246 ,GDE3097 ,Midiônibus ,2019,P7,0.006575,5.5e-05
D10 ,Transwolff,66244 ,GAE9167 ,Midiônibus ,2019,P7,0.006575,5.5e-05
E5 ,Mobibrasil,63369 ,ESU7D36 ,Padron ,2019,P7,0.006575,5.5e-05
E5 ,Mobibrasil,63349 ,EUS3139 ,Padron ,2019,P7,0.006575,5.5e-05
E5 ,Mobibrasil,63348 ,EZT6116 ,Padron ,2019,P7,0.006575,5.5e-05
D10 ,Transwolff,66243 ,GJW5708 ,Midiônibus ,2019,P7,0.006575,5.5e-05
D9 ,A2,68536 ,EQT8411 ,Básico ,2019,P7,0.006575,5.5e-05
D8 ,Movebuss,55369 ,COB9E54 ,Miniônibus ,2019,P7,0.006575,5.5e-05
D10 ,Transwolff,66789 ,DYB3989 ,Básico ,2019,P7,0.006575,5.5e-05
D10 ,Transwolff,66597 ,GFX7257 ,Midiônibus ,2019,P7,0.006575,5.5e-05
D10 ,Transwolff,66791 ,GKF8769 ,Básico ,2019,P7,0.006575,5.5e-05
D10 ,Transwolff,66234 ,GEW4577 ,Midiônibus ,2019,P7,0.006575,5.5e-05
D8 ,Movebuss,55380 ,EEE6965 ,Midiônibus ,2019,P7,0.006575,5.5e-05
D8 ,Movebuss,55382 ,GEF2556 ,Midiônibus ,2019,P7,0.006575,5.5e-05
E5 ,Mobibrasil,63343 ,FCZ9971 ,Padron ,2019,P7,0.006575,5.5e-05
D8 ,Movebuss,55362 ,ENE0068 ,Midiônibus ,2019,P7,0.006575,5.5e-05
E5 ,Mobibrasil,63368 ,EYY9D93 ,Padron ,2019,P7,0.006575,5.5e-05
E5 ,Mobibrasil,63367 ,EEY5J77 ,Padron ,2019,P7,0.006575,5.5e-05
E5 ,Mobibrasil,63366 ,EQK1J00 ,Padron ,2019,P7,0.006575,5.5e-05
D10 ,Transwolff,66507 ,DHE7884 ,Midiônibus ,2019,P7,0.006575,5.5e-05
D8 ,Movebuss,55297 ,EXN7919 ,Midiônibus ,2019,P7,0.006575,5.5e-05
E4 ,Via Sudeste,52157 ,CUN7847 ,Articulado ,2019,P7,0.006575,5.5e-05
D10 ,Transwolff,66780 ,FJV5369 ,Midiônibus ,2019,P7,0.006575,5.5e-05
D10 ,Transwolff,66516 ,FVU5J77 ,Midiônibus ,2019,P7,0.006575,5.5e-05
D8 ,Movebuss,55040 ,BYI7505 ,Midiônibus ,2019,P7,0.006575,5.5e-05
E4 ,Via Sudeste,52158 ,BZR3990 ,Articulado ,2019,P7,0.006575,5.5e-05
D8 ,Movebuss,55306 ,EBA7612 ,Midiônibus ,2019,P7,0.006575,5.5e-05
D10 ,Transwolff,66782 ,FIV9355 ,Midiônibus ,2019,P7,0.006575,5.5e-05
E4 ,Via Sudeste,52159 ,DPB2081 ,Articulado ,2019,P7,0.006575,5.5e-05
D8 ,Movebuss,55316 ,EDE8778 ,Midiônibus ,2019,P7,0.006575,5.5e-05
D8 ,Movebuss,55317 ,COO5009 ,Midiônibus ,2019,P7,0.006575,5.5e-05
E5 ,Mobibrasil,63355 ,ENZ9209 ,Padron ,2019,P7,0.006575,5.5e-05
D11 ,Transwolff,78339 ,FUN7928 ,Midiônibus ,2019,P7,0.006575,5.5e-05
D8 ,Movebuss,55327 ,GHQ8747 ,Midiônibus ,2019,P7,0.006575,5.5e-05
D10 ,Transwolff,66254 ,GDW2409 ,Básico ,2019,P7,0.006575,5.5e-05
D8 ,Movebuss,55328 ,ENI3069 ,Midiônibus ,2019,P7,0.006575,5.5e-05
D8 ,Movebuss,55331 ,BWV3133 ,Midiônibus ,2019,P7,0.006575,5.5e-05
D9 ,A2,68569 ,EOB8210 ,Midiônibus ,2019,P7,0.006575,5.5e-05
E5 ,Mobibrasil,63354 ,ENN5021 ,Padron ,2019,P7,0.006575,5.5e-05
E5 ,Mobibrasil,63362 ,GAR6316 ,Padron ,2019,P7,0.006575,5.5e-05
E5 ,Mobibrasil,63363 ,EEE6535 ,Padron ,2019,P7,0.006575,5.5e-05
E5 ,Mobibrasil,63353 ,ERA4308 ,Padron ,2019,P7,0.006575,5.5e-05
D8 ,Movebuss,55346 ,FQN1188 ,Miniônibus ,2019,P7,0.006575,5.5e-05
E5 ,Mobibrasil,63365 ,BYX4E50 ,Padron ,2019,P7,0.006575,5.5e-05
D8 ,Movebuss,55389 ,EZY6010 ,Midiônibus ,2019,P7,0.006575,5.5e-05
D10 ,Transwolff,66230 ,GJP8149 ,Básico ,2019,P7,0.006575,5.5e-05
D10 ,Transwolff,66229 ,GDK5218 ,Básico ,2019,P7,0.006575,5.5e-05
D8 ,Movebuss,55391 ,DIE1967 ,Midiônibus ,2019,P7,0.006575,5.5e-05
AR5 ,Via Sudeste,51206 ,CUN3943 ,Articulado ,2019,P7,0.006575,5.5e-05
AR5 ,Via Sudeste,51205 ,CPV4379 ,Articulado ,2019,P7,0.006575,5.5e-05
AR5 ,Via Sudeste,51204 ,DCU7392 ,Articulado ,2019,P7,0.006575,5.5e-05
AR5 ,Via Sudeste,51203 ,BWV9471 ,Articulado ,2019,P7,0.006575,5.5e-05
AR5 ,Via Sudeste,51202 ,BPQ7930 ,Articulado ,2019,P7,0.006575,5.5e-05
E5 ,Mobibrasil,63334 ,GIB6808 ,Padron ,2019,P7,0.006575,5.5e-05
AR5 ,Via Sudeste,51160 ,DZF0C22 ,Padron ,2019,P7,0.006575,5.5e-05
AR5 ,Via Sudeste,51159 ,DSA2490 ,Padron ,2019,P7,0.006575,5.5e-05
AR5 ,Via Sudeste,51040 ,BVL8812 ,Padron ,2019,P7,0.006575,5.5e-05
AR9 ,Transppass,80196 ,EZY9305 ,Padron ,2019,P7,0.006575,5.5e-05
AR5 ,Via Sudeste,51038 ,CUG5633 ,Padron ,2019,P7,0.006575,5.5e-05
AR5 ,Via Sudeste,51037 ,BZK2410 ,Padron ,2019,P7,0.006575,5.5e-05
AR5 ,Via Sudeste,51036 ,BYP0898 ,Padron ,2019,P7,0.006575,5.5e-05
AR5 ,Via Sudeste,51035 ,EWF4224 ,Padron ,2019,P7,0.006575,5.5e-05
AR5 ,Via Sudeste,51034 ,BWV2967 ,Padron ,2019,P7,0.006575,5.5e-05
AR5 ,Via Sudeste,51033 ,BTZ0215 ,Padron ,2019,P7,0.006575,5.5e-05
AR5 ,Via Sudeste,51032 ,EOB0156 ,Padron ,2019,P7,0.006575,5.5e-05
D8 ,Movebuss,55424 ,ERA6450 ,Básico ,2019,P7,0.006575,5.5e-05
AR5 ,Via Sudeste,51031 ,CKH8832 ,Padron ,2019,P7,0.006575,5.5e-05
AR5 ,Via Sudeste,51030 ,BXK5261 ,Padron ,2019,P7,0.006575,5.5e-05
AR5 ,Via Sudeste,51029 ,BYZ7120 ,Padron ,2019,P7,0.006575,5.5e-05
AR5 ,Via Sudeste,51028 ,BYQ2159 ,Padron ,2019,P7,0.006575,5.5e-05
AR5 ,Via Sudeste,51027 ,DRJ2488 ,Padron ,2019,P7,0.006575,5.5e-05
AR5 ,Via Sudeste,51026 ,ECI7857 ,Padron ,2019,P7,0.006575,5.5e-05
AR5 ,Via Sudeste,51025 ,CUJ9976 ,Padron ,2019,P7,0.006575,5.5e-05
AR5 ,Via Sudeste,51207 ,EZR8684 ,Articulado ,2019,P7,0.006575,5.5e-05
D11 ,Transwolff,78581 ,BYP7249 ,Básico ,2019,P7,0.006575,5.5e-05
AR5 ,Via Sudeste,51208 ,EZY4405 ,Articulado ,2019,P7,0.006575,5.5e-05
AR5 ,Via Sudeste,51209 ,ECM0566 ,Articulado ,2019,P7,0.006575,5.5e-05
D8 ,Movebuss,55398 ,GDB5383 ,Miniônibus ,2019,P7,0.006575,5.5e-05
D10 ,Transwolff,66225 ,GFO5168 ,Básico ,2019,P7,0.006575,5.5e-05
E5 ,Mobibrasil,63342 ,GKE4C44 ,Padron ,2019,P7,0.006575,5.5e-05
D10 ,Transwolff,66223 ,FFQ6619 ,Básico ,2019,P7,0.006575,5.5e-05
E5 ,Mobibrasil,63341 ,FZF1844 ,Padron ,2019,P7,0.006575,5.5e-05
D10 ,Transwolff,66215 ,EME6720 ,Básico ,2019,P7,0.006575,5.5e-05
D9 ,A2,68505 ,EKH0067 ,Midiônibus ,2019,P7,0.006575,5.5e-05
E5 ,Mobibrasil,63340 ,FMQ0269 ,Padron ,2019,P7,0.006575,5.5e-05
D10 ,Transwolff,66795 ,FXA7335 ,Midiônibus ,2019,P7,0.006575,5.5e-05
E5 ,Mobibrasil,63337 ,FXV5776 ,Padron ,2019,P7,0.006575,5.5e-05
E5 ,Mobibrasil,63336 ,GEL1043 ,Padron ,2019,P7,0.006575,5.5e-05
AR5 ,Via Sudeste,51223 ,CUK0814 ,Articulado ,2019,P7,0.006575,5.5e-05
AR5 ,Via Sudeste,51222 ,EBY8928 ,Articulado ,2019,P7,0.006575,5.5e-05
AR5 ,Via Sudeste,51221 ,ELW8947 ,Articulado ,2019,P7,0.006575,5.5e-05
AR5 ,Via Sudeste,51220 ,DLJ2556 ,Articulado ,2019,P7,0.006575,5.5e-05
AR5 ,Via Sudeste,51219 ,ESP6325 ,Articulado ,2019,P7,0.006575,5.5e-05
AR5 ,Via Sudeste,51218 ,DZN0503 ,Articulado ,2019,P7,0.006575,5.5e-05
AR5 ,Via Sudeste,51217 ,DFS6351 ,Articulado ,2019,P7,0.006575,5.5e-05
AR5 ,Via Sudeste,51216 ,CSI8770 ,Articulado ,2019,P7,0.006575,5.5e-05
AR5 ,Via Sudeste,51215 ,DSC7659 ,Articulado ,2019,P7,0.006575,5.5e-05
AR5 ,Via Sudeste,51214 ,BPO9548 ,Articulado ,2019,P7,0.006575,5.5e-05
AR5 ,Via Sudeste,51213 ,EEE8415 ,Articulado ,2019,P7,0.006575,5.5e-05
AR5 ,Via Sudeste,51212 ,BWY2721 ,Articulado ,2019,P7,0.006575,5.5e-05
AR5 ,Via Sudeste,51211 ,ELR7268 ,Articulado ,2019,P7,0.006575,5.5e-05
AR5 ,Via Sudeste,51210 ,BYQ2227 ,Articulado ,2019,P7,0.006575,5.5e-05
E5 ,Mobibrasil,63335 ,GJC7382 ,Padron ,2019,P7,0.006575,5.5e-05
AR5 ,Via Sudeste,51039 ,BYY3781 ,Padron ,2019,P7,0.006575,5.5e-05
D12 ,Transcap,85592 ,ECC6688 ,Básico ,2019,P7,0.006575,5.5e-05
E1 ,G. Preto,12645 ,DGQ3916 ,Padron ,2019,P7,0.006575,5.5e-05
D2 ,Norte Buss,26341 ,ECQ0911 ,Miniônibus ,2019,P7,0.006575,5.5e-05
D1 ,Norte Buss,16617 ,CAB6047 ,Miniônibus ,2019,P7,0.006575,5.5e-05
D1 ,D1,15248 ,BZG8950 ,Miniônibus ,2019,P7,0.006575,5.5e-05
D1 ,Norte Buss,16618 ,FXN9828 ,Miniônibus ,2019,P7,0.006575,5.5e-05
D1 ,Norte Buss,16619 ,EOC9939 ,Miniônibus ,2019,P7,0.006575,5.5e-05
D2 ,Norte Buss,26381 ,DOO5251 ,Miniônibus ,2019,P7,0.006575,5.5e-05
D1 ,D1,15244 ,EQU4998 ,Miniônibus ,2019,P7,0.006575,5.5e-05
D2 ,Norte Buss,26399 ,EHH1183 ,Miniônibus ,2019,P7,0.006575,5.5e-05
D2 ,Norte Buss,26404 ,ESS6249 ,Miniônibus ,2019,P7,0.006575,5.5e-05
E1 ,Brigida,11723 ,GEX5825 ,Padron ,2019,P7,0.006575,5.5e-05
D1 ,Norte Buss,16677 ,CSI9377 ,Miniônibus ,2019,P7,0.006575,5.5e-05
D2 ,Norte Buss,26409 ,ELF1073 ,Miniônibus ,2019,P7,0.006575,5.5e-05
E1 ,Brigida,11724 ,GHY3373 ,Padron ,2019,P7,0.006575,5.5e-05
E1 ,Brigida,11725 ,GGS9584 ,Padron ,2019,P7,0.006575,5.5e-05
D2 ,Norte Buss,26460 ,FDE7832 ,Miniônibus ,2019,P7,0.006575,5.5e-05
E1 ,Brigida,11726 ,GGL6937 ,Padron ,2019,P7,0.006575,5.5e-05
D2 ,Norte Buss,26471 ,EZZ4581 ,Miniônibus ,2019,P7,0.006575,5.5e-05
D1 ,Norte Buss,16716 ,BTZ0716 ,Miniônibus ,2019,P7,0.006575,5.5e-05
E1 ,Brigida,11727 ,EZZ5066 ,Padron ,2019,P7,0.006575,5.5e-05
E1 ,Brigida,11728 ,FUH7416 ,Padron ,2019,P7,0.006575,5.5e-05
E1 ,Brigida,11729 ,FOJ2746 ,Padron ,2019,P7,0.006575,5.5e-05
E1 ,Brigida,11730 ,GEH7067 ,Padron ,2019,P7,0.006575,5.5e-05
E1 ,Brigida,11731 ,FWF6206 ,Padron ,2019,P7,0.006575,5.5e-05
D3 ,Transunião ,36526 ,FKG0256 ,Básico ,2019,P7,0.006575,5.5e-05
E1 ,Brigida,11733 ,EDJ9485 ,Padron ,2019,P7,0.006575,5.5e-05
D1 ,Norte Buss,16612 ,GCS3412 ,Miniônibus ,2019,P7,0.006575,5.5e-05
E1 ,Brigida,11734 ,EVW7054 ,Padron ,2019,P7,0.006575,5.5e-05
D1 ,Norte Buss,16593 ,BWJ3593 ,Miniônibus ,2019,P7,0.006575,5.5e-05
E1 ,Brigida,11722 ,EPA8057 ,Padron ,2019,P7,0.006575,5.5e-05
E1 ,Brigida,11702 ,EXE3568 ,Padron ,2019,P7,0.006575,5.5e-05
D6 ,Allibus,45285 ,DVI7080 ,Midiônibus ,2019,P7,0.006575,5.5e-05
E1 ,Brigida,11703 ,FVO9831 ,Padron ,2019,P7,0.006575,5.5e-05
E1 ,Brigida,11704 ,EXV8679 ,Padron ,2019,P7,0.006575,5.5e-05
D2 ,Norte Buss,26320 ,GCT1689 ,Miniônibus ,2019,P7,0.006575,5.5e-05
E1 ,Brigida,11705 ,EWT0041 ,Padron ,2019,P7,0.006575,5.5e-05
E1 ,Brigida,11706 ,GFE1473 ,Padron ,2019,P7,0.006575,5.5e-05
E1 ,Brigida,11707 ,FNE5491 ,Padron ,2019,P7,0.006575,5.5e-05
D13 ,Alfa Rodobus,86286 ,EZZ0034 ,Midiônibus ,2019,P7,0.006575,5.5e-05
E1 ,Brigida,11708 ,ELI2174 ,Padron ,2019,P7,0.006575,5.5e-05
E1 ,Brigida,11709 ,ESQ8128 ,Padron ,2019,P7,0.006575,5.5e-05
E1 ,Brigida,11710 ,FUX3369 ,Padron ,2019,P7,0.006575,5.5e-05
E1 ,Brigida,11711 ,FJV0986 ,Padron ,2019,P7,0.006575,5.5e-05
E1 ,Brigida,11712 ,FLH4266 ,Padron ,2019,P7,0.006575,5.5e-05
E1 ,Brigida,11713 ,GFT4237 ,Padron ,2019,P7,0.006575,5.5e-05
D3 ,Transunião ,36517 ,FIM2F18 ,Básico ,2019,P7,0.006575,5.5e-05
E1 ,Brigida,11714 ,EXT7871 ,Padron ,2019,P7,0.006575,5.5e-05
E1 ,Brigida,11715 ,FWA7322 ,Padron ,2019,P7,0.006575,5.5e-05
E1 ,Brigida,11716 ,BWU0144 ,Padron ,2019,P7,0.006575,5.5e-05
E1 ,Brigida,11717 ,EPU1377 ,Padron ,2019,P7,0.006575,5.5e-05
E1 ,Brigida,11718 ,GJW5924 ,Padron ,2019,P7,0.006575,5.5e-05
D1 ,Norte Buss,16580 ,BLB4424 ,Miniônibus ,2019,P7,0.006575,5.5e-05
E1 ,Brigida,11719 ,EZN9362 ,Padron ,2019,P7,0.006575,5.5e-05
E1 ,Brigida,11720 ,GEQ9105 ,Padron ,2019,P7,0.006575,5.5e-05
E1 ,Brigida,11721 ,FGM8002 ,Padron ,2019,P7,0.006575,5.5e-05
D3 ,Transunião ,36519 ,EHH9355 ,Básico ,2019,P7,0.006575,5.5e-05
D2 ,Norte Buss,26309 ,ENN9934 ,Miniônibus ,2019,P7,0.006575,5.5e-05
E1 ,Brigida,11735 ,DML0563 ,Padron ,2019,P7,0.006575,5.5e-05
D3 ,Transunião ,36538 ,FWE7E14 ,Básico ,2019,P7,0.006575,5.5e-05
D3 ,Transunião ,36569 ,FNM9C66 ,Básico ,2019,P7,0.006575,5.5e-05
AR3 ,Metropole,32200 ,GJW6234 ,Padron ,2019,P7,0.006575,5.5e-05
AR3 ,Metropole,32199 ,GFA8651 ,Padron ,2019,P7,0.006575,5.5e-05
AR3 ,Metropole,32198 ,EHH2234 ,Padron ,2019,P7,0.006575,5.5e-05
AR3 ,Metropole,32197 ,GIV6408 ,Padron ,2019,P7,0.006575,5.5e-05
AR3 ,Metropole,32196 ,GDI4376 ,Padron ,2019,P7,0.006575,5.5e-05
AR3 ,Metropole,32194 ,FZX6409 ,Padron ,2019,P7,0.006575,5.5e-05
AR3 ,Metropole,32193 ,ETU3450 ,Padron ,2019,P7,0.006575,5.5e-05
D3 ,Transunião ,36591 ,EXW0F58 ,Básico ,2019,P7,0.006575,5.5e-05
AR3 ,Metropole,32192 ,END6519 ,Padron ,2019,P7,0.006575,5.5e-05
D3 ,Transunião ,36597 ,EOP0C38 ,Midiônibus ,2019,P7,0.006575,5.5e-05
D3 ,Transunião ,36599 ,FVJ4G69 ,Básico ,2019,P7,0.006575,5.5e-05
D6 ,Allibus,45203 ,FCR0259 ,Midiônibus ,2019,P7,0.006575,5.5e-05
D3 ,Transunião ,36602 ,GCB3212 ,Básico ,2019,P7,0.006575,5.5e-05
AR3 ,Metropole,32191 ,GDH7423 ,Padron ,2019,P7,0.006575,5.5e-05
AR3 ,Metropole,32190 ,GFX7936 ,Padron ,2019,P7,0.006575,5.5e-05
AR3 ,Metropole,32189 ,GEH3151 ,Padron ,2019,P7,0.006575,5.5e-05
D3 ,Transunião ,36615 ,FPY6G61 ,Básico ,2019,P7,0.006575,5.5e-05
AR3 ,Metropole,32188 ,EXG1483 ,Padron ,2019,P7,0.006575,5.5e-05
D6 ,Allibus,45199 ,FYA4J56 ,Midiônibus ,2019,P7,0.006575,5.5e-05
D3 ,Transunião ,36619 ,EHJ8070 ,Midiônibus ,2019,P7,0.006575,5.5e-05
AR3 ,Metropole,32187 ,GGX9327 ,Padron ,2019,P7,0.006575,5.5e-05
AR3 ,Metropole,32186 ,ERA3788 ,Padron ,2019,P7,0.006575,5.5e-05
AR3 ,Metropole,32170 ,EWA4043 ,Padron ,2019,P7,0.006575,5.5e-05
D3 ,Transunião ,36629 ,GAZ0E28 ,Básico ,2019,P7,0.006575,5.5e-05
E1 ,Brigida,11760 ,FYR1208 ,Padron ,2019,P7,0.006575,5.5e-05
E1 ,Brigida,11736 ,ENU4848 ,Padron ,2019,P7,0.006575,5.5e-05
E1 ,Brigida,11759 ,FOI9841 ,Padron ,2019,P7,0.006575,5.5e-05
D3 ,Transunião ,36567 ,EXM4385 ,Básico ,2019,P7,0.006575,5.5e-05
E1 ,Brigida,11737 ,ENE9296 ,Padron ,2019,P7,0.006575,5.5e-05
E1 ,Brigida,11738 ,EXX8332 ,Padron ,2019,P7,0.006575,5.5e-05
E1 ,Brigida,11739 ,GFW3094 ,Padron ,2019,P7,0.006575,5.5e-05
E1 ,Brigida,11740 ,GBG4689 ,Padron ,2019,P7,0.006575,5.5e-05
D3 ,Transunião ,36541 ,GHW0D51 ,Básico ,2019,P7,0.006575,5.5e-05
E1 ,Brigida,11741 ,GKI0946 ,Padron ,2019,P7,0.006575,5.5e-05
E1 ,Brigida,11742 ,FTJ6873 ,Padron ,2019,P7,0.006575,5.5e-05
E1 ,Brigida,11743 ,GHR0206 ,Padron ,2019,P7,0.006575,5.5e-05
D6 ,Allibus,45229 ,FDR5285 ,Midiônibus ,2019,P7,0.006575,5.5e-05
E1 ,Brigida,11744 ,FIX3537 ,Padron ,2019,P7,0.006575,5.5e-05
E1 ,Brigida,11745 ,BRQ9719 ,Padron ,2019,P7,0.006575,5.5e-05
E1 ,Brigida,11746 ,EXS5049 ,Padron ,2019,P7,0.006575,5.5e-05
D6 ,Allibus,45223 ,ELL6580 ,Midiônibus ,2019,P7,0.006575,5.5e-05
D6 ,Allibus,45221 ,ECI9I08 ,Midiônibus ,2019,P7,0.006575,5.5e-05
E1 ,Brigida,11747 ,CSC2449 ,Padron ,2019,P7,0.006575,5.5e-05
E1 ,Brigida,11748 ,DAJ7583 ,Padron ,2019,P7,0.006575,5.5e-05
E1 ,Brigida,11749 ,EOP3524 ,Padron ,2019,P7,0.006575,5.5e-05
E1 ,Brigida,11750 ,FVV7223 ,Padron ,2019,P7,0.006575,5.5e-05
E1 ,Brigida,11751 ,FYK2369 ,Padron ,2019,P7,0.006575,5.5e-05
E1 ,Brigida,11752 ,EQJ2556 ,Padron ,2019,P7,0.006575,5.5e-05
E1 ,Brigida,11753 ,GFP2615 ,Padron ,2019,P7,0.006575,5.5e-05
E1 ,Brigida,11754 ,FCS1463 ,Padron ,2019,P7,0.006575,5.5e-05
E1 ,Brigida,11755 ,GFN3677 ,Padron ,2019,P7,0.006575,5.5e-05
E1 ,Brigida,11756 ,FNB2805 ,Padron ,2019,P7,0.006575,5.5e-05
E1 ,Brigida,11757 ,FYM7437 ,Padron ,2019,P7,0.006575,5.5e-05
E1 ,Brigida,11758 ,FVR6255 ,Padron ,2019,P7,0.006575,5.5e-05
E2 ,Sambaiba,21491 ,DEI1550 ,Padron ,2019,P7,0.006575,5.5e-05
D2 ,Norte Buss,26303 ,EOX1963 ,Miniônibus ,2019,P7,0.006575,5.5e-05
D6 ,Allibus,45292 ,ELI7A19 ,Midiônibus ,2019,P7,0.006575,5.5e-05
D1 ,Norte Buss,16553 ,FWY9135 ,Miniônibus ,2019,P7,0.006575,5.5e-05
E1 ,Brigida,11675 ,GFM7038 ,Padron ,2019,P7,0.006575,5.5e-05
D3 ,Transunião ,36077 ,FWG0E56 ,Básico ,2019,P7,0.006575,5.5e-05
E1 ,Brigida,11676 ,FNQ6664 ,Padron ,2019,P7,0.006575,5.5e-05
E1 ,Brigida,11677 ,EPA2939 ,Padron ,2019,P7,0.006575,5.5e-05
E1 ,Brigida,11678 ,GHA2467 ,Padron ,2019,P7,0.006575,5.5e-05
E1 ,Brigida,11679 ,GIQ3557 ,Padron ,2019,P7,0.006575,5.5e-05
D3 ,Transunião ,36081 ,GDE4E81 ,Básico ,2019,P7,0.006575,5.5e-05
E1 ,Brigida,11680 ,DQZ4800 ,Padron ,2019,P7,0.006575,5.5e-05
E1 ,Brigida,11681 ,DYA8090 ,Padron ,2019,P7,0.006575,5.5e-05
E1 ,Brigida,11682 ,GGY6876 ,Padron ,2019,P7,0.006575,5.5e-05
AR3 ,Metropole,32253 ,GJL8379 ,Padron ,2019,P7,0.006575,5.5e-05
E1 ,Brigida,11683 ,FZK2861 ,Padron ,2019,P7,0.006575,5.5e-05
E1 ,Brigida,11684 ,FZC4366 ,Padron ,2019,P7,0.006575,5.5e-05
AR3 ,Metropole,32252 ,EWC2918 ,Padron ,2019,P7,0.006575,5.5e-05
AR3 ,Metropole,32251 ,ERA7552 ,Padron ,2019,P7,0.006575,5.5e-05
AR3 ,Metropole,32250 ,EMI4911 ,Padron ,2019,P7,0.006575,5.5e-05
D3 ,Transunião ,36095 ,FMF3C95 ,Básico ,2019,P7,0.006575,5.5e-05
E1 ,Brigida,11685 ,ELE5480 ,Padron ,2019,P7,0.006575,5.5e-05
D6 ,Allibus,45354 ,EZP9980 ,Midiônibus ,2019,P7,0.006575,5.5e-05
E1 ,Brigida,11686 ,GKE9158 ,Padron ,2019,P7,0.006575,5.5e-05
E1 ,Brigida,11687 ,ELU7655 ,Padron ,2019,P7,0.006575,5.5e-05
D3 ,Transunião ,36101 ,EWC7D13 ,Básico ,2019,P7,0.006575,5.5e-05
E1 ,Brigida,11688 ,GJO5379 ,Padron ,2019,P7,0.006575,5.5e-05
E1 ,Brigida,11689 ,GHI4607 ,Padron ,2019,P7,0.006575,5.5e-05
E1 ,Brigida,11674 ,EMA7021 ,Padron ,2019,P7,0.006575,5.5e-05
E1 ,Brigida,11690 ,GFD0836 ,Padron ,2019,P7,0.006575,5.5e-05
E1 ,Brigida,11673 ,GAI6349 ,Padron ,2019,P7,0.006575,5.5e-05
E1 ,Brigida,11671 ,GHP9926 ,Padron ,2019,P7,0.006575,5.5e-05
D3 ,Transunião ,36048 ,GDL8E08 ,Básico ,2019,P7,0.006575,5.5e-05
AR2 ,Sambaiba,22497 ,CUJ8928 ,Padron ,2019,P7,0.006575,5.5e-05
D6 ,Allibus,45379 ,GGG7429 ,Midiônibus ,2019,P7,0.006575,5.5e-05
AR2 ,Sambaiba,22496 ,BYY2980 ,Padron ,2019,P7,0.006575,5.5e-05
AR2 ,Sambaiba,22495 ,ECU8809 ,Padron ,2019,P7,0.006575,5.5e-05
D3 ,Transunião ,36049 ,FZM7F49 ,Básico ,2019,P7,0.006575,5.5e-05
AR2 ,Sambaiba,22494 ,BWJ7624 ,Padron ,2019,P7,0.006575,5.5e-05
AR3 ,Metropole,32438 ,GID2406 ,Padron ,2019,P7,0.006575,5.5e-05
AR2 ,Sambaiba,22493 ,DGY6F60 ,Padron ,2019,P7,0.006575,5.5e-05
E1 ,Brigida,11661 ,GDD0791 ,Padron ,2019,P7,0.006575,5.5e-05
E1 ,Brigida,11662 ,GDO7926 ,Padron ,2019,P7,0.006575,5.5e-05
E1 ,Brigida,11663 ,FGJ3181 ,Padron ,2019,P7,0.006575,5.5e-05
AR2 ,Sambaiba,22492 ,CUG3562 ,Padron ,2019,P7,0.006575,5.5e-05
D3 ,Transunião ,36053 ,GGL3E77 ,Básico ,2019,P7,0.006575,5.5e-05
E1 ,Brigida,11664 ,GCZ7667 ,Padron ,2019,P7,0.006575,5.5e-05
E1 ,Brigida,11665 ,GJH7448 ,Padron ,2019,P7,0.006575,5.5e-05
D2 ,Norte Buss,26133 ,FQE2553 ,Miniônibus ,2019,P7,0.006575,5.5e-05
D3 ,Transunião ,36055 ,EWE3G96 ,Básico ,2019,P7,0.006575,5.5e-05
E1 ,Brigida,11666 ,GJK7815 ,Padron ,2019,P7,0.006575,5.5e-05
D6 ,Allibus,45369 ,EUE9890 ,Midiônibus ,2019,P7,0.006575,5.5e-05
E1 ,Brigida,11667 ,FWF0763 ,Padron ,2019,P7,0.006575,5.5e-05
D3 ,Transunião ,36066 ,FCU6J66 ,Básico ,2019,P7,0.006575,5.5e-05
E1 ,Brigida,11668 ,GDN3973 ,Padron ,2019,P7,0.006575,5.5e-05
E1 ,Brigida,11669 ,GCR7852 ,Padron ,2019,P7,0.006575,5.5e-05
E1 ,Brigida,11670 ,GHU3289 ,Padron ,2019,P7,0.006575,5.5e-05
E1 ,Brigida,11672 ,ERA3199 ,Padron ,2019,P7,0.006575,5.5e-05
D3 ,Transunião ,36324 ,ELO9327 ,Básico ,2019,P7,0.006575,5.5e-05
E1 ,Brigida,11691 ,GIN8431 ,Padron ,2019,P7,0.006575,5.5e-05
E1 ,Brigida,11693 ,EPA6729 ,Padron ,2019,P7,0.006575,5.5e-05
D3 ,Transunião ,36175 ,GGU1A75 ,Básico ,2019,P7,0.006575,5.5e-05
D2 ,Norte Buss,26256 ,FWY3317 ,Miniônibus ,2019,P7,0.006575,5.5e-05
D2 ,Norte Buss,26271 ,EJO5772 ,Miniônibus ,2019,P7,0.006575,5.5e-05
D2 ,Norte Buss,26273 ,FOE1H43 ,Miniônibus ,2019,P7,0.006575,5.5e-05
D2 ,Norte Buss,26286 ,GBF4C06 ,Miniônibus ,2019,P7,0.006575,5.5e-05
D2 ,Norte Buss,26297 ,GFA2527 ,Miniônibus ,2019,P7,0.006575,5.5e-05
D3 ,Transunião ,36192 ,GJV7F18 ,Básico ,2019,P7,0.006575,5.5e-05
D13 ,Alfa Rodobus,86322 ,GGM3753 ,Midiônibus ,2019,P7,0.006575,5.5e-05
D3 ,Transunião ,36207 ,FYD1G57 ,Básico ,2019,P7,0.006575,5.5e-05
D3 ,Transunião ,36211 ,GDQ9H11 ,Básico ,2019,P7,0.006575,5.5e-05
D3 ,Transunião ,36215 ,EEN8J59 ,Básico ,2019,P7,0.006575,5.5e-05
D13 ,Alfa Rodobus,86316 ,CUG0308 ,Midiônibus ,2019,P7,0.006575,5.5e-05
D3 ,Transunião ,36231 ,BYQ3G09 ,Básico ,2019,P7,0.006575,5.5e-05
D3 ,Transunião ,36238 ,FRO5038 ,Básico ,2019,P7,0.006575,5.5e-05
D3 ,Transunião ,36247 ,GCG5368 ,Básico ,2019,P7,0.006575,5.5e-05
D3 ,Transunião ,36248 ,FCK9J75 ,Básico ,2019,P7,0.006575,5.5e-05
D3 ,Transunião ,36249 ,GGB7E29 ,Básico ,2019,P7,0.006575,5.5e-05
D3 ,Transunião ,36255 ,GFJ6E55 ,Básico ,2019,P7,0.006575,5.5e-05
D3 ,Transunião ,36260 ,FQO4957 ,Básico ,2019,P7,0.006575,5.5e-05
D3 ,Transunião ,36270 ,FOO0D05 ,Básico ,2019,P7,0.006575,5.5e-05
D3 ,Transunião ,36273 ,FWV1296 ,Básico ,2019,P7,0.006575,5.5e-05
D6 ,Allibus,45298 ,BPQ7089 ,Midiônibus ,2019,P7,0.006575,5.5e-05
D3 ,Transunião ,36277 ,EXJ7B27 ,Básico ,2019,P7,0.006575,5.5e-05
D3 ,Transunião ,36286 ,FZR3G97 ,Básico ,2019,P7,0.006575,5.5e-05
D3 ,Transunião ,36311 ,GID2849 ,Básico ,2019,P7,0.006575,5.5e-05
D2 ,Norte Buss,26252 ,BPQ7852 ,Miniônibus ,2019,P7,0.006575,5.5e-05
E1 ,Brigida,11692 ,GAF1375 ,Padron ,2019,P7,0.006575,5.5e-05
D2 ,Norte Buss,26241 ,DQH9441 ,Miniônibus ,2019,P7,0.006575,5.5e-05
D2 ,Norte Buss,26233 ,GGY0313 ,Miniônibus ,2019,P7,0.006575,5.5e-05
D1 ,Norte Buss,16555 ,FWG9405 ,Miniônibus ,2019,P7,0.006575,5.5e-05
E1 ,Brigida,11694 ,DDO3199 ,Padron ,2019,P7,0.006575,5.5e-05
E1 ,Brigida,11695 ,EZD8742 ,Padron ,2019,P7,0.006575,5.5e-05
E1 ,Brigida,11696 ,GAS9754 ,Padron ,2019,P7,0.006575,5.5e-05
E1 ,Brigida,11697 ,EXJ5J25 ,Padron ,2019,P7,0.006575,5.5e-05
E1 ,Brigida,11698 ,EVU8418 ,Padron ,2019,P7,0.006575,5.5e-05
E1 ,Brigida,11699 ,EXJ1149 ,Padron ,2019,P7,0.006575,5.5e-05
E1 ,Brigida,11700 ,GDH9236 ,Padron ,2019,P7,0.006575,5.5e-05
D3 ,Transunião ,36118 ,ESS6B85 ,Básico ,2019,P7,0.006575,5.5e-05
E1 ,Brigida,11701 ,FOM0467 ,Padron ,2019,P7,0.006575,5.5e-05
D3 ,Transunião ,36119 ,FUX0639 ,Básico ,2019,P7,0.006575,5.5e-05
D2 ,Norte Buss,26168 ,BXD9498 ,Miniônibus ,2019,P7,0.006575,5.5e-05
D6 ,Allibus,45341 ,FFQ3919 ,Midiônibus ,2019,P7,0.006575,5.5e-05
D3 ,Transunião ,36123 ,DWT0F59 ,Midiônibus ,2019,P7,0.006575,5.5e-05
D2 ,Norte Buss,26174 ,FQP5744 ,Miniônibus ,2019,P7,0.006575,5.5e-05
D6 ,Allibus,45336 ,GHS6728 ,Midiônibus ,2019,P7,0.006575,5.5e-05
D3 ,Transunião ,36128 ,GDB6C18 ,Básico ,2019,P7,0.006575,5.5e-05
D3 ,Transunião ,36129 ,FOC8H39 ,Básico ,2019,P7,0.006575,5.5e-05
D3 ,Transunião ,36138 ,BYP3E44 ,Básico ,2019,P7,0.006575,5.5e-05
D2 ,Norte Buss,26215 ,FXE0675 ,Miniônibus ,2019,P7,0.006575,5.5e-05
D2 ,Norte Buss,26218 ,GCW1728 ,Miniônibus ,2019,P7,0.006575,5.5e-05
D3 ,Transunião ,36152 ,GHJ1F82 ,Básico ,2019,P7,0.006575,5.5e-05
D2 ,Norte Buss,26222 ,ESP3992 ,Miniônibus ,2019,P7,0.006575,5.5e-05
D2 ,Norte Buss,26225 ,FUR5255 ,Miniônibus ,2019,P7,0.006575,5.5e-05
D2 ,Norte Buss,26229 ,FDR5729 ,Miniônibus ,2019,P7,0.006575,5.5e-05
D2 ,Norte Buss,26237 ,ELO4877 ,Miniônibus ,2019,P7,0.006575,5.5e-05
E2 ,Sambaiba,21490 ,EYP7984 ,Padron ,2019,P7,0.006575,5.5e-05
E2 ,Sambaiba,21489 ,CQN5847 ,Padron ,2019,P7,0.006575,5.5e-05
E2 ,Sambaiba,21488 ,DZL6796 ,Padron ,2019,P7,0.006575,5.5e-05
E3 ,Metropole,31199 ,GGC9054 ,Articulado ,2019,P7,0.006575,5.5e-05
E3 ,Metropole,31200 ,GIL1702 ,Articulado ,2019,P7,0.006575,5.5e-05
E3 ,Metropole,31201 ,GIF1743 ,Articulado ,2019,P7,0.006575,5.5e-05
E3 ,Metropole,31202 ,GJW6526 ,Articulado ,2019,P7,0.006575,5.5e-05
E3 ,Metropole,31203 ,GBD9912 ,Articulado ,2019,P7,0.006575,5.5e-05
E3 ,Metropole,31204 ,GFX7181 ,Articulado ,2019,P7,0.006575,5.5e-05
E3 ,Metropole,31205 ,GDK6015 ,Articulado ,2019,P7,0.006575,5.5e-05
E3 ,Metropole,31206 ,GDU1809 ,Articulado ,2019,P7,0.006575,5.5e-05
E3 ,Metropole,31207 ,GAW0198 ,Articulado ,2019,P7,0.006575,5.5e-05
E3 ,Metropole,31208 ,GGY6018 ,Articulado ,2019,P7,0.006575,5.5e-05
E3 ,Metropole,31209 ,GHA6797 ,Articulado ,2019,P7,0.006575,5.5e-05
E3 ,Metropole,31210 ,GAW5444 ,Articulado ,2019,P7,0.006575,5.5e-05
E3 ,Metropole,31211 ,GEB1271 ,Articulado ,2019,P7,0.006575,5.5e-05
E3 ,Metropole,31212 ,GCT3912 ,Articulado ,2019,P7,0.006575,5.5e-05
E3 ,Metropole,31213 ,GIO7108 ,Articulado ,2019,P7,0.006575,5.5e-05
E3 ,Metropole,31214 ,GFI6816 ,Articulado ,2019,P7,0.006575,5.5e-05
E3 ,Metropole,31443 ,GAA9893 ,Padron ,2019,P7,0.006575,5.5e-05
AR3 ,Metropole,32016 ,EOA6658 ,Padron ,2019,P7,0.006575,5.5e-05
AR3 ,Metropole,32015 ,EXO6390 ,Padron ,2019,P7,0.006575,5.5e-05
D1 ,Norte Buss,16770 ,GAF2896 ,Miniônibus ,2019,P7,0.006575,5.5e-05
E1 ,G. Preto,12644 ,BTO8925 ,Padron ,2019,P7,0.006575,5.5e-05
E1 ,G. Preto,12646 ,BPQ0047 ,Padron ,2019,P7,0.006575,5.5e-05
D1 ,Norte Buss,16773 ,EHQ4543 ,Miniônibus ,2019,P7,0.006575,5.5e-05
D6 ,Allibus,45108 ,EUY3839 ,Midiônibus ,2019,P7,0.006575,5.5e-05
D6 ,Allibus,45107 ,EAD3992 ,Midiônibus ,2019,P7,0.006575,5.5e-05
E3 ,Metropole,31198 ,GCY0D34 ,Articulado ,2019,P7,0.006575,5.5e-05
E2 ,Sambaiba,21299 ,ENI0H56 ,Padron ,2019,P7,0.006575,5.5e-05
E3 ,Metropole,31197 ,GDN3865 ,Articulado ,2019,P7,0.006575,5.5e-05
AR3 ,Metropole,32018 ,EVU6788 ,Padron ,2019,P7,0.006575,5.5e-05
AR3 ,Metropole,32043 ,EVW2253 ,Padron ,2019,P7,0.006575,5.5e-05
AR3 ,Metropole,32042 ,GCE9648 ,Padron ,2019,P7,0.006575,5.5e-05
AR3 ,Metropole,32041 ,EWC0049 ,Padron ,2019,P7,0.006575,5.5e-05
AR3 ,Metropole,32040 ,GII0615 ,Padron ,2019,P7,0.006575,5.5e-05
AR3 ,Metropole,32039 ,GHK5559 ,Padron ,2019,P7,0.006575,5.5e-05
AR3 ,Metropole,32038 ,ENN5632 ,Padron ,2019,P7,0.006575,5.5e-05
AR3 ,Metropole,32037 ,GIH1538 ,Padron ,2019,P7,0.006575,5.5e-05
AR3 ,Metropole,32036 ,GEJ8002 ,Padron ,2019,P7,0.006575,5.5e-05
AR3 ,Metropole,32035 ,DEU8488 ,Padron ,2019,P7,0.006575,5.5e-05
AR3 ,Metropole,32034 ,GAD7527 ,Padron ,2019,P7,0.006575,5.5e-05
AR3 ,Metropole,32033 ,EMA1673 ,Padron ,2019,P7,0.006575,5.5e-05
AR3 ,Metropole,32032 ,ETQ1105 ,Padron ,2019,P7,0.006575,5.5e-05
AR3 ,Metropole,32031 ,ERA7408 ,Padron ,2019,P7,0.006575,5.5e-05
AR3 ,Metropole,32030 ,GEV5699 ,Padron ,2019,P7,0.006575,5.5e-05
AR3 ,Metropole,32029 ,EZH6810 ,Padron ,2019,P7,0.006575,5.5e-05
AR3 ,Metropole,32028 ,GID2041 ,Padron ,2019,P7,0.006575,5.5e-05
AR3 ,Metropole,32027 ,FXJ7584 ,Padron ,2019,P7,0.006575,5.5e-05
D2 ,Norte Buss,26488 ,GCG8405 ,Miniônibus ,2019,P7,0.006575,5.5e-05
AR3 ,Metropole,32026 ,GJE6959 ,Padron ,2019,P7,0.006575,5.5e-05
AR3 ,Metropole,32025 ,GAY3326 ,Padron ,2019,P7,0.006575,5.5e-05
AR3 ,Metropole,32024 ,EMW8679 ,Padron ,2019,P7,0.006575,5.5e-05
AR3 ,Metropole,32022 ,GIQ7063 ,Padron ,2019,P7,0.006575,5.5e-05
AR3 ,Metropole,32021 ,FYR6775 ,Padron ,2019,P7,0.006575,5.5e-05
AR3 ,Metropole,32020 ,BVW1173 ,Padron ,2019,P7,0.006575,5.5e-05
AR3 ,Metropole,32019 ,GJR4821 ,Padron ,2019,P7,0.006575,5.5e-05
AR3 ,Metropole,32017 ,GAO1387 ,Padron ,2019,P7,0.006575,5.5e-05
AR3 ,Metropole,32044 ,GHE2194 ,Padron ,2019,P7,0.006575,5.5e-05
E2 ,Sambaiba,21298 ,BQU7485 ,Padron ,2019,P7,0.006575,5.5e-05
E2 ,Sambaiba,21296 ,BSY6478 ,Padron ,2019,P7,0.006575,5.5e-05
AR1 ,G. Preto,13641 ,EKU5242 ,Padron ,2019,P7,0.006575,5.5e-05
E2 ,Sambaiba,21260 ,BYI5348 ,Padron ,2019,P7,0.006575,5.5e-05
E2 ,Sambaiba,21259 ,EUW3E41 ,Padron ,2019,P7,0.006575,5.5e-05
E2 ,Sambaiba,21258 ,DPS2470 ,Padron ,2019,P7,0.006575,5.5e-05
E2 ,Sambaiba,21257 ,BQU3695 ,Padron ,2019,P7,0.006575,5.5e-05
E2 ,Sambaiba,21256 ,EKZ9764 ,Padron ,2019,P7,0.006575,5.5e-05
E2 ,Sambaiba,21255 ,EOD4658 ,Padron ,2019,P7,0.006575,5.5e-05
E2 ,Sambaiba,21253 ,CSV8110 ,Padron ,2019,P7,0.006575,5.5e-05
E2 ,Sambaiba,21252 ,DML1169 ,Padron ,2019,P7,0.006575,5.5e-05
E2 ,Sambaiba,21251 ,CQU4617 ,Padron ,2019,P7,0.006575,5.5e-05
E2 ,Sambaiba,21250 ,BSY7255 ,Padron ,2019,P7,0.006575,5.5e-05
D6 ,Allibus,45060 ,CQU8949 ,Midiônibus ,2019,P7,0.006575,5.5e-05
D6 ,Allibus,45058 ,FBY7469 ,Miniônibus ,2019,P7,0.006575,5.5e-05
D6 ,Allibus,45056 ,GJG3729 ,Miniônibus ,2019,P7,0.006575,5.5e-05
D1 ,D1,15007 ,EZX2806 ,Miniônibus ,2019,P7,0.006575,5.5e-05
D6 ,Allibus,45046 ,DOL8J99 ,Midiônibus ,2019,P7,0.006575,5.5e-05
D1 ,D1,15009 ,EVU6550 ,Miniônibus ,2019,P7,0.006575,5.5e-05
D1 ,D1,15017 ,ERX4749 ,Miniônibus ,2019,P7,0.006575,5.5e-05
D1 ,D1,15022 ,EXN3697 ,Miniônibus ,2019,P7,0.006575,5.5e-05
D1 ,D1,15037 ,ECM4448 ,Miniônibus ,2019,P7,0.006575,5.5e-05
D1 ,D1,15039 ,BYQ5227 ,Miniônibus ,2019,P7,0.006575,5.5e-05
D1 ,D1,15043 ,BTZ3210 ,Miniônibus ,2019,P7,0.006575,5.5e-05
D6 ,Allibus,45016 ,DLL9130 ,Midiônibus ,2019,P7,0.006575,5.5e-05
D1 ,D1,15152 ,DMT6479 ,Miniônibus ,2019,P7,0.006575,5.5e-05
D1 ,D1,15063 ,GDB5H69 ,Miniônibus ,2019,P7,0.006575,5.5e-05
E2 ,Sambaiba,21261 ,EJB2126 ,Padron ,2019,P7,0.006575,5.5e-05
E2 ,Sambaiba,21297 ,DGG7338 ,Padron ,2019,P7,0.006575,5.5e-05
E2 ,Sambaiba,21262 ,DIM6742 ,Padron ,2019,P7,0.006575,5.5e-05
AR1 ,G. Preto,13640 ,ECH3411 ,Padron ,2019,P7,0.006575,5.5e-05
E2 ,Sambaiba,21295 ,DIO5837 ,Padron ,2019,P7,0.006575,5.5e-05
E2 ,Sambaiba,21294 ,DLN2706 ,Padron ,2019,P7,0.006575,5.5e-05
E2 ,Sambaiba,21293 ,EIQ8062 ,Padron ,2019,P7,0.006575,5.5e-05
E2 ,Sambaiba,21292 ,DGG3374 ,Padron ,2019,P7,0.006575,5.5e-05
E2 ,Sambaiba,21291 ,BNB7846 ,Padron ,2019,P7,0.006575,5.5e-05
E2 ,Sambaiba,21290 ,EEP7725 ,Padron ,2019,P7,0.006575,5.5e-05
E2 ,Sambaiba,21289 ,GEO0124 ,Padron ,2019,P7,0.006575,5.5e-05
E2 ,Sambaiba,21288 ,ECI8D06 ,Padron ,2019,P7,0.006575,5.5e-05
E2 ,Sambaiba,21287 ,EDI6265 ,Padron ,2019,P7,0.006575,5.5e-05
E2 ,Sambaiba,21286 ,BZA4173 ,Padron ,2019,P7,0.006575,5.5e-05
E2 ,Sambaiba,21275 ,DQO7784 ,Padron ,2019,P7,0.006575,5.5e-05
E2 ,Sambaiba,21274 ,CUK1760 ,Padron ,2019,P7,0.006575,5.5e-05
E2 ,Sambaiba,21273 ,EVN3969 ,Padron ,2019,P7,0.006575,5.5e-05
E2 ,Sambaiba,21272 ,FOO6657 ,Padron ,2019,P7,0.006575,5.5e-05
E2 ,Sambaiba,21271 ,ELI6346 ,Padron ,2019,P7,0.006575,5.5e-05
E2 ,Sambaiba,21270 ,EPA9985 ,Padron ,2019,P7,0.006575,5.5e-05
D6 ,Allibus,45085 ,EEH1730 ,Midiônibus ,2019,P7,0.006575,5.5e-05
D6 ,Allibus,45084 ,EZC7590 ,Midiônibus ,2019,P7,0.006575,5.5e-05
E2 ,Sambaiba,21269 ,CFZ1553 ,Padron ,2019,P7,0.006575,5.5e-05
E2 ,Sambaiba,21268 ,ENI9631 ,Padron ,2019,P7,0.006575,5.5e-05
E2 ,Sambaiba,21267 ,EUC5459 ,Padron ,2019,P7,0.006575,5.5e-05
E2 ,Sambaiba,21266 ,EMT5902 ,Padron ,2019,P7,0.006575,5.5e-05
E2 ,Sambaiba,21265 ,DWL0538 ,Padron ,2019,P7,0.006575,5.5e-05
E2 ,Sambaiba,21264 ,CRK9624 ,Padron ,2019,P7,0.006575,5.5e-05
AR1 ,G. Preto,13639 ,BZF0930 ,Padron ,2019,P7,0.006575,5.5e-05
E2 ,Sambaiba,21263 ,BXD9067 ,Padron ,2019,P7,0.006575,5.5e-05
AR3 ,Metropole,32045 ,EXO3699 ,Padron ,2019,P7,0.006575,5.5e-05
AR3 ,Metropole,32046 ,EOO3295 ,Padron ,2019,P7,0.006575,5.5e-05
AR3 ,Metropole,32047 ,EXU9288 ,Padron ,2019,P7,0.006575,5.5e-05
AR3 ,Metropole,32156 ,GGD2273 ,Padron ,2019,P7,0.006575,5.5e-05
AR3 ,Metropole,32155 ,EXH0178 ,Padron ,2019,P7,0.006575,5.5e-05
AR3 ,Metropole,32154 ,GHU9938 ,Padron ,2019,P7,0.006575,5.5e-05
AR3 ,Metropole,32153 ,GKF4785 ,Padron ,2019,P7,0.006575,5.5e-05
AR3 ,Metropole,32152 ,GFM3265 ,Padron ,2019,P7,0.006575,5.5e-05
AR3 ,Metropole,32151 ,GBN7329 ,Padron ,2019,P7,0.006575,5.5e-05
AR3 ,Metropole,32150 ,EGJ6603 ,Padron ,2019,P7,0.006575,5.5e-05
AR3 ,Metropole,32149 ,EXJ9650 ,Padron ,2019,P7,0.006575,5.5e-05
AR3 ,Metropole,32148 ,DGY5827 ,Padron ,2019,P7,0.006575,5.5e-05
AR3 ,Metropole,32147 ,DKY2086 ,Padron ,2019,P7,0.006575,5.5e-05
AR3 ,Metropole,32146 ,CUH2973 ,Padron ,2019,P7,0.006575,5.5e-05
AR3 ,Metropole,32145 ,DGG2192 ,Padron ,2019,P7,0.006575,5.5e-05
AR3 ,Metropole,32104 ,GGL1812 ,Padron ,2019,P7,0.006575,5.5e-05
AR3 ,Metropole,32103 ,GHO6328 ,Padron ,2019,P7,0.006575,5.5e-05
AR3 ,Metropole,32102 ,GAN2435 ,Padron ,2019,P7,0.006575,5.5e-05
AR3 ,Metropole,32101 ,GAA0279 ,Padron ,2019,P7,0.006575,5.5e-05
AR3 ,Metropole,32090 ,GDU2996 ,Padron ,2019,P7,0.006575,5.5e-05
AR3 ,Metropole,32089 ,DGY2349 ,Padron ,2019,P7,0.006575,5.5e-05
AR3 ,Metropole,32088 ,ERA3981 ,Padron ,2019,P7,0.006575,5.5e-05
AR3 ,Metropole,32087 ,ESP9312 ,Padron ,2019,P7,0.006575,5.5e-05
AR3 ,Metropole,32086 ,EOC6524 ,Padron ,2019,P7,0.006575,5.5e-05
AR3 ,Metropole,32085 ,DYC1519 ,Padron ,2019,P7,0.006575,5.5e-05
AR3 ,Metropole,32084 ,CGR3275 ,Padron ,2019,P7,0.006575,5.5e-05
AR3 ,Metropole,32083 ,EGQ0922 ,Padron ,2019,P7,0.006575,5.5e-05
AR3 ,Metropole,32082 ,EWE3038 ,Padron ,2019,P7,0.006575,5.5e-05
AR3 ,Metropole,32157 ,ENN1925 ,Padron ,2019,P7,0.006575,5.5e-05
AR3 ,Metropole,32081 ,BRY9518 ,Padron ,2019,P7,0.006575,5.5e-05
AR3 ,Metropole,32158 ,ECY8165 ,Padron ,2019,P7,0.006575,5.5e-05
AR3 ,Metropole,32160 ,EBE4064 ,Padron ,2019,P7,0.006575,5.5e-05
E2 ,Sambaiba,21487 ,BZG4482 ,Padron ,2019,P7,0.006575,5.5e-05
E2 ,Sambaiba,21486 ,EKU2511 ,Padron ,2019,P7,0.006575,5.5e-05
E2 ,Sambaiba,21485 ,EOD0502 ,Padron ,2019,P7,0.006575,5.5e-05
E2 ,Sambaiba,21484 ,BLF7324 ,Padron ,2019,P7,0.006575,5.5e-05
E2 ,Sambaiba,21483 ,EGJ5367 ,Padron ,2019,P7,0.006575,5.5e-05
E2 ,Sambaiba,21482 ,DVT6543 ,Padron ,2019,P7,0.006575,5.5e-05
E2 ,Sambaiba,21481 ,ELA6929 ,Padron ,2019,P7,0.006575,5.5e-05
E2 ,Sambaiba,21480 ,ECH3753 ,Padron ,2019,P7,0.006575,5.5e-05
AR3 ,Metropole,32169 ,GJC3748 ,Padron ,2019,P7,0.006575,5.5e-05
D13 ,Alfa Rodobus,86183 ,CUB6022 ,Midiônibus ,2019,P7,0.006575,5.5e-05
AR3 ,Metropole,32168 ,EDI5098 ,Padron ,2019,P7,0.006575,5.5e-05
AR3 ,Metropole,32167 ,GBN6089 ,Padron ,2019,P7,0.006575,5.5e-05
D13 ,Alfa Rodobus,86182 ,GIZ8779 ,Midiônibus ,2019,P7,0.006575,5.5e-05
AR3 ,Metropole,32166 ,FPP0514 ,Padron ,2019,P7,0.006575,5.5e-05
D3 ,Transunião ,36651 ,GIH6B59 ,Básico ,2019,P7,0.006575,5.5e-05
D3 ,Transunião ,36653 ,GJP3799 ,Básico ,2019,P7,0.006575,5.5e-05
AR3 ,Metropole,32165 ,EBU5666 ,Padron ,2019,P7,0.006575,5.5e-05
D3 ,Transunião ,36655 ,DOM7J29 ,Básico ,2019,P7,0.006575,5.5e-05
D3 ,Transunião ,36656 ,EQR4823 ,Básico ,2019,P7,0.006575,5.5e-05
AR3 ,Metropole,32164 ,DCU3070 ,Padron ,2019,P7,0.006575,5.5e-05
D3 ,Transunião ,36661 ,FYT8F84 ,Midiônibus ,2019,P7,0.006575,5.5e-05
AR3 ,Metropole,32163 ,BYI7895 ,Padron ,2019,P7,0.006575,5.5e-05
D3 ,Transunião ,36664 ,FRF8464 ,Básico ,2019,P7,0.006575,5.5e-05
AR3 ,Metropole,32162 ,DER0271 ,Padron ,2019,P7,0.006575,5.5e-05
AR3 ,Metropole,32161 ,GFU4571 ,Padron ,2019,P7,0.006575,5.5e-05
AR3 ,Metropole,32159 ,ELO3066 ,Padron ,2019,P7,0.006575,5.5e-05
AR3 ,Metropole,32080 ,GBU0617 ,Padron ,2019,P7,0.006575,5.5e-05
AR3 ,Metropole,32079 ,DAH7681 ,Padron ,2019,P7,0.006575,5.5e-05
AR3 ,Metropole,32078 ,GBO9852 ,Padron ,2019,P7,0.006575,5.5e-05
AR3 ,Metropole,32062 ,FZX4267 ,Padron ,2019,P7,0.006575,5.5e-05
D3 ,Transunião ,36675 ,FBV7J48 ,Básico ,2019,P7,0.006575,5.5e-05
AR3 ,Metropole,32061 ,DSM9140 ,Padron ,2019,P7,0.006575,5.5e-05
AR3 ,Metropole,32060 ,BHR9097 ,Padron ,2019,P7,0.006575,5.5e-05
D3 ,Transunião ,36680 ,FZT8478 ,Básico ,2019,P7,0.006575,5.5e-05
AR3 ,Metropole,32059 ,ESP5181 ,Padron ,2019,P7,0.006575,5.5e-05
AR3 ,Metropole,32058 ,EAV1082 ,Padron ,2019,P7,0.006575,5.5e-05
AR3 ,Metropole,32057 ,EUA0829 ,Padron ,2019,P7,0.006575,5.5e-05
D6 ,Allibus,45147 ,GHX6796 ,Midiônibus ,2019,P7,0.006575,5.5e-05
D6 ,Allibus,45145 ,ECD4H00 ,Midiônibus ,2019,P7,0.006575,5.5e-05
D3 ,Transunião ,36688 ,FCW0J68 ,Básico ,2019,P7,0.006575,5.5e-05
AR3 ,Metropole,32056 ,DRQ9400 ,Padron ,2019,P7,0.006575,5.5e-05
D3 ,Transunião ,36691 ,GHY2E77 ,Midiônibus ,2019,P7,0.006575,5.5e-05
D6 ,Allibus,45141 ,FCV8012 ,Midiônibus ,2019,P7,0.006575,5.5e-05
D6 ,Allibus,45140 ,DZA2960 ,Midiônibus ,2019,P7,0.006575,5.5e-05
D3 ,Transunião ,36692 ,BTZ8C38 ,Básico ,2019,P7,0.006575,5.5e-05
AR3 ,Metropole,32055 ,GDF4878 ,Padron ,2019,P7,0.006575,5.5e-05
AR3 ,Metropole,32054 ,FYV9076 ,Padron ,2019,P7,0.006575,5.5e-05
AR3 ,Metropole,32053 ,ECO4237 ,Padron ,2019,P7,0.006575,5.5e-05
AR3 ,Metropole,32052 ,GFV7898 ,Padron ,2019,P7,0.006575,5.5e-05
AR3 ,Metropole,32051 ,ELL9658 ,Padron ,2019,P7,0.006575,5.5e-05
AR3 ,Metropole,32050 ,ELU8414 ,Padron ,2019,P7,0.006575,5.5e-05
D6 ,Allibus,45134 ,DYE1319 ,Midiônibus ,2019,P7,0.006575,5.5e-05
AR3 ,Metropole,32049 ,GHA8548 ,Padron ,2019,P7,0.006575,5.5e-05
AR3 ,Metropole,32048 ,EXE6316 ,Padron ,2019,P7,0.006575,5.5e-05
AR3 ,Metropole,32063 ,BPY6770 ,Padron ,2019,P7,0.006575,5.5e-05
AR3 ,Metropole,32064 ,DMF1785 ,Padron ,2019,P7,0.006575,5.5e-05
AR3 ,Metropole,32065 ,ENE8261 ,Padron ,2019,P7,0.006575,5.5e-05
AR3 ,Metropole,32066 ,BSZ4178 ,Padron ,2019,P7,0.006575,5.5e-05
AR3 ,Metropole,32077 ,CKU1107 ,Padron ,2019,P7,0.006575,5.5e-05
AR3 ,Metropole,32076 ,EZG2960 ,Padron ,2019,P7,0.006575,5.5e-05
AR3 ,Metropole,32075 ,GIR6257 ,Padron ,2019,P7,0.006575,5.5e-05
AR3 ,Metropole,32074 ,EBA8312 ,Padron ,2019,P7,0.006575,5.5e-05
AR3 ,Metropole,32073 ,CUM2486 ,Padron ,2019,P7,0.006575,5.5e-05
E2 ,Sambaiba,21400 ,CQU7560 ,Padron ,2019,P7,0.006575,5.5e-05
E2 ,Sambaiba,21399 ,BRY6329 ,Padron ,2019,P7,0.006575,5.5e-05
E2 ,Sambaiba,21398 ,BPQ5248 ,Padron ,2019,P7,0.006575,5.5e-05
E2 ,Sambaiba,21397 ,DVJ1239 ,Padron ,2019,P7,0.006575,5.5e-05
E2 ,Sambaiba,21396 ,EBV9690 ,Padron ,2019,P7,0.006575,5.5e-05
E2 ,Sambaiba,21395 ,BRY3977 ,Padron ,2019,P7,0.006575,5.5e-05
E2 ,Sambaiba,21394 ,EEY9321 ,Padron ,2019,P7,0.006575,5.5e-05
AR3 ,Metropole,32440 ,GHK3588 ,Padron ,2019,P7,0.006575,5.5e-05
E2 ,Sambaiba,21393 ,DBS0912 ,Padron ,2019,P7,0.006575,5.5e-05
E2 ,Sambaiba,21391 ,DUY4124 ,Padron ,2019,P7,0.006575,5.5e-05
E2 ,Sambaiba,21390 ,GIK4223 ,Padron ,2019,P7,0.006575,5.5e-05
E2 ,Sambaiba,21389 ,BXD5711 ,Padron ,2019,P7,0.006575,5.5e-05
E2 ,Sambaiba,21388 ,CUF9770 ,Padron ,2019,P7,0.006575,5.5e-05
E2 ,Sambaiba,21387 ,EOH3107 ,Padron ,2019,P7,0.006575,5.5e-05
E2 ,Sambaiba,21386 ,DES8409 ,Padron ,2019,P7,0.006575,5.5e-05
AR3 ,Metropole,32072 ,ECU1057 ,Padron ,2019,P7,0.006575,5.5e-05
AR3 ,Metropole,32071 ,FSM6195 ,Padron ,2019,P7,0.006575,5.5e-05
AR3 ,Metropole,32070 ,GEX5914 ,Padron ,2019,P7,0.006575,5.5e-05
AR3 ,Metropole,32069 ,FNU0439 ,Padron ,2019,P7,0.006575,5.5e-05
AR3 ,Metropole,32068 ,ELI8793 ,Padron ,2019,P7,0.006575,5.5e-05
AR3 ,Metropole,32067 ,EVA9386 ,Padron ,2019,P7,0.006575,5.5e-05
E2 ,Sambaiba,21392 ,DXN3193 ,Padron ,2019,P7,0.006575,5.5e-05
AR2 ,Sambaiba,22498 ,CPG1081 ,Padron ,2019,P7,0.006575,5.5e-05
D3 ,Transunião ,36182 ,GBF8198 ,Básico ,2019,P7,0.006575,5.5e-05
AR2 ,Sambaiba,22499 ,CAG8241 ,Padron ,2019,P7,0.006575,5.5e-05
D6 ,Allibus,45507 ,GDG4119 ,Midiônibus ,2019,P7,0.006575,5.5e-05
E1 ,Brigida,11067 ,GET9108 ,Articulado ,2019,P7,0.006575,5.5e-05
E1 ,Brigida,11068 ,GJW4687 ,Articulado ,2019,P7,0.006575,5.5e-05
D1 ,Norte Buss,16056 ,EYY9096 ,Miniônibus ,2019,P7,0.006575,5.5e-05
E1 ,Brigida,11069 ,GCS8435 ,Articulado ,2019,P7,0.006575,5.5e-05
E1 ,Brigida,11070 ,GEN8728 ,Articulado ,2019,P7,0.006575,5.5e-05
E1 ,Brigida,11071 ,GHS8876 ,Articulado ,2019,P7,0.006575,5.5e-05
E1 ,Brigida,11072 ,GGQ7139 ,Articulado ,2019,P7,0.006575,5.5e-05
E1 ,Brigida,11066 ,GJV5796 ,Articulado ,2019,P7,0.006575,5.5e-05
E1 ,Brigida,11073 ,GDC6539 ,Articulado ,2019,P7,0.006575,5.5e-05
E1 ,Brigida,11074 ,GBC9775 ,Articulado ,2019,P7,0.006575,5.5e-05
D1 ,Norte Buss,16455 ,GJA3855 ,Miniônibus ,2019,P7,0.006575,5.5e-05
E1 ,Brigida,11075 ,GEX7528 ,Articulado ,2019,P7,0.006575,5.5e-05
AR2 ,Sambaiba,22647 ,CGS9986 ,Padron ,2019,P7,0.006575,5.5e-05
E1 ,Brigida,11076 ,FYU5711 ,Articulado ,2019,P7,0.006575,5.5e-05
D2 ,Spencer,25173 ,FYG1B85 ,Básico ,2019,P7,0.006575,5.5e-05
E1 ,Brigida,11077 ,GCT1341 ,Articulado ,2019,P7,0.006575,5.5e-05
E1 ,Brigida,11078 ,GEU8164 ,Articulado ,2019,P7,0.006575,5.5e-05
AR2 ,Sambaiba,22648 ,CFZ8443 ,Padron ,2019,P7,0.006575,5.5e-05
E1 ,Brigida,11079 ,GIY8297 ,Articulado ,2019,P7,0.006575,5.5e-05
E1 ,Brigida,11064 ,FTV4103 ,Articulado ,2019,P7,0.006575,5.5e-05
D6 ,Allibus,45508 ,CSN2949 ,Midiônibus ,2019,P7,0.006575,5.5e-05
AR1 ,Brigida,10659 ,FAC9114 ,Padron ,2019,P7,0.006575,5.5e-05
AR1 ,Brigida,10660 ,GCD6372 ,Padron ,2019,P7,0.006575,5.5e-05
E1 ,Brigida,11051 ,GDT3889 ,Articulado ,2019,P7,0.006575,5.5e-05
E1 ,Brigida,11052 ,GDW8142 ,Articulado ,2019,P7,0.006575,5.5e-05
E1 ,Brigida,11053 ,GDY7057 ,Articulado ,2019,P7,0.006575,5.5e-05
E1 ,Brigida,11054 ,FGT6803 ,Articulado ,2019,P7,0.006575,5.5e-05
E1 ,Brigida,11055 ,FLZ6869 ,Articulado ,2019,P7,0.006575,5.5e-05
E1 ,Brigida,11056 ,GEG4186 ,Articulado ,2019,P7,0.006575,5.5e-05
E1 ,Brigida,11063 ,GAU3296 ,Articulado ,2019,P7,0.006575,5.5e-05
AR2 ,Sambaiba,22649 ,EJW8975 ,Padron ,2019,P7,0.006575,5.5e-05
E1 ,Brigida,11058 ,GIK1758 ,Articulado ,2019,P7,0.006575,5.5e-05
E1 ,Brigida,11059 ,FJQ7168 ,Articulado ,2019,P7,0.006575,5.5e-05
D6 ,Allibus,45510 ,GCU7538 ,Midiônibus ,2019,P7,0.006575,5.5e-05
E1 ,Brigida,11060 ,GJT1768 ,Articulado ,2019,P7,0.006575,5.5e-05
D1 ,Norte Buss,16442 ,EUO8232 ,Miniônibus ,2019,P7,0.006575,5.5e-05
E1 ,Brigida,11061 ,GIR7747 ,Articulado ,2019,P7,0.006575,5.5e-05
D1 ,Norte Buss,16057 ,CFD5047 ,Miniônibus ,2019,P7,0.006575,5.5e-05
E1 ,Brigida,11062 ,GAH9685 ,Articulado ,2019,P7,0.006575,5.5e-05
E1 ,Brigida,11057 ,GAW1028 ,Articulado ,2019,P7,0.006575,5.5e-05
E1 ,Brigida,11080 ,GGJ8667 ,Articulado ,2019,P7,0.006575,5.5e-05
E1 ,Brigida,11081 ,GCH6528 ,Articulado ,2019,P7,0.006575,5.5e-05
E1 ,Brigida,11082 ,FVR6873 ,Articulado ,2019,P7,0.006575,5.5e-05
AR3 ,Metropole,32949 ,EUR6536 ,Padron ,2019,P7,0.006575,5.5e-05
AR3 ,Metropole,32952 ,GGN7418 ,Padron ,2019,P7,0.006575,5.5e-05
D1 ,Norte Buss,16164 ,EOB7074 ,Miniônibus ,2019,P7,0.006575,5.5e-05
D1 ,Norte Buss,16480 ,GEQ6428 ,Miniônibus ,2019,P7,0.006575,5.5e-05
AR3 ,Metropole,32969 ,EUX1560 ,Padron ,2019,P7,0.006575,5.5e-05
D1 ,Norte Buss,16177 ,EIN9457 ,Miniônibus ,2019,P7,0.006575,5.5e-05
D1 ,Norte Buss,16167 ,EPA7477 ,Miniônibus ,2019,P7,0.006575,5.5e-05
D1 ,Norte Buss,16168 ,EGX7414 ,Miniônibus ,2019,P7,0.006575,5.5e-05
D4 ,Alfa Rodobus SPE,35735 ,DWP8750 ,Miniônibus ,2019,P7,0.006575,5.5e-05
D1 ,Norte Buss,16023 ,FHC1435 ,Miniônibus ,2019,P7,0.006575,5.5e-05
AR2 ,Sambaiba,22644 ,CFZ1444 ,Padron ,2019,P7,0.006575,5.5e-05
AR2 ,Sambaiba,22785 ,EVA6152 ,Padron ,2019,P7,0.006575,5.5e-05
AR2 ,Sambaiba,22784 ,CFB7097 ,Padron ,2019,P7,0.006575,5.5e-05
AR2 ,Sambaiba,22783 ,CUN8E68 ,Padron ,2019,P7,0.006575,5.5e-05
AR1 ,Brigida,10500 ,GGX9578 ,Padron ,2019,P7,0.006575,5.5e-05
AR2 ,Sambaiba,22643 ,BSZ3501 ,Padron ,2019,P7,0.006575,5.5e-05
D2 ,Spencer,25305 ,DYX4D25 ,Miniônibus ,2019,P7,0.006575,5.5e-05
AR1 ,Brigida,10499 ,GIW8J89 ,Padron ,2019,P7,0.006575,5.5e-05
D4 ,Alfa Rodobus SPE,35712 ,DMG1356 ,Miniônibus ,2019,P7,0.006575,5.5e-05
D1 ,Norte Buss,16473 ,CPJ7123 ,Miniônibus ,2019,P7,0.006575,5.5e-05
D1 ,Norte Buss,16469 ,GGN4962 ,Miniônibus ,2019,P7,0.006575,5.5e-05
D6 ,Allibus,45472 ,GFR8759 ,Midiônibus ,2019,P7,0.006575,5.5e-05
E1 ,Brigida,11083 ,GKB6329 ,Articulado ,2019,P7,0.006575,5.5e-05
E1 ,Brigida,11084 ,FJX1893 ,Articulado ,2019,P7,0.006575,5.5e-05
E1 ,Brigida,11085 ,GJO4175 ,Articulado ,2019,P7,0.006575,5.5e-05
AR2 ,Sambaiba,22646 ,GHX2603 ,Padron ,2019,P7,0.006575,5.5e-05
E1 ,Brigida,11086 ,GJQ7633 ,Articulado ,2019,P7,0.006575,5.5e-05
E1 ,Brigida,11087 ,EZL7713 ,Articulado ,2019,P7,0.006575,5.5e-05
E1 ,Brigida,11088 ,GAS3268 ,Articulado ,2019,P7,0.006575,5.5e-05
E1 ,Brigida,11089 ,GKE4645 ,Articulado ,2019,P7,0.006575,5.5e-05
AR2 ,Sambaiba,22645 ,BZA3897 ,Padron ,2019,P7,0.006575,5.5e-05
E1 ,Brigida,11090 ,GIP0782 ,Articulado ,2019,P7,0.006575,5.5e-05
D1 ,Norte Buss,16221 ,EIR8700 ,Miniônibus ,2019,P7,0.006575,5.5e-05
AR3 ,Metropole,32948 ,GCZ3812 ,Padron ,2019,P7,0.006575,5.5e-05
E1 ,Brigida,11091 ,GFL7834 ,Articulado ,2019,P7,0.006575,5.5e-05
E1 ,Brigida,11092 ,GEW2693 ,Articulado ,2019,P7,0.006575,5.5e-05
E1 ,Brigida,11093 ,GCY7681 ,Articulado ,2019,P7,0.006575,5.5e-05
E1 ,Brigida,11094 ,FKP8183 ,Articulado ,2019,P7,0.006575,5.5e-05
E1 ,Brigida,11095 ,GFS7294 ,Articulado ,2019,P7,0.006575,5.5e-05
D1 ,Norte Buss,16160 ,ESW5950 ,Miniônibus ,2019,P7,0.006575,5.5e-05
D6 ,Allibus,45473 ,FUD4989 ,Midiônibus ,2019,P7,0.006575,5.5e-05
D1 ,Norte Buss,16062 ,DAT4872 ,Miniônibus ,2019,P7,0.006575,5.5e-05
AR1 ,Brigida,10658 ,DSV5096 ,Padron ,2019,P7,0.006575,5.5e-05
D6 ,Allibus,45526 ,GAL3F37 ,Midiônibus ,2019,P7,0.006575,5.5e-05
AR1 ,Brigida,10657 ,EXO3440 ,Padron ,2019,P7,0.006575,5.5e-05
D1 ,Norte Buss,16265 ,DKK4195 ,Miniônibus ,2019,P7,0.006575,5.5e-05
AR3 ,Metropole,32908 ,END1053 ,Padron ,2019,P7,0.006575,5.5e-05
AR3 ,Metropole,32911 ,GEY4454 ,Padron ,2019,P7,0.006575,5.5e-05
AR3 ,Metropole,32934 ,EAI5831 ,Padron ,2019,P7,0.006575,5.5e-05
D1 ,Norte Buss,16201 ,EZI8931 ,Miniônibus ,2019,P7,0.006575,5.5e-05
AR3 ,Metropole,32935 ,EBT9820 ,Padron ,2019,P7,0.006575,5.5e-05
D6 ,Allibus,45636 ,CUL8959 ,Midiônibus ,2019,P7,0.006575,5.5e-05
D1 ,Norte Buss,16278 ,EOD8668 ,Miniônibus ,2019,P7,0.006575,5.5e-05
D1 ,Norte Buss,16207 ,GKH7657 ,Miniônibus ,2019,P7,0.006575,5.5e-05
AR3 ,Metropole,32936 ,ELA1460 ,Padron ,2019,P7,0.006575,5.5e-05
D1 ,Norte Buss,16293 ,GGU3963 ,Miniônibus ,2019,P7,0.006575,5.5e-05
D1 ,Norte Buss,16102 ,GHL0724 ,Miniônibus ,2019,P7,0.006575,5.5e-05
D6 ,Allibus,45581 ,GAX5619 ,Midiônibus ,2019,P7,0.006575,5.5e-05
D6 ,Allibus,45580 ,GCV7D39 ,Midiônibus ,2019,P7,0.006575,5.5e-05
D1 ,Norte Buss,16100 ,EXL9230 ,Miniônibus ,2019,P7,0.006575,5.5e-05
D1 ,Norte Buss,16295 ,FOS7935 ,Miniônibus ,2019,P7,0.006575,5.5e-05
AR3 ,Metropole,32937 ,EKU2224 ,Padron ,2019,P7,0.006575,5.5e-05
AR3 ,Metropole,32938 ,EEB5695 ,Padron ,2019,P7,0.006575,5.5e-05
D4 ,Alfa Rodobus SPE,35758 ,GCG9704 ,Miniônibus ,2019,P7,0.006575,5.5e-05
D4 ,Alfa Rodobus SPE,35811 ,EJX5684 ,Miniônibus ,2019,P7,0.006575,5.5e-05
AR3 ,Metropole,32907 ,GIU2795 ,Padron ,2019,P7,0.006575,5.5e-05
D1 ,Norte Buss,16110 ,EJC2770 ,Miniônibus ,2019,P7,0.006575,5.5e-05
D1 ,Norte Buss,16121 ,EXZ0331 ,Miniônibus ,2019,P7,0.006575,5.5e-05
D1 ,Norte Buss,16124 ,EJZ6274 ,Miniônibus ,2019,P7,0.006575,5.5e-05
D6 ,Allibus,45611 ,EMU9H88 ,Midiônibus ,2019,P7,0.006575,5.5e-05
D1 ,Norte Buss,16231 ,DIM2231 ,Miniônibus ,2019,P7,0.006575,5.5e-05
D6 ,Allibus,45608 ,BYI9370 ,Midiônibus ,2019,P7,0.006575,5.5e-05
D1 ,Norte Buss,16217 ,EXN1697 ,Miniônibus ,2019,P7,0.006575,5.5e-05
D13 ,Alfa Rodobus,86347 ,EET2880 ,Midiônibus ,2019,P7,0.006575,5.5e-05
D1 ,Norte Buss,16244 ,EOO5964 ,Miniônibus ,2019,P7,0.006575,5.5e-05
AR3 ,Metropole,32900 ,GIJ9268 ,Padron ,2019,P7,0.006575,5.5e-05
D4 ,Alfa Rodobus SPE,35798 ,EXV3068 ,Miniônibus ,2019,P7,0.006575,5.5e-05
AR3 ,Metropole,32901 ,GJF6073 ,Padron ,2019,P7,0.006575,5.5e-05
AR3 ,Metropole,32902 ,GKG9269 ,Padron ,2019,P7,0.006575,5.5e-05
AR3 ,Metropole,32903 ,GFK1496 ,Padron ,2019,P7,0.006575,5.5e-05
D6 ,Allibus,45620 ,FCW0983 ,Midiônibus ,2019,P7,0.006575,5.5e-05
D1 ,Norte Buss,16250 ,EBJ6830 ,Miniônibus ,2019,P7,0.006575,5.5e-05
AR3 ,Metropole,32904 ,EXR7379 ,Padron ,2019,P7,0.006575,5.5e-05
D6 ,Allibus,45600 ,DUC7319 ,Midiônibus ,2019,P7,0.006575,5.5e-05
AR3 ,Metropole,32905 ,GJI9156 ,Padron ,2019,P7,0.006575,5.5e-05
AR3 ,Metropole,32906 ,GFY3847 ,Padron ,2019,P7,0.006575,5.5e-05
D6 ,Allibus,45576 ,FOG1259 ,Midiônibus ,2019,P7,0.006575,5.5e-05
AR1 ,Brigida,10498 ,GIX3107 ,Padron ,2019,P7,0.006575,5.5e-05
D1 ,Norte Buss,16311 ,FKQ1141 ,Miniônibus ,2019,P7,0.006575,5.5e-05
D1 ,Norte Buss,16312 ,FQS3602 ,Miniônibus ,2019,P7,0.006575,5.5e-05
D1 ,Norte Buss,16361 ,DSC1691 ,Miniônibus ,2019,P7,0.006575,5.5e-05
AR3 ,Metropole,32441 ,GEE5316 ,Padron ,2019,P7,0.006575,5.5e-05
D1 ,Norte Buss,16184 ,BPZ9084 ,Miniônibus ,2019,P7,0.006575,5.5e-05
D1 ,Norte Buss,16072 ,FVZ7012 ,Miniônibus ,2019,P7,0.006575,5.5e-05
D6 ,Allibus,45538 ,DGY7G89 ,Midiônibus ,2019,P7,0.006575,5.5e-05
D1 ,Norte Buss,16399 ,EZO2599 ,Miniônibus ,2019,P7,0.006575,5.5e-05
D1 ,Norte Buss,16400 ,FVG9169 ,Miniônibus ,2019,P7,0.006575,5.5e-05
D6 ,Allibus,45536 ,DIE9299 ,Midiônibus ,2019,P7,0.006575,5.5e-05
D1 ,Norte Buss,16153 ,GAD1353 ,Miniônibus ,2019,P7,0.006575,5.5e-05
D6 ,Allibus,45534 ,EUK7090 ,Midiônibus ,2019,P7,0.006575,5.5e-05
D1 ,Norte Buss,16065 ,FAK2225 ,Miniônibus ,2019,P7,0.006575,5.5e-05
AR3 ,Metropole,32947 ,ERI5562 ,Padron ,2019,P7,0.006575,5.5e-05
AR1 ,Brigida,10651 ,GJQ5273 ,Padron ,2019,P7,0.006575,5.5e-05
AR1 ,Brigida,10652 ,GCZ6528 ,Padron ,2019,P7,0.006575,5.5e-05
AR1 ,Brigida,10653 ,GFC8567 ,Padron ,2019,P7,0.006575,5.5e-05
AR1 ,Brigida,10654 ,GIX6282 ,Padron ,2019,P7,0.006575,5.5e-05
AR1 ,Brigida,10655 ,EYH1109 ,Padron ,2019,P7,0.006575,5.5e-05
AR1 ,Brigida,10656 ,EOE3680 ,Padron ,2019,P7,0.006575,5.5e-05
D1 ,Norte Buss,16408 ,EGX0818 ,Miniônibus ,2019,P7,0.006575,5.5e-05
D2 ,Spencer,25029 ,EJV8G46 ,Miniônibus ,2019,P7,0.006575,5.5e-05
D2 ,Spencer,25020 ,BPQ6A07 ,Miniônibus ,2019,P7,0.006575,5.5e-05
D2 ,Spencer,25014 ,DSM2F38 ,Miniônibus ,2019,P7,0.006575,5.5e-05
D4 ,Alfa Rodobus SPE,35752 ,CTS2142 ,Miniônibus ,2019,P7,0.006575,5.5e-05
AR3 ,Metropole,32939 ,ELU0337 ,Padron ,2019,P7,0.006575,5.5e-05
AR3 ,Metropole,32940 ,BYJ6614 ,Padron ,2019,P7,0.006575,5.5e-05
D6 ,Allibus,45573 ,FZH8381 ,Midiônibus ,2019,P7,0.006575,5.5e-05
AR3 ,Metropole,32941 ,ENE8838 ,Padron ,2019,P7,0.006575,5.5e-05
AR3 ,Metropole,32942 ,ETU3524 ,Padron ,2019,P7,0.006575,5.5e-05
AR3 ,Metropole,32943 ,FUT2397 ,Padron ,2019,P7,0.006575,5.5e-05
D2 ,Spencer,25001 ,EKH0C75 ,Miniônibus ,2019,P7,0.006575,5.5e-05
AR3 ,Metropole,32944 ,GJM9388 ,Padron ,2019,P7,0.006575,5.5e-05
AR3 ,Metropole,32945 ,EVP9289 ,Padron ,2019,P7,0.006575,5.5e-05
AR2 ,Sambaiba,22650 ,BNW5289 ,Padron ,2019,P7,0.006575,5.5e-05
AR3 ,Metropole,32946 ,GGQ4298 ,Padron ,2019,P7,0.006575,5.5e-05
D2 ,Spencer,25004 ,EJT5436 ,Miniônibus ,2019,P7,0.006575,5.5e-05
D2 ,Spencer,25008 ,EJX0H90 ,Miniônibus ,2019,P7,0.006575,5.5e-05
D1 ,Norte Buss,16186 ,CSK9856 ,Miniônibus ,2019,P7,0.006575,5.5e-05
D2 ,Spencer,25013 ,EEI6D19 ,Miniônibus ,2019,P7,0.006575,5.5e-05
D6 ,Allibus,45649 ,GHI5968 ,Midiônibus ,2019,P7,0.006575,5.5e-05
D6 ,Allibus,45560 ,CRM7919 ,Midiônibus ,2019,P7,0.006575,5.5e-05
D1 ,Norte Buss,16087 ,BWK8307 ,Miniônibus ,2019,P7,0.006575,5.5e-05
D1 ,Norte Buss,16094 ,ENZ1454 ,Miniônibus ,2019,P7,0.006575,5.5e-05
AR2 ,Sambaiba,22642 ,DJG2668 ,Padron ,2019,P7,0.006575,5.5e-05
D1 ,Norte Buss,16219 ,FUG9679 ,Miniônibus ,2019,P7,0.006575,5.5e-05
AR1 ,Brigida,10496 ,GDN1328 ,Padron ,2019,P7,0.006575,5.5e-05
D1 ,Norte Buss,16515 ,BYQ1345 ,Miniônibus ,2019,P7,0.006575,5.5e-05
E1 ,Brigida,11507 ,GGL3739 ,Padron ,2019,P7,0.006575,5.5e-05
D2 ,Norte Buss,26020 ,DWR7440 ,Miniônibus ,2019,P7,0.006575,5.5e-05
E1 ,Brigida,11506 ,FVP8689 ,Padron ,2019,P7,0.006575,5.5e-05
D2 ,Norte Buss,26022 ,EXJ4552 ,Miniônibus ,2019,P7,0.006575,5.5e-05
E1 ,Brigida,11505 ,GJG6975 ,Padron ,2019,P7,0.006575,5.5e-05
AR1 ,Brigida,10483 ,GJX2678 ,Padron ,2019,P7,0.006575,5.5e-05
D6 ,Allibus,45446 ,GCB7622 ,Midiônibus ,2019,P7,0.006575,5.5e-05
AR1 ,Brigida,10484 ,GAJ2686 ,Padron ,2019,P7,0.006575,5.5e-05
D2 ,Norte Buss,26031 ,FKE5129 ,Miniônibus ,2019,P7,0.006575,5.5e-05
D2 ,Norte Buss,26032 ,GAX7822 ,Miniônibus ,2019,P7,0.006575,5.5e-05
AR1 ,Brigida,10485 ,GFW6698 ,Padron ,2019,P7,0.006575,5.5e-05
D3 ,Transunião ,36002 ,FAO6812 ,Básico ,2019,P7,0.006575,5.5e-05
E1 ,Brigida,11504 ,GAZ4139 ,Padron ,2019,P7,0.006575,5.5e-05
D3 ,Transunião ,36004 ,FCL9D02 ,Básico ,2019,P7,0.006575,5.5e-05
E1 ,Brigida,11503 ,GHL4998 ,Padron ,2019,P7,0.006575,5.5e-05
D2 ,Norte Buss,26047 ,FPR2537 ,Miniônibus ,2019,P7,0.006575,5.5e-05
AR2 ,Sambaiba,22776 ,BKU5871 ,Padron ,2019,P7,0.006575,5.5e-05
D2 ,Norte Buss,26055 ,FVC8135 ,Miniônibus ,2019,P7,0.006575,5.5e-05
AR1 ,Brigida,10486 ,GDQ2516 ,Padron ,2019,P7,0.006575,5.5e-05
E1 ,Brigida,11502 ,FKP0391 ,Padron ,2019,P7,0.006575,5.5e-05
D2 ,Norte Buss,26063 ,EZE7673 ,Miniônibus ,2019,P7,0.006575,5.5e-05
D6 ,Allibus,45704 ,CQU8530 ,Midiônibus ,2019,P7,0.006575,5.5e-05
D4 ,Alfa Rodobus SPE,35985 ,ECI1650 ,Miniônibus ,2019,P7,0.006575,5.5e-05
D1 ,Norte Buss,16510 ,EOA2099 ,Miniônibus ,2019,P7,0.006575,5.5e-05
E1 ,Brigida,11508 ,GDZ4119 ,Padron ,2019,P7,0.006575,5.5e-05
D6 ,Allibus,45413 ,FAU9348 ,Midiônibus ,2019,P7,0.006575,5.5e-05
E1 ,Brigida,11520 ,GHW1808 ,Padron ,2019,P7,0.006575,5.5e-05
D6 ,Allibus,45422 ,EQG2040 ,Midiônibus ,2019,P7,0.006575,5.5e-05
E1 ,Brigida,11519 ,FBY7209 ,Padron ,2019,P7,0.006575,5.5e-05
E1 ,Brigida,11518 ,GCN7218 ,Padron ,2019,P7,0.006575,5.5e-05
D2 ,Spencer,25642 ,ECH6346 ,Miniônibus ,2019,P7,0.006575,5.5e-05
E1 ,Brigida,11517 ,FLY9631 ,Padron ,2019,P7,0.006575,5.5e-05
D6 ,Allibus,45428 ,DFU9249 ,Midiônibus ,2019,P7,0.006575,5.5e-05
D6 ,Allibus,45429 ,DOC2G20 ,Midiônibus ,2019,P7,0.006575,5.5e-05
D2 ,Spencer,25645 ,FLJ0389 ,Miniônibus ,2019,P7,0.006575,5.5e-05
E1 ,Brigida,11516 ,GFU2897 ,Padron ,2019,P7,0.006575,5.5e-05
E1 ,Brigida,11515 ,GCV5879 ,Padron ,2019,P7,0.006575,5.5e-05
AR1 ,Brigida,10487 ,GCK4736 ,Padron ,2019,P7,0.006575,5.5e-05
E1 ,Brigida,11514 ,GGR5037 ,Padron ,2019,P7,0.006575,5.5e-05
AR1 ,Brigida,10482 ,GAC0739 ,Padron ,2019,P7,0.006575,5.5e-05
D1 ,Norte Buss,16488 ,BTZ6488 ,Miniônibus ,2019,P7,0.006575,5.5e-05
AR1 ,Brigida,10481 ,GFQ3557 ,Padron ,2019,P7,0.006575,5.5e-05
E1 ,Brigida,11513 ,GGD4318 ,Padron ,2019,P7,0.006575,5.5e-05
E1 ,Brigida,11512 ,FLR4792 ,Padron ,2019,P7,0.006575,5.5e-05
D4 ,Alfa Rodobus SPE,35952 ,DZJ4689 ,Miniônibus ,2019,P7,0.006575,5.5e-05
E1 ,Brigida,11511 ,FQT4917 ,Padron ,2019,P7,0.006575,5.5e-05
E1 ,Brigida,11510 ,GIQ6668 ,Padron ,2019,P7,0.006575,5.5e-05
E1 ,Brigida,11509 ,GGX0029 ,Padron ,2019,P7,0.006575,5.5e-05
D1 ,Norte Buss,16500 ,BYW4755 ,Miniônibus ,2019,P7,0.006575,5.5e-05
D1 ,Norte Buss,16506 ,FCS2186 ,Miniônibus ,2019,P7,0.006575,5.5e-05
AR1 ,Brigida,10497 ,GGV4418 ,Padron ,2019,P7,0.006575,5.5e-05
D2 ,Norte Buss,26065 ,EOD0385 ,Miniônibus ,2019,P7,0.006575,5.5e-05
AR2 ,Sambaiba,22636 ,DKU3965 ,Padron ,2019,P7,0.006575,5.5e-05
AR2 ,Sambaiba,22777 ,CQW3805 ,Padron ,2019,P7,0.006575,5.5e-05
D2 ,Norte Buss,26078 ,CLJ3288 ,Miniônibus ,2019,P7,0.006575,5.5e-05
D6 ,Allibus,45702 ,GAV1058 ,Midiônibus ,2019,P7,0.006575,5.5e-05
AR2 ,Sambaiba,22778 ,DMT6950 ,Padron ,2019,P7,0.006575,5.5e-05
AR1 ,Brigida,10488 ,GCP0149 ,Padron ,2019,P7,0.006575,5.5e-05
AR2 ,Sambaiba,22638 ,CUF5725 ,Padron ,2019,P7,0.006575,5.5e-05
D1 ,Norte Buss,16540 ,DVC6390 ,Miniônibus ,2019,P7,0.006575,5.5e-05
AR1 ,Brigida,10489 ,GDE4179 ,Padron ,2019,P7,0.006575,5.5e-05
E1 ,Brigida,11501 ,FWR4609 ,Padron ,2019,P7,0.006575,5.5e-05
D1 ,Norte Buss,16012 ,GCU3007 ,Miniônibus ,2019,P7,0.006575,5.5e-05
AR1 ,Brigida,10491 ,GHQ7549 ,Padron ,2019,P7,0.006575,5.5e-05
D2 ,Norte Buss,26099 ,GBY0789 ,Miniônibus ,2019,P7,0.006575,5.5e-05
D3 ,Transunião ,36033 ,EDI7963 ,Básico ,2019,P7,0.006575,5.5e-05
AR1 ,Brigida,10492 ,GDB2187 ,Padron ,2019,P7,0.006575,5.5e-05
AR2 ,Sambaiba,22779 ,CDM0992 ,Padron ,2019,P7,0.006575,5.5e-05
D3 ,Transunião ,36035 ,EEE2645 ,Básico ,2019,P7,0.006575,5.5e-05
AR2 ,Sambaiba,22639 ,BWW3786 ,Padron ,2019,P7,0.006575,5.5e-05
AR3 ,Metropole,32442 ,GKF8629 ,Padron ,2019,P7,0.006575,5.5e-05
AR2 ,Sambaiba,22780 ,BPO4843 ,Padron ,2019,P7,0.006575,5.5e-05
AR2 ,Sambaiba,22640 ,CBF6B46 ,Padron ,2019,P7,0.006575,5.5e-05
AR2 ,Sambaiba,22781 ,DWQ7699 ,Padron ,2019,P7,0.006575,5.5e-05
AR1 ,Brigida,10493 ,GIQ5428 ,Padron ,2019,P7,0.006575,5.5e-05
AR2 ,Sambaiba,22641 ,DSI0972 ,Padron ,2019,P7,0.006575,5.5e-05
AR1 ,Brigida,10494 ,GDE7658 ,Padron ,2019,P7,0.006575,5.5e-05
D1 ,Norte Buss,16018 ,FNR0174 ,Miniônibus ,2019,P7,0.006575,5.5e-05
AR2 ,Sambaiba,22782 ,CRX6091 ,Padron ,2019,P7,0.006575,5.5e-05
D1 ,Norte Buss,16019 ,FPQ8279 ,Miniônibus ,2019,P7,0.006575,5.5e-05
AR1 ,Brigida,10495 ,GDQ5399 ,Padron ,2019,P7,0.006575,5.5e-05
AR2 ,Sambaiba,22637 ,DGY9678 ,Padron ,2019,P7,0.006575,5.5e-05
D1 ,Norte Buss,16537 ,EBF7787 ,Miniônibus ,2019,P7,0.006575,5.5e-05
AR1 ,Brigida,10490 ,GFP9326 ,Padron ,2019,P7,0.006575,5.5e-05
D1 ,Norte Buss,16535 ,ENI0613 ,Miniônibus ,2019,P7,0.006575,5.5e-05
D6 ,Allibus,45398 ,EZU8857 ,Midiônibus ,2019,P7,0.006575,5.5e-05
D3 ,Transunião ,36013 ,GAY8B30 ,Midiônibus ,2019,P7,0.006575,5.5e-05
D2 ,Norte Buss,26066 ,EPA9838 ,Miniônibus ,2019,P7,0.006575,5.5e-05
D6 ,Allibus,45452 ,DMR4237 ,Midiônibus ,2019,P7,0.006575,5.5e-05
D2 ,Norte Buss,26072 ,GIB2972 ,Miniônibus ,2019,P7,0.006575,5.5e-05
D2 ,Norte Buss,26073 ,BWT2113 ,Miniônibus ,2019,P7,0.006575,5.5e-05
AR7 ,Nova Paineira,75443 ,DIO0E82 ,Padron ,2020,P7,0.006575,5.5e-05
D1 ,Norte Buss,16218 ,BWV7428 ,Miniônibus ,2020,P7,0.006575,5.5e-05
E6 ,Grajau,61377 ,CUF5G51 ,Articulado ,2020,P7,0.006575,5.5e-05
E6 ,Grajau,61376 ,FMQ1G92 ,Articulado ,2020,P7,0.006575,5.5e-05
E7 ,Metropole,73931 ,GHP8053 ,Articulado ,2020,P7,0.006575,5.5e-05
E7 ,Metropole,73641 ,GFY2C38 ,Articulado ,2020,P7,0.006575,5.5e-05
E7 ,Metropole,73930 ,GJT5896 ,Articulado ,2020,P7,0.006575,5.5e-05
E7 ,Metropole,73929 ,ECE0676 ,Articulado ,2020,P7,0.006575,5.5e-05
E6 ,Grajau,61375 ,FQM2B44 ,Articulado ,2020,P7,0.006575,5.5e-05
D1 ,Norte Buss,16185 ,FUV8E65 ,Miniônibus ,2020,P7,0.006575,5.5e-05
E7 ,Metropole,73928 ,ETZ6961 ,Articulado ,2020,P7,0.006575,5.5e-05
D13 ,Alfa Rodobus,86463 ,GAY0I20 ,Midiônibus ,2020,P7,0.006575,5.5e-05
D12 ,Transcap,85686 ,GEP3736 ,Midiônibus ,2020,P7,0.006575,5.5e-05
E7 ,Metropole,73927 ,EDI7006 ,Articulado ,2020,P7,0.006575,5.5e-05
E7 ,Metropole,73926 ,EXJ5650 ,Articulado ,2020,P7,0.006575,5.5e-05
E6 ,Grajau,61378 ,FCQ5I12 ,Articulado ,2020,P7,0.006575,5.5e-05
E7 ,Metropole,73637 ,GFU2A85 ,Articulado ,2020,P7,0.006575,5.5e-05
E6 ,Grajau,61379 ,FMP0E47 ,Articulado ,2020,P7,0.006575,5.5e-05
E6 ,Grajau,61381 ,GBP6F78 ,Articulado ,2020,P7,0.006575,5.5e-05
D1 ,Norte Buss,16204 ,FLH5C94 ,Miniônibus ,2020,P7,0.006575,5.5e-05
E7 ,Metropole,73932 ,BJO5414 ,Articulado ,2020,P7,0.006575,5.5e-05
D1 ,Norte Buss,16202 ,EXT8A42 ,Miniônibus ,2020,P7,0.006575,5.5e-05
D8 ,Movebuss,55280 ,EXJ0072 ,Midiônibus ,2020,P7,0.006575,5.5e-05
E7 ,Metropole,73638 ,GGM9H25 ,Articulado ,2020,P7,0.006575,5.5e-05
E7 ,Metropole,73639 ,GAQ5A43 ,Articulado ,2020,P7,0.006575,5.5e-05
AR7 ,Nova Paineira,75444 ,GAE7I93 ,Padron ,2020,P7,0.006575,5.5e-05
D1 ,Norte Buss,16779 ,GGE6C72 ,Miniônibus ,2020,P7,0.006575,5.5e-05
D1 ,Norte Buss,16778 ,BYX6464 ,Miniônibus ,2020,P7,0.006575,5.5e-05
E7 ,Metropole,73640 ,GDR5F86 ,Articulado ,2020,P7,0.006575,5.5e-05
D8 ,Movebuss,55271 ,EOE7137 ,Midiônibus ,2020,P7,0.006575,5.5e-05
D1 ,Norte Buss,16771 ,EWJ6781 ,Miniônibus ,2020,P7,0.006575,5.5e-05
E6 ,Grajau,61384 ,FDX4C13 ,Articulado ,2020,P7,0.006575,5.5e-05
E7 ,Metropole,73636 ,GGS3D67 ,Articulado ,2020,P7,0.006575,5.5e-05
E7 ,Metropole,73633 ,GHM4C65 ,Articulado ,2020,P7,0.006575,5.5e-05
E6 ,Grajau,61380 ,CUA8I14 ,Articulado ,2020,P7,0.006575,5.5e-05
E7 ,Metropole,73642 ,DUH7D19 ,Articulado ,2020,P7,0.006575,5.5e-05
E7 ,Metropole,73925 ,EJJ6652 ,Articulado ,2020,P7,0.006575,5.5e-05
E7 ,Metropole,73933 ,EXV9207 ,Articulado ,2020,P7,0.006575,5.5e-05
E2 ,Sambaiba,21239 ,CCU3819 ,Padron ,2020,P7,0.006575,5.5e-05
E2 ,Sambaiba,21246 ,CUF9867 ,Padron ,2020,P7,0.006575,5.5e-05
D11 ,Transwolff,78007 ,EDN3340 ,Básico ,2020,P7,0.006575,5.5e-05
E2 ,Sambaiba,21240 ,EHM0130 ,Padron ,2020,P7,0.006575,5.5e-05
E2 ,Sambaiba,21241 ,BXO4901 ,Padron ,2020,P7,0.006575,5.5e-05
D8 ,Movebuss,55294 ,BZR5058 ,Midiônibus ,2020,P7,0.006575,5.5e-05
E2 ,Sambaiba,21245 ,CCU9646 ,Padron ,2020,P7,0.006575,5.5e-05
D1 ,Norte Buss,16192 ,DWN9632 ,Miniônibus ,2020,P7,0.006575,5.5e-05
E3 ,Metropole,31803 ,GFS1B08 ,Articulado ,2020,P7,0.006575,5.5e-05
E2 ,Sambaiba,21243 ,DKU4253 ,Padron ,2020,P7,0.006575,5.5e-05
E2 ,Sambaiba,21244 ,BRQ6125 ,Padron ,2020,P7,0.006575,5.5e-05
E3 ,Metropole,31804 ,GHC5B93 ,Articulado ,2020,P7,0.006575,5.5e-05
D1 ,Norte Buss,16199 ,BWV6F17 ,Miniônibus ,2020,P7,0.006575,5.5e-05
E3 ,Metropole,31805 ,GIY1H87 ,Articulado ,2020,P7,0.006575,5.5e-05
D4 ,Alfa Rodobus SPE,35713 ,FXU2D86 ,Midiônibus ,2020,P7,0.006575,5.5e-05
D8 ,Movebuss,55290 ,EPA4471 ,Básico ,2020,P7,0.006575,5.5e-05
E2 ,Sambaiba,21242 ,BYJ5582 ,Padron ,2020,P7,0.006575,5.5e-05
D8 ,Movebuss,55268 ,DRE4574 ,Midiônibus ,2020,P7,0.006575,5.5e-05
E2 ,Sambaiba,21238 ,EIC4667 ,Padron ,2020,P7,0.006575,5.5e-05
D8 ,Movebuss,55263 ,EMA4020 ,Básico ,2020,P7,0.006575,5.5e-05
E7 ,Metropole,73635 ,GFA0C16 ,Articulado ,2020,P7,0.006575,5.5e-05
D1 ,Norte Buss,16765 ,GBH4175 ,Miniônibus ,2020,P7,0.006575,5.5e-05
E7 ,Metropole,73924 ,DMN6067 ,Articulado ,2020,P7,0.006575,5.5e-05
D11 ,Transwolff,78042 ,EWU9F88 ,Midiônibus ,2020,P7,0.006575,5.5e-05
D11 ,Transwolff,78010 ,EGI5F43 ,Básico ,2020,P7,0.006575,5.5e-05
E7 ,Metropole,73923 ,GEM2A58 ,Articulado ,2020,P7,0.006575,5.5e-05
D1 ,Norte Buss,16200 ,ENU7480 ,Miniônibus ,2020,P7,0.006575,5.5e-05
E7 ,Metropole,73634 ,GDN2A56 ,Articulado ,2020,P7,0.006575,5.5e-05
E2 ,Sambaiba,21235 ,EGG3954 ,Padron ,2020,P7,0.006575,5.5e-05
E2 ,Sambaiba,21247 ,BXB5924 ,Padron ,2020,P7,0.006575,5.5e-05
E2 ,Sambaiba,21236 ,DKH7837 ,Padron ,2020,P7,0.006575,5.5e-05
D11 ,Transwolff,78038 ,DYH3789 ,Básico ,2020,P7,0.006575,5.5e-05
E3 ,Metropole,31802 ,GEP6H18 ,Articulado ,2020,P7,0.006575,5.5e-05
D11 ,Transwolff,78005 ,ESN9G99 ,Midiônibus ,2020,P7,0.006575,5.5e-05
D8 ,Movebuss,55265 ,DDE1F21 ,Midiônibus ,2020,P7,0.006575,5.5e-05
E2 ,Sambaiba,21237 ,DEI3378 ,Padron ,2020,P7,0.006575,5.5e-05
E3 ,Metropole,31801 ,GFA6C18 ,Articulado ,2020,P7,0.006575,5.5e-05
E7 ,Metropole,73934 ,GDV0024 ,Articulado ,2020,P7,0.006575,5.5e-05
AR7 ,Nova Paineira,75434 ,EKU8D44 ,Padron ,2020,P7,0.006575,5.5e-05
E7 ,Metropole,73935 ,GIC8186 ,Articulado ,2020,P7,0.006575,5.5e-05
E7 ,Metropole,73969 ,GFN5774 ,Articulado ,2020,P7,0.006575,5.5e-05
E7 ,Metropole,73985 ,GDR5146 ,Articulado ,2020,P7,0.006575,5.5e-05
E7 ,Metropole,73968 ,FOF6825 ,Articulado ,2020,P7,0.006575,5.5e-05
E7 ,Metropole,73986 ,GJV1647 ,Articulado ,2020,P7,0.006575,5.5e-05
E7 ,Metropole,73987 ,GJO0158 ,Articulado ,2020,P7,0.006575,5.5e-05
E7 ,Metropole,73988 ,GGZ4783 ,Articulado ,2020,P7,0.006575,5.5e-05
AR7 ,Nova Paineira,75400 ,FZR8D87 ,Padron ,2020,P7,0.006575,5.5e-05
E7 ,Metropole,73967 ,GEX7693 ,Padron ,2020,P7,0.006575,5.5e-05
AR7 ,Nova Paineira,75401 ,FSG9E78 ,Padron ,2020,P7,0.006575,5.5e-05
AR7 ,Nova Paineira,75402 ,BRY5D29 ,Padron ,2020,P7,0.006575,5.5e-05
AR7 ,Nova Paineira,75403 ,CUI2G30 ,Padron ,2020,P7,0.006575,5.5e-05
E7 ,Metropole,73970 ,GGQ2224 ,Articulado ,2020,P7,0.006575,5.5e-05
E7 ,Metropole,73966 ,GDN1093 ,Padron ,2020,P7,0.006575,5.5e-05
AR7 ,Nova Paineira,75404 ,CUN7D11 ,Padron ,2020,P7,0.006575,5.5e-05
AR7 ,Nova Paineira,75405 ,BPO2I33 ,Padron ,2020,P7,0.006575,5.5e-05
AR7 ,Nova Paineira,75406 ,EFM0I11 ,Padron ,2020,P7,0.006575,5.5e-05
AR7 ,Nova Paineira,75407 ,DPJ6H52 ,Padron ,2020,P7,0.006575,5.5e-05
AR7 ,Nova Paineira,75408 ,CUI6D13 ,Padron ,2020,P7,0.006575,5.5e-05
AR7 ,Nova Paineira,75409 ,CFZ3C94 ,Padron ,2020,P7,0.006575,5.5e-05
AR7 ,Nova Paineira,75410 ,FFM4C15 ,Padron ,2020,P7,0.006575,5.5e-05
AR7 ,Nova Paineira,75411 ,FYE5J26 ,Padron ,2020,P7,0.006575,5.5e-05
E7 ,Metropole,73964 ,CCX2965 ,Padron ,2020,P7,0.006575,5.5e-05
AR7 ,Nova Paineira,75412 ,GJL4I57 ,Padron ,2020,P7,0.006575,5.5e-05
AR7 ,Nova Paineira,75413 ,FOL7C45 ,Padron ,2020,P7,0.006575,5.5e-05
E7 ,Metropole,73965 ,GFG7709 ,Padron ,2020,P7,0.006575,5.5e-05
AR7 ,Nova Paineira,75414 ,CUG5C76 ,Padron ,2020,P7,0.006575,5.5e-05
E7 ,Metropole,73983 ,GJW5674 ,Articulado ,2020,P7,0.006575,5.5e-05
E7 ,Metropole,73981 ,GFM3818 ,Articulado ,2020,P7,0.006575,5.5e-05
D11 ,Transwolff,78068 ,GEF8677 ,Básico ,2020,P7,0.006575,5.5e-05
D1 ,Norte Buss,16170 ,CLF5700 ,Miniônibus ,2020,P7,0.006575,5.5e-05
D1 ,Norte Buss,16171 ,GJD2301 ,Miniônibus ,2020,P7,0.006575,5.5e-05
D8 ,Movebuss,55219 ,EEL5730 ,Midiônibus ,2020,P7,0.006575,5.5e-05
D8 ,Movebuss,55220 ,DVC2F71 ,Midiônibus ,2020,P7,0.006575,5.5e-05
D4 ,Alfa Rodobus SPE,35703 ,EZY8352 ,Midiônibus ,2020,P7,0.006575,5.5e-05
D4 ,Alfa Rodobus SPE,35701 ,FXO9D02 ,Midiônibus ,2020,P7,0.006575,5.5e-05
AR3 ,Metropole,32959 ,GAG2558 ,Padron ,2020,P7,0.006575,5.5e-05
D1 ,Norte Buss,16178 ,BMR9754 ,Miniônibus ,2020,P7,0.006575,5.5e-05
E7 ,Metropole,73978 ,GIQ4552 ,Articulado ,2020,P7,0.006575,5.5e-05
D8 ,Movebuss,55230 ,DRE3D39 ,Midiônibus ,2020,P7,0.006575,5.5e-05
E7 ,Metropole,73982 ,GIV9826 ,Articulado ,2020,P7,0.006575,5.5e-05
E7 ,Metropole,73977 ,GAU5626 ,Articulado ,2020,P7,0.006575,5.5e-05
E7 ,Metropole,73976 ,GCO9627 ,Articulado ,2020,P7,0.006575,5.5e-05
E7 ,Metropole,73975 ,GGP7186 ,Articulado ,2020,P7,0.006575,5.5e-05
D8 ,Movebuss,55232 ,BPO9338 ,Básico ,2020,P7,0.006575,5.5e-05
D11 ,Transwolff,78052 ,FUK0G93 ,Midiônibus ,2020,P7,0.006575,5.5e-05
E7 ,Metropole,73974 ,ERA0940 ,Articulado ,2020,P7,0.006575,5.5e-05
D8 ,Movebuss,55234 ,EST1D28 ,Midiônibus ,2020,P7,0.006575,5.5e-05
E7 ,Metropole,73973 ,GGE6736 ,Articulado ,2020,P7,0.006575,5.5e-05
E7 ,Metropole,73972 ,GHX4183 ,Articulado ,2020,P7,0.006575,5.5e-05
E7 ,Metropole,73971 ,GIS9064 ,Articulado ,2020,P7,0.006575,5.5e-05
E7 ,Metropole,73979 ,GCX1637 ,Articulado ,2020,P7,0.006575,5.5e-05
E7 ,Metropole,73980 ,GDD5224 ,Articulado ,2020,P7,0.006575,5.5e-05
D1 ,Norte Buss,16179 ,EXH7219 ,Miniônibus ,2020,P7,0.006575,5.5e-05
AR7 ,Nova Paineira,75415 ,FPK8D62 ,Padron ,2020,P7,0.006575,5.5e-05
AR7 ,Nova Paineira,75416 ,CTR9J24 ,Padron ,2020,P7,0.006575,5.5e-05
E7 ,Metropole,73963 ,GGA2449 ,Padron ,2020,P7,0.006575,5.5e-05
E7 ,Metropole,73947 ,GEM5684 ,Articulado ,2020,P7,0.006575,5.5e-05
E7 ,Metropole,73946 ,GCF3225 ,Articulado ,2020,P7,0.006575,5.5e-05
E7 ,Metropole,73945 ,GJC8735 ,Articulado ,2020,P7,0.006575,5.5e-05
AR7 ,Nova Paineira,75430 ,CUN5J50 ,Padron ,2020,P7,0.006575,5.5e-05
AR7 ,Nova Paineira,75431 ,DWP2J81 ,Padron ,2020,P7,0.006575,5.5e-05
AR7 ,Nova Paineira,75432 ,ELY5J22 ,Padron ,2020,P7,0.006575,5.5e-05
AR7 ,Nova Paineira,75433 ,EDS3A73 ,Padron ,2020,P7,0.006575,5.5e-05
AR7 ,Nova Paineira,75435 ,EZY6J15 ,Padron ,2020,P7,0.006575,5.5e-05
E7 ,Metropole,73944 ,GHP1467 ,Articulado ,2020,P7,0.006575,5.5e-05
E7 ,Metropole,73943 ,GAI7725 ,Articulado ,2020,P7,0.006575,5.5e-05
AR7 ,Nova Paineira,75436 ,FYE1J06 ,Padron ,2020,P7,0.006575,5.5e-05
E7 ,Metropole,73948 ,GHG0943 ,Articulado ,2020,P7,0.006575,5.5e-05
AR7 ,Nova Paineira,75437 ,BZG9D57 ,Padron ,2020,P7,0.006575,5.5e-05
AR7 ,Nova Paineira,75438 ,GIE4C38 ,Padron ,2020,P7,0.006575,5.5e-05
AR7 ,Nova Paineira,75439 ,DIG7J69 ,Padron ,2020,P7,0.006575,5.5e-05
AR7 ,Nova Paineira,75440 ,GIH3A61 ,Padron ,2020,P7,0.006575,5.5e-05
E7 ,Metropole,73941 ,EHH2857 ,Articulado ,2020,P7,0.006575,5.5e-05
E7 ,Metropole,73940 ,GBG2574 ,Articulado ,2020,P7,0.006575,5.5e-05
E7 ,Metropole,73939 ,GAI7659 ,Articulado ,2020,P7,0.006575,5.5e-05
E7 ,Metropole,73938 ,ECH3240 ,Articulado ,2020,P7,0.006575,5.5e-05
E7 ,Metropole,73937 ,GIT3865 ,Articulado ,2020,P7,0.006575,5.5e-05
D1 ,Norte Buss,16183 ,FML9C56 ,Miniônibus ,2020,P7,0.006575,5.5e-05
E7 ,Metropole,73936 ,GJI4806 ,Articulado ,2020,P7,0.006575,5.5e-05
AR7 ,Nova Paineira,75441 ,CUM5H70 ,Padron ,2020,P7,0.006575,5.5e-05
E7 ,Metropole,73942 ,ELU3033 ,Articulado ,2020,P7,0.006575,5.5e-05
E7 ,Metropole,73949 ,DDD2779 ,Articulado ,2020,P7,0.006575,5.5e-05
D13 ,Alfa Rodobus,86500 ,EMY1A89 ,Midiônibus ,2020,P7,0.006575,5.5e-05
AR7 ,Nova Paineira,75429 ,CMW9H09 ,Padron ,2020,P7,0.006575,5.5e-05
E7 ,Metropole,73962 ,EKD2458 ,Padron ,2020,P7,0.006575,5.5e-05
AR7 ,Nova Paineira,75417 ,FYS1A98 ,Padron ,2020,P7,0.006575,5.5e-05
E7 ,Metropole,73961 ,DRR7742 ,Padron ,2020,P7,0.006575,5.5e-05
E7 ,Metropole,73960 ,EPA5384 ,Padron ,2020,P7,0.006575,5.5e-05
E7 ,Metropole,73959 ,DIS7041 ,Padron ,2020,P7,0.006575,5.5e-05
AR7 ,Nova Paineira,75418 ,BTZ1I59 ,Padron ,2020,P7,0.006575,5.5e-05
E7 ,Metropole,73958 ,END6615 ,Padron ,2020,P7,0.006575,5.5e-05
AR7 ,Nova Paineira,75419 ,CUH0G10 ,Padron ,2020,P7,0.006575,5.5e-05
AR7 ,Nova Paineira,75420 ,GGA4J03 ,Padron ,2020,P7,0.006575,5.5e-05
AR7 ,Nova Paineira,75421 ,CUJ5D14 ,Padron ,2020,P7,0.006575,5.5e-05
AR7 ,Nova Paineira,75422 ,EFY8I52 ,Padron ,2020,P7,0.006575,5.5e-05
AR7 ,Nova Paineira,75423 ,GCE7G35 ,Padron ,2020,P7,0.006575,5.5e-05
E7 ,Metropole,73957 ,DUG9423 ,Padron ,2020,P7,0.006575,5.5e-05
E7 ,Metropole,73956 ,EEE3969 ,Padron ,2020,P7,0.006575,5.5e-05
AR7 ,Nova Paineira,75424 ,CUH5B90 ,Padron ,2020,P7,0.006575,5.5e-05
E7 ,Metropole,73955 ,EOE3748 ,Padron ,2020,P7,0.006575,5.5e-05
E7 ,Metropole,73954 ,DWI9846 ,Padron ,2020,P7,0.006575,5.5e-05
E7 ,Metropole,73953 ,ELE5824 ,Padron ,2020,P7,0.006575,5.5e-05
AR7 ,Nova Paineira,75425 ,DML4C01 ,Padron ,2020,P7,0.006575,5.5e-05
AR7 ,Nova Paineira,75426 ,BSY2I46 ,Padron ,2020,P7,0.006575,5.5e-05
E7 ,Metropole,73952 ,DEI9275 ,Padron ,2020,P7,0.006575,5.5e-05
AR7 ,Nova Paineira,75427 ,FVN6J57 ,Padron ,2020,P7,0.006575,5.5e-05
E7 ,Metropole,73951 ,GEN3613 ,Articulado ,2020,P7,0.006575,5.5e-05
E7 ,Metropole,73950 ,GDK4369 ,Articulado ,2020,P7,0.006575,5.5e-05
AR7 ,Nova Paineira,75428 ,EFD9I58 ,Padron ,2020,P7,0.006575,5.5e-05
AR7 ,Nova Paineira,75442 ,DAO0J51 ,Padron ,2020,P7,0.006575,5.5e-05
E7 ,Metropole,73984 ,GHS3047 ,Articulado ,2020,P7,0.006575,5.5e-05
D1 ,Norte Buss,16366 ,DSK5607 ,Miniônibus ,2020,P7,0.006575,5.5e-05
D1 ,Norte Buss,16225 ,DVD6329 ,Miniônibus ,2020,P7,0.006575,5.5e-05
D7 ,Transunião,56340 ,BYW1C62 ,Midiônibus ,2020,P7,0.006575,5.5e-05
D7 ,Transunião,56339 ,BSX7D66 ,Midiônibus ,2020,P7,0.006575,5.5e-05
D7 ,Transunião,56338 ,BYI9H75 ,Midiônibus ,2020,P7,0.006575,5.5e-05
D7 ,Transunião,56337 ,BXZ9B65 ,Midiônibus ,2020,P7,0.006575,5.5e-05
E9 ,Gatusa,76355 ,FXX3565 ,Articulado ,2020,P7,0.006575,5.5e-05
D7 ,Transunião,56336 ,FAT7G34 ,Midiônibus ,2020,P7,0.006575,5.5e-05
D7 ,Transunião,56335 ,GDL6C08 ,Midiônibus ,2020,P7,0.006575,5.5e-05
D7 ,Transunião,56334 ,GCP0G96 ,Midiônibus ,2020,P7,0.006575,5.5e-05
D7 ,Transunião,56333 ,ELY5G83 ,Midiônibus ,2020,P7,0.006575,5.5e-05
E9 ,Gatusa,76354 ,BXD3515 ,Articulado ,2020,P7,0.006575,5.5e-05
D7 ,Transunião,56332 ,FZQ0H11 ,Midiônibus ,2020,P7,0.006575,5.5e-05
D7 ,Transunião,56331 ,FKX7C84 ,Midiônibus ,2020,P7,0.006575,5.5e-05
D7 ,Transunião,56330 ,CDS0D47 ,Midiônibus ,2020,P7,0.006575,5.5e-05
D7 ,Transunião,56329 ,FOD4A15 ,Midiônibus ,2020,P7,0.006575,5.5e-05
E9 ,Gatusa,76356 ,GGE5893 ,Articulado ,2020,P7,0.006575,5.5e-05
D7 ,Transunião,56328 ,GBW4D22 ,Midiônibus ,2020,P7,0.006575,5.5e-05
E9 ,Gatusa,76353 ,EZY4606 ,Articulado ,2020,P7,0.006575,5.5e-05
D7 ,Transunião,56326 ,FJO5E91 ,Midiônibus ,2020,P7,0.006575,5.5e-05
D7 ,Transunião,56325 ,END3A68 ,Midiônibus ,2020,P7,0.006575,5.5e-05
D7 ,Transunião,56324 ,FNU4I43 ,Midiônibus ,2020,P7,0.006575,5.5e-05
D7 ,Transunião,56323 ,FXO6B39 ,Midiônibus ,2020,P7,0.006575,5.5e-05
E7 ,Metropole,73632 ,GGE3C58 ,Articulado ,2020,P7,0.006575,5.5e-05
E9 ,Gatusa,76352 ,EMY6569 ,Articulado ,2020,P7,0.006575,5.5e-05
D7 ,Transunião,56322 ,GGJ4H86 ,Midiônibus ,2020,P7,0.006575,5.5e-05
D7 ,Transunião,56321 ,EVA6B34 ,Midiônibus ,2020,P7,0.006575,5.5e-05
E9 ,Gatusa,76351 ,FYS1837 ,Articulado ,2020,P7,0.006575,5.5e-05
D7 ,Transunião,56320 ,FUU8D12 ,Midiônibus ,2020,P7,0.006575,5.5e-05
AR3 ,Metropole,32207 ,FCP2H28 ,Padron ,2020,P7,0.006575,5.5e-05
AR3 ,Metropole,32208 ,GCD6E58 ,Padron ,2020,P7,0.006575,5.5e-05
E9 ,Gatusa,76350 ,BKU1672 ,Articulado ,2020,P7,0.006575,5.5e-05
D7 ,Transunião,56327 ,EUZ6E49 ,Midiônibus ,2020,P7,0.006575,5.5e-05
AR3 ,Metropole,32222 ,FFA9G29 ,Padron ,2020,P7,0.006575,5.5e-05
E9 ,Gatusa,76357 ,FCD7945 ,Articulado ,2020,P7,0.006575,5.5e-05
E9 ,Gatusa,76358 ,FYS6823 ,Articulado ,2020,P7,0.006575,5.5e-05
D1 ,Norte Buss,16570 ,CST7510 ,Miniônibus ,2020,P7,0.006575,5.5e-05
D8 ,Movebuss,55462 ,ESP0746 ,Básico ,2020,P7,0.006575,5.5e-05
D1 ,Norte Buss,16567 ,EXN7737 ,Miniônibus ,2020,P7,0.006575,5.5e-05
E9 ,Gatusa,76366 ,CCU4350 ,Articulado ,2020,P7,0.006575,5.5e-05
D1 ,Norte Buss,16562 ,DQJ9902 ,Miniônibus ,2020,P7,0.006575,5.5e-05
E9 ,Gatusa,76365 ,FOE9025 ,Articulado ,2020,P7,0.006575,5.5e-05
E9 ,Gatusa,76364 ,ESF1928 ,Articulado ,2020,P7,0.006575,5.5e-05
D8 ,Movebuss,55468 ,EOO6064 ,Midiônibus ,2020,P7,0.006575,5.5e-05
D8 ,Movebuss,55470 ,EXJ3952 ,Midiônibus ,2020,P7,0.006575,5.5e-05
E9 ,Gatusa,76363 ,DWO9075 ,Articulado ,2020,P7,0.006575,5.5e-05
E9 ,Gatusa,76362 ,EGI1259 ,Articulado ,2020,P7,0.006575,5.5e-05
D8 ,Movebuss,55476 ,BXD4222 ,Midiônibus ,2020,P7,0.006575,5.5e-05
E9 ,Gatusa,76361 ,FMV2357 ,Articulado ,2020,P7,0.006575,5.5e-05
D1 ,Norte Buss,16560 ,BPO6635 ,Miniônibus ,2020,P7,0.006575,5.5e-05
D7 ,Transunião,56341 ,CDR7C12 ,Midiônibus ,2020,P7,0.006575,5.5e-05
D1 ,Norte Buss,16556 ,GIO6096 ,Miniônibus ,2020,P7,0.006575,5.5e-05
AR3 ,Metropole,32204 ,GCL8A96 ,Padron ,2020,P7,0.006575,5.5e-05
D7 ,Transunião,56353 ,FUT8H11 ,Midiônibus ,2020,P7,0.006575,5.5e-05
D7 ,Transunião,56352 ,CLK7G49 ,Midiônibus ,2020,P7,0.006575,5.5e-05
D7 ,Transunião,56351 ,GJG8J38 ,Midiônibus ,2020,P7,0.006575,5.5e-05
D7 ,Transunião,56350 ,FTU5B27 ,Midiônibus ,2020,P7,0.006575,5.5e-05
D7 ,Transunião,56349 ,FPD5B76 ,Midiônibus ,2020,P7,0.006575,5.5e-05
D7 ,Transunião,56348 ,GBY0G85 ,Midiônibus ,2020,P7,0.006575,5.5e-05
D7 ,Transunião,56347 ,FJB0J54 ,Midiônibus ,2020,P7,0.006575,5.5e-05
D7 ,Transunião,56346 ,FVP6F83 ,Midiônibus ,2020,P7,0.006575,5.5e-05
AR3 ,Metropole,32205 ,GCP3A57 ,Padron ,2020,P7,0.006575,5.5e-05
E9 ,Gatusa,76359 ,ELY3826 ,Articulado ,2020,P7,0.006575,5.5e-05
AR3 ,Metropole,32206 ,GGQ3J27 ,Padron ,2020,P7,0.006575,5.5e-05
D7 ,Transunião,56343 ,BYY3C17 ,Midiônibus ,2020,P7,0.006575,5.5e-05
D7 ,Transunião,56342 ,FZU6F11 ,Midiônibus ,2020,P7,0.006575,5.5e-05
E9 ,Gatusa,76360 ,GBE9835 ,Articulado ,2020,P7,0.006575,5.5e-05
D1 ,Norte Buss,16578 ,ELU0098 ,Miniônibus ,2020,P7,0.006575,5.5e-05
AR3 ,Metropole,32223 ,GEY0F19 ,Padron ,2020,P7,0.006575,5.5e-05
E9 ,Gatusa,76349 ,GIL5745 ,Articulado ,2020,P7,0.006575,5.5e-05
D1 ,Norte Buss,16497 ,DGJ0947 ,Miniônibus ,2020,P7,0.006575,5.5e-05
D1 ,Norte Buss,16498 ,EYU0038 ,Miniônibus ,2020,P7,0.006575,5.5e-05
AR3 ,Metropole,32249 ,GCT1675 ,Padron ,2020,P7,0.006575,5.5e-05
D1 ,Norte Buss,16509 ,EXW5109 ,Miniônibus ,2020,P7,0.006575,5.5e-05
AR3 ,Metropole,32268 ,GBR5E08 ,Padron ,2020,P7,0.006575,5.5e-05
D1 ,Norte Buss,16514 ,BZF8984 ,Miniônibus ,2020,P7,0.006575,5.5e-05
AR3 ,Metropole,32269 ,GJG4H19 ,Padron ,2020,P7,0.006575,5.5e-05
AR3 ,Metropole,32270 ,GJZ3F75 ,Padron ,2020,P7,0.006575,5.5e-05
AR3 ,Metropole,32271 ,GCL1G37 ,Padron ,2020,P7,0.006575,5.5e-05
D1 ,Norte Buss,16517 ,FVU2F17 ,Miniônibus ,2020,P7,0.006575,5.5e-05
D1 ,Norte Buss,16520 ,BYZ8G59 ,Miniônibus ,2020,P7,0.006575,5.5e-05
D1 ,Norte Buss,16521 ,GHP9391 ,Miniônibus ,2020,P7,0.006575,5.5e-05
D1 ,Norte Buss,16522 ,BJP2182 ,Miniônibus ,2020,P7,0.006575,5.5e-05
D1 ,Norte Buss,16526 ,GGU4296 ,Miniônibus ,2020,P7,0.006575,5.5e-05
AR3 ,Metropole,32248 ,GJC9247 ,Padron ,2020,P7,0.006575,5.5e-05
D1 ,Norte Buss,16528 ,BPO1B68 ,Miniônibus ,2020,P7,0.006575,5.5e-05
AR3 ,Metropole,32272 ,GBJ6G17 ,Padron ,2020,P7,0.006575,5.5e-05
D7 ,Transunião,56246 ,DVC0629 ,Midiônibus ,2020,P7,0.006575,5.5e-05
D1 ,Norte Buss,16533 ,EHC6923 ,Miniônibus ,2020,P7,0.006575,5.5e-05
AR3 ,Metropole,32424 ,GDT1178 ,Padron ,2020,P7,0.006575,5.5e-05
AR3 ,Metropole,32429 ,GGA5172 ,Padron ,2020,P7,0.006575,5.5e-05
AR3 ,Metropole,32434 ,GHF1467 ,Padron ,2020,P7,0.006575,5.5e-05
D1 ,Norte Buss,16534 ,BYP2014 ,Miniônibus ,2020,P7,0.006575,5.5e-05
D7 ,Transunião,56200 ,FLI0311 ,Básico ,2020,P7,0.006575,5.5e-05
D1 ,Norte Buss,16538 ,BYJ9H53 ,Miniônibus ,2020,P7,0.006575,5.5e-05
D7 ,Transunião,56205 ,DGT5310 ,Midiônibus ,2020,P7,0.006575,5.5e-05
AR3 ,Metropole,32435 ,GEV6314 ,Padron ,2020,P7,0.006575,5.5e-05
D1 ,Norte Buss,16545 ,FKV8I24 ,Miniônibus ,2020,P7,0.006575,5.5e-05
D1 ,Norte Buss,16549 ,DYV3459 ,Miniônibus ,2020,P7,0.006575,5.5e-05
D1 ,Norte Buss,16552 ,DMB5892 ,Miniônibus ,2020,P7,0.006575,5.5e-05
D1 ,Norte Buss,16532 ,FJC4B92 ,Miniônibus ,2020,P7,0.006575,5.5e-05
AR3 ,Metropole,32226 ,GCU4B06 ,Padron ,2020,P7,0.006575,5.5e-05
D1 ,Norte Buss,16493 ,CPM8693 ,Miniônibus ,2020,P7,0.006575,5.5e-05
D1 ,Norte Buss,16486 ,EMY0076 ,Miniônibus ,2020,P7,0.006575,5.5e-05
AR3 ,Metropole,32231 ,GII7G08 ,Padron ,2020,P7,0.006575,5.5e-05
AR3 ,Metropole,32232 ,GAJ9E29 ,Padron ,2020,P7,0.006575,5.5e-05
AR3 ,Metropole,32233 ,GGK2A97 ,Padron ,2020,P7,0.006575,5.5e-05
AR3 ,Metropole,32234 ,GED8A98 ,Padron ,2020,P7,0.006575,5.5e-05
AR3 ,Metropole,32235 ,GIV5G27 ,Padron ,2020,P7,0.006575,5.5e-05
AR3 ,Metropole,32236 ,GEI0F48 ,Padron ,2020,P7,0.006575,5.5e-05
AR3 ,Metropole,32237 ,GBM6703 ,Padron ,2020,P7,0.006575,5.5e-05
D7 ,Transunião,56290 ,GHB3I94 ,Midiônibus ,2020,P7,0.006575,5.5e-05
AR3 ,Metropole,32238 ,GIB3977 ,Padron ,2020,P7,0.006575,5.5e-05
AR3 ,Metropole,32239 ,GAK7404 ,Padron ,2020,P7,0.006575,5.5e-05
E9 ,Gatusa,76348 ,ELO4687 ,Articulado ,2020,P7,0.006575,5.5e-05
E9 ,Gatusa,76347 ,ECV9526 ,Articulado ,2020,P7,0.006575,5.5e-05
E9 ,Gatusa,76346 ,ERA6343 ,Articulado ,2020,P7,0.006575,5.5e-05
AR3 ,Metropole,32240 ,GGR2795 ,Padron ,2020,P7,0.006575,5.5e-05
D1 ,Norte Buss,16492 ,EXS9632 ,Miniônibus ,2020,P7,0.006575,5.5e-05
AR3 ,Metropole,32241 ,GGS1153 ,Padron ,2020,P7,0.006575,5.5e-05
D7 ,Transunião,56276 ,EJV7820 ,Midiônibus ,2020,P7,0.006575,5.5e-05
E9 ,Gatusa,76345 ,DKH2144 ,Articulado ,2020,P7,0.006575,5.5e-05
E9 ,Gatusa,76344 ,DVK8J60 ,Articulado ,2020,P7,0.006575,5.5e-05
AR3 ,Metropole,32243 ,GIV7593 ,Padron ,2020,P7,0.006575,5.5e-05
AR3 ,Metropole,32244 ,GEL2498 ,Padron ,2020,P7,0.006575,5.5e-05
E9 ,Gatusa,76343 ,DOG5602 ,Articulado ,2020,P7,0.006575,5.5e-05
D13 ,Alfa Rodobus,86353 ,GET8C24 ,Midiônibus ,2020,P7,0.006575,5.5e-05
AR3 ,Metropole,32245 ,GHT4995 ,Padron ,2020,P7,0.006575,5.5e-05
AR3 ,Metropole,32246 ,GHW8377 ,Padron ,2020,P7,0.006575,5.5e-05
E9 ,Gatusa,76342 ,EVW5677 ,Articulado ,2020,P7,0.006575,5.5e-05
E9 ,Gatusa,76341 ,EWD1669 ,Articulado ,2020,P7,0.006575,5.5e-05
D1 ,Norte Buss,16481 ,DQQ7431 ,Miniônibus ,2020,P7,0.006575,5.5e-05
AR3 ,Metropole,32247 ,GBR3968 ,Padron ,2020,P7,0.006575,5.5e-05
D1 ,Norte Buss,16482 ,BSZ4J89 ,Miniônibus ,2020,P7,0.006575,5.5e-05
AR3 ,Metropole,32242 ,GGX5375 ,Padron ,2020,P7,0.006575,5.5e-05
D1 ,Norte Buss,16222 ,ERA8165 ,Miniônibus ,2020,P7,0.006575,5.5e-05
D1 ,Norte Buss,16479 ,FNF5F73 ,Miniônibus ,2020,P7,0.006575,5.5e-05
D1 ,Norte Buss,16579 ,EZB9589 ,Miniônibus ,2020,P7,0.006575,5.5e-05
D1 ,Norte Buss,16296 ,ENN3866 ,Miniônibus ,2020,P7,0.006575,5.5e-05
D1 ,Norte Buss,16305 ,GGI0J65 ,Miniônibus ,2020,P7,0.006575,5.5e-05
D1 ,Norte Buss,16310 ,DLG4790 ,Miniônibus ,2020,P7,0.006575,5.5e-05
D1 ,Norte Buss,16313 ,BJO4I65 ,Miniônibus ,2020,P7,0.006575,5.5e-05
D1 ,Norte Buss,16315 ,DKK3275 ,Miniônibus ,2020,P7,0.006575,5.5e-05
D1 ,Norte Buss,16317 ,DUM3F87 ,Miniônibus ,2020,P7,0.006575,5.5e-05
D1 ,Norte Buss,16318 ,EEC1D12 ,Miniônibus ,2020,P7,0.006575,5.5e-05
D1 ,Norte Buss,16328 ,EWB1278 ,Miniônibus ,2020,P7,0.006575,5.5e-05
D1 ,Norte Buss,16333 ,EHH2993 ,Miniônibus ,2020,P7,0.006575,5.5e-05
D1 ,Norte Buss,16335 ,BYI8A73 ,Miniônibus ,2020,P7,0.006575,5.5e-05
D1 ,Norte Buss,16337 ,EKU9767 ,Miniônibus ,2020,P7,0.006575,5.5e-05
D1 ,Norte Buss,16338 ,FUJ3J98 ,Miniônibus ,2020,P7,0.006575,5.5e-05
D1 ,Norte Buss,16340 ,CUF8G69 ,Miniônibus ,2020,P7,0.006575,5.5e-05
D1 ,Norte Buss,16341 ,EUU5881 ,Miniônibus ,2020,P7,0.006575,5.5e-05
D1 ,Norte Buss,16291 ,GFH5341 ,Miniônibus ,2020,P7,0.006575,5.5e-05
D1 ,Norte Buss,16342 ,CUN5H91 ,Miniônibus ,2020,P7,0.006575,5.5e-05
D8 ,Movebuss,55376 ,GFU4217 ,Midiônibus ,2020,P7,0.006575,5.5e-05
D1 ,Norte Buss,16345 ,FOQ0B35 ,Miniônibus ,2020,P7,0.006575,5.5e-05
D8 ,Movebuss,55378 ,BRY0923 ,Básico ,2020,P7,0.006575,5.5e-05
D1 ,Norte Buss,16348 ,BYY4398 ,Miniônibus ,2020,P7,0.006575,5.5e-05
D1 ,Norte Buss,16350 ,BYX9950 ,Miniônibus ,2020,P7,0.006575,5.5e-05
D1 ,Norte Buss,16351 ,CFY7351 ,Miniônibus ,2020,P7,0.006575,5.5e-05
D8 ,Movebuss,55384 ,CUN8535 ,Midiônibus ,2020,P7,0.006575,5.5e-05
D1 ,Norte Buss,16367 ,ECU3G17 ,Miniônibus ,2020,P7,0.006575,5.5e-05
D1 ,Norte Buss,16369 ,CNR9C19 ,Miniônibus ,2020,P7,0.006575,5.5e-05
D1 ,Norte Buss,16370 ,BZG4479 ,Miniônibus ,2020,P7,0.006575,5.5e-05
D1 ,Norte Buss,16372 ,EGV5A72 ,Miniônibus ,2020,P7,0.006575,5.5e-05
D1 ,Norte Buss,16373 ,GDE8E73 ,Miniônibus ,2020,P7,0.006575,5.5e-05
D1 ,Norte Buss,16378 ,CSL2238 ,Miniônibus ,2020,P7,0.006575,5.5e-05
D8 ,Movebuss,55397 ,EVI3810 ,Midiônibus ,2020,P7,0.006575,5.5e-05
D1 ,Norte Buss,16344 ,BYW1H24 ,Miniônibus ,2020,P7,0.006575,5.5e-05
D1 ,Norte Buss,16383 ,BYQ1A45 ,Miniônibus ,2020,P7,0.006575,5.5e-05
D1 ,Norte Buss,16290 ,BRQ0H89 ,Miniônibus ,2020,P7,0.006575,5.5e-05
D1 ,Norte Buss,16285 ,EOB7431 ,Miniônibus ,2020,P7,0.006575,5.5e-05
D1 ,Norte Buss,16226 ,FNW1876 ,Miniônibus ,2020,P7,0.006575,5.5e-05
D1 ,Norte Buss,16232 ,CNC9624 ,Miniônibus ,2020,P7,0.006575,5.5e-05
D1 ,Norte Buss,16235 ,BWH6G49 ,Miniônibus ,2020,P7,0.006575,5.5e-05
D1 ,Norte Buss,16236 ,ELI5836 ,Miniônibus ,2020,P7,0.006575,5.5e-05
D1 ,Norte Buss,16245 ,FZL7805 ,Miniônibus ,2020,P7,0.006575,5.5e-05
D1 ,Norte Buss,16247 ,BWA7H94 ,Miniônibus ,2020,P7,0.006575,5.5e-05
D8 ,Movebuss,55319 ,DEZ2949 ,Midiônibus ,2020,P7,0.006575,5.5e-05
D1 ,Norte Buss,16248 ,DLP0783 ,Miniônibus ,2020,P7,0.006575,5.5e-05
D8 ,Movebuss,55321 ,BYQ1E84 ,Midiônibus ,2020,P7,0.006575,5.5e-05
D1 ,Norte Buss,16249 ,EEB2954 ,Miniônibus ,2020,P7,0.006575,5.5e-05
D8 ,Movebuss,55323 ,DIR6689 ,Básico ,2020,P7,0.006575,5.5e-05
D8 ,Movebuss,55324 ,EAL9982 ,Básico ,2020,P7,0.006575,5.5e-05
D1 ,Norte Buss,16251 ,EXI4J01 ,Miniônibus ,2020,P7,0.006575,5.5e-05
D1 ,Norte Buss,16252 ,DKU2B74 ,Miniônibus ,2020,P7,0.006575,5.5e-05
D1 ,Norte Buss,16288 ,EQV4188 ,Miniônibus ,2020,P7,0.006575,5.5e-05
D1 ,Norte Buss,16255 ,FQA8665 ,Miniônibus ,2020,P7,0.006575,5.5e-05
D1 ,Norte Buss,16261 ,DYD3621 ,Miniônibus ,2020,P7,0.006575,5.5e-05
D1 ,Norte Buss,16262 ,GDK0722 ,Miniônibus ,2020,P7,0.006575,5.5e-05
D8 ,Movebuss,55332 ,ENU3D02 ,Midiônibus ,2020,P7,0.006575,5.5e-05
D1 ,Norte Buss,16266 ,FRH0586 ,Miniônibus ,2020,P7,0.006575,5.5e-05
D1 ,Norte Buss,16269 ,ERT2H31 ,Miniônibus ,2020,P7,0.006575,5.5e-05
D1 ,Norte Buss,16272 ,FYI3C71 ,Miniônibus ,2020,P7,0.006575,5.5e-05
D8 ,Movebuss,55339 ,ECO2290 ,Midiônibus ,2020,P7,0.006575,5.5e-05
D1 ,Norte Buss,16274 ,GIC2H14 ,Miniônibus ,2020,P7,0.006575,5.5e-05
D8 ,Movebuss,55341 ,GAG5117 ,Midiônibus ,2020,P7,0.006575,5.5e-05
D8 ,Movebuss,55342 ,BZK9555 ,Básico ,2020,P7,0.006575,5.5e-05
D1 ,Norte Buss,16275 ,DKN2735 ,Miniônibus ,2020,P7,0.006575,5.5e-05
D8 ,Movebuss,55344 ,DEU1573 ,Básico ,2020,P7,0.006575,5.5e-05
D8 ,Movebuss,55345 ,ENU4238 ,Midiônibus ,2020,P7,0.006575,5.5e-05
D1 ,Norte Buss,16284 ,EOA9064 ,Miniônibus ,2020,P7,0.006575,5.5e-05
D1 ,Norte Buss,16259 ,DWU7912 ,Miniônibus ,2020,P7,0.006575,5.5e-05
D1 ,Norte Buss,16475 ,FPL4605 ,Miniônibus ,2020,P7,0.006575,5.5e-05
D1 ,Norte Buss,16387 ,FWN1E33 ,Miniônibus ,2020,P7,0.006575,5.5e-05
D1 ,Norte Buss,16388 ,EVW0I98 ,Miniônibus ,2020,P7,0.006575,5.5e-05
D1 ,Norte Buss,16718 ,BYQ7218 ,Miniônibus ,2020,P7,0.006575,5.5e-05
D1 ,Norte Buss,16710 ,GJC9D59 ,Miniônibus ,2020,P7,0.006575,5.5e-05
D1 ,Norte Buss,16703 ,GJT6323 ,Miniônibus ,2020,P7,0.006575,5.5e-05
D1 ,Norte Buss,16693 ,EST1583 ,Miniônibus ,2020,P7,0.006575,5.5e-05
D1 ,Norte Buss,16691 ,DYA6361 ,Miniônibus ,2020,P7,0.006575,5.5e-05
D1 ,Norte Buss,16686 ,ESU0966 ,Miniônibus ,2020,P7,0.006575,5.5e-05
D1 ,Norte Buss,16685 ,BPO8355 ,Miniônibus ,2020,P7,0.006575,5.5e-05
D1 ,Norte Buss,16684 ,BJL6174 ,Miniônibus ,2020,P7,0.006575,5.5e-05
D1 ,Norte Buss,16678 ,DKU1884 ,Miniônibus ,2020,P7,0.006575,5.5e-05
D8 ,Movebuss,55439 ,GEU2011 ,Midiônibus ,2020,P7,0.006575,5.5e-05
D1 ,Norte Buss,16674 ,BQU3644 ,Miniônibus ,2020,P7,0.006575,5.5e-05
D1 ,Norte Buss,16673 ,GJM5531 ,Miniônibus ,2020,P7,0.006575,5.5e-05
D1 ,Norte Buss,16670 ,BSY4770 ,Miniônibus ,2020,P7,0.006575,5.5e-05
D1 ,Norte Buss,16458 ,DKU2B88 ,Miniônibus ,2020,P7,0.006575,5.5e-05
D1 ,Norte Buss,16720 ,DDO1819 ,Miniônibus ,2020,P7,0.006575,5.5e-05
D1 ,Norte Buss,16650 ,EUO1291 ,Miniônibus ,2020,P7,0.006575,5.5e-05
D1 ,Norte Buss,16624 ,EWT1864 ,Miniônibus ,2020,P7,0.006575,5.5e-05
D1 ,Norte Buss,16622 ,BYX8D72 ,Miniônibus ,2020,P7,0.006575,5.5e-05
D1 ,Norte Buss,16615 ,ELO9476 ,Miniônibus ,2020,P7,0.006575,5.5e-05
D1 ,Norte Buss,16613 ,GJU3873 ,Miniônibus ,2020,P7,0.006575,5.5e-05
D1 ,Norte Buss,16459 ,FGA6B67 ,Miniônibus ,2020,P7,0.006575,5.5e-05
D1 ,Norte Buss,16611 ,FQA5E73 ,Miniônibus ,2020,P7,0.006575,5.5e-05
D1 ,Norte Buss,16610 ,GIF9A31 ,Miniônibus ,2020,P7,0.006575,5.5e-05
D1 ,Norte Buss,16605 ,CPV4735 ,Miniônibus ,2020,P7,0.006575,5.5e-05
D1 ,Norte Buss,16604 ,BWF1494 ,Miniônibus ,2020,P7,0.006575,5.5e-05
D1 ,Norte Buss,16462 ,EOO7362 ,Miniônibus ,2020,P7,0.006575,5.5e-05
D8 ,Movebuss,55445 ,FXG9212 ,Midiônibus ,2020,P7,0.006575,5.5e-05
D8 ,Movebuss,55446 ,DGY1166 ,Midiônibus ,2020,P7,0.006575,5.5e-05
D1 ,Norte Buss,16466 ,BVT5766 ,Miniônibus ,2020,P7,0.006575,5.5e-05
D1 ,Norte Buss,16467 ,GFB5A97 ,Miniônibus ,2020,P7,0.006575,5.5e-05
D1 ,Norte Buss,16634 ,FPN2E31 ,Miniônibus ,2020,P7,0.006575,5.5e-05
D8 ,Movebuss,55402 ,FPL0D73 ,Midiônibus ,2020,P7,0.006575,5.5e-05
D1 ,Norte Buss,16457 ,FCW4C87 ,Miniônibus ,2020,P7,0.006575,5.5e-05
D1 ,Norte Buss,16721 ,EBP3541 ,Miniônibus ,2020,P7,0.006575,5.5e-05
D1 ,Norte Buss,16395 ,EHL6895 ,Miniônibus ,2020,P7,0.006575,5.5e-05
D1 ,Norte Buss,16398 ,CUL6325 ,Miniônibus ,2020,P7,0.006575,5.5e-05
D1 ,Norte Buss,16402 ,EWZ5152 ,Miniônibus ,2020,P7,0.006575,5.5e-05
D1 ,Norte Buss,16405 ,FCI5745 ,Miniônibus ,2020,P7,0.006575,5.5e-05
D1 ,Norte Buss,16415 ,EZX5865 ,Miniônibus ,2020,P7,0.006575,5.5e-05
D1 ,Norte Buss,16419 ,ENI3380 ,Miniônibus ,2020,P7,0.006575,5.5e-05
D1 ,Norte Buss,16422 ,EXO9052 ,Miniônibus ,2020,P7,0.006575,5.5e-05
D8 ,Movebuss,55418 ,EOS7982 ,Midiônibus ,2020,P7,0.006575,5.5e-05
D1 ,Norte Buss,16423 ,ESP7233 ,Miniônibus ,2020,P7,0.006575,5.5e-05
D1 ,Norte Buss,16425 ,EXL7465 ,Miniônibus ,2020,P7,0.006575,5.5e-05
D8 ,Movebuss,55421 ,ENE9B78 ,Midiônibus ,2020,P7,0.006575,5.5e-05
D8 ,Movebuss,55423 ,EMA2845 ,Básico ,2020,P7,0.006575,5.5e-05
AR3 ,Metropole,32201 ,GIA2H92 ,Padron ,2020,P7,0.006575,5.5e-05
AR3 ,Metropole,32202 ,GIF8F07 ,Padron ,2020,P7,0.006575,5.5e-05
D1 ,Norte Buss,16456 ,GIC8546 ,Miniônibus ,2020,P7,0.006575,5.5e-05
AR3 ,Metropole,32203 ,GEH3D67 ,Padron ,2020,P7,0.006575,5.5e-05
D1 ,Norte Buss,16430 ,BVT7G92 ,Miniônibus ,2020,P7,0.006575,5.5e-05
D1 ,Norte Buss,16750 ,BZK2350 ,Miniônibus ,2020,P7,0.006575,5.5e-05
D1 ,Norte Buss,16748 ,FPK9838 ,Miniônibus ,2020,P7,0.006575,5.5e-05
D1 ,Norte Buss,16744 ,EWC7278 ,Miniônibus ,2020,P7,0.006575,5.5e-05
D1 ,Norte Buss,16438 ,DLA8918 ,Miniônibus ,2020,P7,0.006575,5.5e-05
D1 ,Norte Buss,16738 ,BSX7308 ,Miniônibus ,2020,P7,0.006575,5.5e-05
D1 ,Norte Buss,16737 ,DNA2283 ,Miniônibus ,2020,P7,0.006575,5.5e-05
D1 ,Norte Buss,16729 ,ELM6329 ,Miniônibus ,2020,P7,0.006575,5.5e-05
D8 ,Movebuss,55430 ,ENG5471 ,Midiônibus ,2020,P7,0.006575,5.5e-05
D1 ,Norte Buss,16727 ,BSY1867 ,Miniônibus ,2020,P7,0.006575,5.5e-05
D1 ,Norte Buss,16450 ,CUG8350 ,Miniônibus ,2020,P7,0.006575,5.5e-05
D1 ,Norte Buss,16722 ,FAN6F22 ,Miniônibus ,2020,P7,0.006575,5.5e-05
D1 ,Norte Buss,16451 ,ECK1561 ,Miniônibus ,2020,P7,0.006575,5.5e-05
D8 ,Movebuss,55435 ,EZG9A07 ,Midiônibus ,2020,P7,0.006575,5.5e-05
D1 ,Norte Buss,16757 ,DKH0717 ,Miniônibus ,2020,P7,0.006575,5.5e-05
E7 ,Metropole,73631 ,GJL3D17 ,Articulado ,2020,P7,0.006575,5.5e-05
D1 ,Norte Buss,16374 ,ELE5352 ,Miniônibus ,2020,P7,0.006575,5.5e-05
E7 ,Metropole,73623 ,GIO6G57 ,Articulado ,2020,P7,0.006575,5.5e-05
D10 ,Transwolff,66300 ,CRM9269 ,Básico ,2020,P7,0.006575,5.5e-05
D2 ,Norte Buss,26012 ,GEK8G46 ,Miniônibus ,2020,P7,0.006575,5.5e-05
D2 ,Norte Buss,26011 ,BQU5J31 ,Miniônibus ,2020,P7,0.006575,5.5e-05
D2 ,Norte Buss,26007 ,GCN5D04 ,Miniônibus ,2020,P7,0.006575,5.5e-05
D10 ,Transwolff,66317 ,BPS9430 ,Básico ,2020,P7,0.006575,5.5e-05
D2 ,Norte Buss,26005 ,CQN5C73 ,Miniônibus ,2020,P7,0.006575,5.5e-05
D10 ,Transwolff,66322 ,EWU1764 ,Básico ,2020,P7,0.006575,5.5e-05
D2 ,Norte Buss,26002 ,ESC1058 ,Miniônibus ,2020,P7,0.006575,5.5e-05
D10 ,Transwolff,66328 ,DXA0129 ,Básico ,2020,P7,0.006575,5.5e-05
D2 ,Norte Buss,26016 ,EEO1540 ,Miniônibus ,2020,P7,0.006575,5.5e-05
D9 ,A2,68896 ,FQP0E41 ,Midiônibus ,2020,P7,0.006575,5.5e-05
D10 ,Transwolff,66350 ,ENU4990 ,Midiônibus ,2020,P7,0.006575,5.5e-05
D2 ,Spencer,25646 ,DNA3460 ,Miniônibus ,2020,P7,0.006575,5.5e-05
D10 ,Transwolff,66357 ,CFZ4209 ,Básico ,2020,P7,0.006575,5.5e-05
D9 ,A2,68894 ,GET6E77 ,Midiônibus ,2020,P7,0.006575,5.5e-05
D2 ,Spencer,25639 ,EHE2789 ,Miniônibus ,2020,P7,0.006575,5.5e-05
D10 ,Transwolff,66378 ,DMN4E41 ,Básico ,2020,P7,0.006575,5.5e-05
D9 ,A2,68890 ,ECL7253 ,Midiônibus ,2020,P7,0.006575,5.5e-05
D9 ,A2,68888 ,EOD0122 ,Midiônibus ,2020,P7,0.006575,5.5e-05
D10 ,Transwolff,66391 ,ELO5I22 ,Midiônibus ,2020,P7,0.006575,5.5e-05
D10 ,Transwolff,66347 ,ELE8788 ,Midiônibus ,2020,P7,0.006575,5.5e-05
D9 ,A2,68880 ,FLO3487 ,Midiônibus ,2020,P7,0.006575,5.5e-05
D2 ,Norte Buss,26017 ,FCP1473 ,Miniônibus ,2020,P7,0.006575,5.5e-05
D10 ,Transwolff,66291 ,FXT1308 ,Básico ,2020,P7,0.006575,5.5e-05
D2 ,Norte Buss,26096 ,FQN2C76 ,Miniônibus ,2020,P7,0.006575,5.5e-05
D10 ,Transwolff,66213 ,ERA2579 ,Básico ,2020,P7,0.006575,5.5e-05
D10 ,Transwolff,66220 ,GFW6938 ,Básico ,2020,P7,0.006575,5.5e-05
D2 ,Norte Buss,26082 ,EBC4992 ,Miniônibus ,2020,P7,0.006575,5.5e-05
D2 ,Norte Buss,26075 ,BYQ6085 ,Miniônibus ,2020,P7,0.006575,5.5e-05
D10 ,Transwolff,66231 ,FMZ2708 ,Básico ,2020,P7,0.006575,5.5e-05
D2 ,Norte Buss,26069 ,CBC7270 ,Miniônibus ,2020,P7,0.006575,5.5e-05
D10 ,Transwolff,66237 ,GIW8907 ,Básico ,2020,P7,0.006575,5.5e-05
D2 ,Norte Buss,26068 ,GIO5E88 ,Miniônibus ,2020,P7,0.006575,5.5e-05
D2 ,Norte Buss,26018 ,FXY5258 ,Miniônibus ,2020,P7,0.006575,5.5e-05
D2 ,Norte Buss,26061 ,DTQ5861 ,Miniônibus ,2020,P7,0.006575,5.5e-05
D10 ,Transwolff,66253 ,DZC4F69 ,Básico ,2020,P7,0.006575,5.5e-05
D2 ,Norte Buss,26044 ,FKZ5I44 ,Miniônibus ,2020,P7,0.006575,5.5e-05
D10 ,Transwolff,66264 ,EUC9320 ,Midiônibus ,2020,P7,0.006575,5.5e-05
D2 ,Norte Buss,26040 ,EQO8369 ,Miniônibus ,2020,P7,0.006575,5.5e-05
D2 ,Norte Buss,26033 ,EFM0433 ,Miniônibus ,2020,P7,0.006575,5.5e-05
D2 ,Norte Buss,26029 ,EZZ1039 ,Miniônibus ,2020,P7,0.006575,5.5e-05
D10 ,Transwolff,66282 ,FVT3488 ,Básico ,2020,P7,0.006575,5.5e-05
D10 ,Transwolff,66284 ,DSL8G29 ,Básico ,2020,P7,0.006575,5.5e-05
D10 ,Transwolff,66290 ,EEZ5A09 ,Básico ,2020,P7,0.006575,5.5e-05
D10 ,Transwolff,66251 ,DMJ7J19 ,Básico ,2020,P7,0.006575,5.5e-05
D2 ,Norte Buss,26098 ,FCY9E68 ,Miniônibus ,2020,P7,0.006575,5.5e-05
D10 ,Transwolff,66393 ,DIM8849 ,Midiônibus ,2020,P7,0.006575,5.5e-05
D9 ,A2,68875 ,GEW9891 ,Midiônibus ,2020,P7,0.006575,5.5e-05
D10 ,Transwolff,66473 ,DOS5389 ,Básico ,2020,P7,0.006575,5.5e-05
D2 ,Spencer,25200 ,EBO3619 ,Miniônibus ,2020,P7,0.006575,5.5e-05
D10 ,Transwolff,66477 ,EMP5689 ,Midiônibus ,2020,P7,0.006575,5.5e-05
D9 ,A2,68847 ,EXD0252 ,Midiônibus ,2020,P7,0.006575,5.5e-05
D10 ,Transwolff,66506 ,GIT4308 ,Midiônibus ,2020,P7,0.006575,5.5e-05
D10 ,Transwolff,66510 ,DUH6459 ,Básico ,2020,P7,0.006575,5.5e-05
D10 ,Transwolff,66511 ,FWK5B99 ,Padron ,2020,P7,0.006575,5.5e-05
D10 ,Transwolff,66526 ,CFZ9B49 ,Midiônibus ,2020,P7,0.006575,5.5e-05
D9 ,A2,68845 ,EBP3752 ,Midiônibus ,2020,P7,0.006575,5.5e-05
D2 ,Spencer,25201 ,CSN2563 ,Miniônibus ,2020,P7,0.006575,5.5e-05
D10 ,Transwolff,66537 ,GIN8B68 ,Básico ,2020,P7,0.006575,5.5e-05
D10 ,Transwolff,66567 ,GFN3A67 ,Básico ,2020,P7,0.006575,5.5e-05
D10 ,Transwolff,66576 ,GJK8786 ,Midiônibus ,2020,P7,0.006575,5.5e-05
D2 ,Spencer,25165 ,EBQ5279 ,Miniônibus ,2020,P7,0.006575,5.5e-05
D2 ,Spencer,25164 ,DYF7879 ,Miniônibus ,2020,P7,0.006575,5.5e-05
D10 ,Transwolff,66589 ,EOO2630 ,Midiônibus ,2020,P7,0.006575,5.5e-05
D2 ,Spencer,25163 ,FST7C68 ,Básico ,2020,P7,0.006575,5.5e-05
D2 ,Spencer,25162 ,FVD1646 ,Básico ,2020,P7,0.006575,5.5e-05
D2 ,Spencer,25159 ,DMZ8991 ,Miniônibus ,2020,P7,0.006575,5.5e-05
D10 ,Transwolff,66600 ,EGX8152 ,Midiônibus ,2020,P7,0.006575,5.5e-05
D10 ,Transwolff,66550 ,BWV6I19 ,Básico ,2020,P7,0.006575,5.5e-05
D10 ,Transwolff,66396 ,GHP1275 ,Básico ,2020,P7,0.006575,5.5e-05
D2 ,Spencer,25202 ,EMT8870 ,Miniônibus ,2020,P7,0.006575,5.5e-05
D10 ,Transwolff,66465 ,DYA3879 ,Básico ,2020,P7,0.006575,5.5e-05
D2 ,Spencer,25631 ,EVJ5863 ,Básico ,2020,P7,0.006575,5.5e-05
D2 ,Spencer,25630 ,BWV4691 ,Básico ,2020,P7,0.006575,5.5e-05
D2 ,Spencer,25629 ,EBT5989 ,Básico ,2020,P7,0.006575,5.5e-05
D2 ,Spencer,25628 ,ECG5670 ,Básico ,2020,P7,0.006575,5.5e-05
D9 ,A2,68870 ,GIE6E86 ,Midiônibus ,2020,P7,0.006575,5.5e-05
D9 ,A2,68868 ,EJX3901 ,Midiônibus ,2020,P7,0.006575,5.5e-05
D10 ,Transwolff,66415 ,BZA0719 ,Midiônibus ,2020,P7,0.006575,5.5e-05
D10 ,Transwolff,66419 ,EJV8938 ,Básico ,2020,P7,0.006575,5.5e-05
D10 ,Transwolff,66432 ,EHA8439 ,Básico ,2020,P7,0.006575,5.5e-05
D2 ,Spencer,25205 ,EST5889 ,Miniônibus ,2020,P7,0.006575,5.5e-05
D9 ,A2,68859 ,FTL8604 ,Midiônibus ,2020,P7,0.006575,5.5e-05
D2 ,Spencer,25221 ,EVH0998 ,Miniônibus ,2020,P7,0.006575,5.5e-05
D2 ,Spencer,25220 ,FCX1737 ,Miniônibus ,2020,P7,0.006575,5.5e-05
D2 ,Spencer,25212 ,DLM7847 ,Miniônibus ,2020,P7,0.006575,5.5e-05
D2 ,Spencer,25211 ,FPJ3918 ,Miniônibus ,2020,P7,0.006575,5.5e-05
D2 ,Spencer,25210 ,ESL2588 ,Miniônibus ,2020,P7,0.006575,5.5e-05
D10 ,Transwolff,66451 ,GKC9445 ,Básico ,2020,P7,0.006575,5.5e-05
D2 ,Spencer,25209 ,ENZ4577 ,Miniônibus ,2020,P7,0.006575,5.5e-05
D2 ,Spencer,25208 ,ELY3950 ,Miniônibus ,2020,P7,0.006575,5.5e-05
D2 ,Spencer,25207 ,EQH6820 ,Miniônibus ,2020,P7,0.006575,5.5e-05
D9 ,A2,68854 ,GAQ4E56 ,Midiônibus ,2020,P7,0.006575,5.5e-05
D2 ,Spencer,25155 ,DGY9147 ,Básico ,2020,P7,0.006575,5.5e-05
D10 ,Transwolff,66200 ,GFP3A57 ,Básico ,2020,P7,0.006575,5.5e-05
D2 ,Norte Buss,26104 ,EDO4734 ,Miniônibus ,2020,P7,0.006575,5.5e-05
AR6 ,Mobibrasil,64444 ,GKH4I15 ,Padron ,2020,P7,0.006575,5.5e-05
AR6 ,Mobibrasil,64445 ,GIH5B28 ,Padron ,2020,P7,0.006575,5.5e-05
D2 ,Norte Buss,26264 ,GFX5784 ,Miniônibus ,2020,P7,0.006575,5.5e-05
D10 ,Transwolff,66001 ,DAV8651 ,Midiônibus ,2020,P7,0.006575,5.5e-05
D10 ,Transwolff,66005 ,GKI8944 ,Básico ,2020,P7,0.006575,5.5e-05
D10 ,Transwolff,66016 ,EXW7C79 ,Básico ,2020,P7,0.006575,5.5e-05
D10 ,Transwolff,66019 ,GBW1306 ,Básico ,2020,P7,0.006575,5.5e-05
D10 ,Transwolff,66022 ,EZZ4548 ,Midiônibus ,2020,P7,0.006575,5.5e-05
D2 ,Norte Buss,26234 ,DQT6I24 ,Miniônibus ,2020,P7,0.006575,5.5e-05
AR6 ,Mobibrasil,64443 ,GEL3J48 ,Padron ,2020,P7,0.006575,5.5e-05
D10 ,Transwolff,66042 ,EQN2889 ,Básico ,2020,P7,0.006575,5.5e-05
D10 ,Transwolff,66053 ,ESS8199 ,Básico ,2020,P7,0.006575,5.5e-05
D2 ,Norte Buss,26224 ,EGI1872 ,Miniônibus ,2020,P7,0.006575,5.5e-05
D10 ,Transwolff,66058 ,ERQ3857 ,Midiônibus ,2020,P7,0.006575,5.5e-05
D2 ,Norte Buss,26219 ,EUY2919 ,Miniônibus ,2020,P7,0.006575,5.5e-05
D10 ,Transwolff,66064 ,FVY2F37 ,Midiônibus ,2020,P7,0.006575,5.5e-05
D10 ,Transwolff,66070 ,FVH1A98 ,Básico ,2020,P7,0.006575,5.5e-05
D2 ,Norte Buss,26211 ,BYI5451 ,Miniônibus ,2020,P7,0.006575,5.5e-05
D2 ,Norte Buss,26209 ,BZA7257 ,Miniônibus ,2020,P7,0.006575,5.5e-05
D2 ,Norte Buss,26198 ,EST8918 ,Miniônibus ,2020,P7,0.006575,5.5e-05
D10 ,Transwolff,66051 ,CFY7C99 ,Básico ,2020,P7,0.006575,5.5e-05
D2 ,Norte Buss,26197 ,FSO5B23 ,Miniônibus ,2020,P7,0.006575,5.5e-05
AR6 ,Mobibrasil,64442 ,GHI8H27 ,Padron ,2020,P7,0.006575,5.5e-05
AR6 ,Mobibrasil,64440 ,GFV1I26 ,Padron ,2020,P7,0.006575,5.5e-05
AR6 ,Mobibrasil,64419 ,EEI6032 ,Padron ,2020,P7,0.006575,5.5e-05
AR6 ,Mobibrasil,64420 ,EEG7124 ,Padron ,2020,P7,0.006575,5.5e-05
AR6 ,Mobibrasil,64421 ,EEL7683 ,Padron ,2020,P7,0.006575,5.5e-05
AR6 ,Mobibrasil,64422 ,EZY0189 ,Padron ,2020,P7,0.006575,5.5e-05
AR6 ,Mobibrasil,64423 ,EEE9560 ,Padron ,2020,P7,0.006575,5.5e-05
AR6 ,Mobibrasil,64424 ,ENU0223 ,Padron ,2020,P7,0.006575,5.5e-05
AR6 ,Mobibrasil,64425 ,ENZ9444 ,Padron ,2020,P7,0.006575,5.5e-05
AR6 ,Mobibrasil,64426 ,EHV6A68 ,Padron ,2020,P7,0.006575,5.5e-05
AR6 ,Mobibrasil,64427 ,EZI5649 ,Padron ,2020,P7,0.006575,5.5e-05
AR6 ,Mobibrasil,64441 ,GGL0C78 ,Padron ,2020,P7,0.006575,5.5e-05
AR6 ,Mobibrasil,64428 ,EEU0729 ,Padron ,2020,P7,0.006575,5.5e-05
AR6 ,Mobibrasil,64430 ,EOD6E34 ,Padron ,2020,P7,0.006575,5.5e-05
AR6 ,Mobibrasil,64431 ,GGS5D28 ,Padron ,2020,P7,0.006575,5.5e-05
AR6 ,Mobibrasil,64433 ,GDV8B07 ,Padron ,2020,P7,0.006575,5.5e-05
AR6 ,Mobibrasil,64434 ,GAM9D34 ,Padron ,2020,P7,0.006575,5.5e-05
AR6 ,Mobibrasil,64435 ,GJR1G25 ,Padron ,2020,P7,0.006575,5.5e-05
AR6 ,Mobibrasil,64436 ,GAQ8E23 ,Padron ,2020,P7,0.006575,5.5e-05
AR6 ,Mobibrasil,64437 ,GAG4F28 ,Padron ,2020,P7,0.006575,5.5e-05
AR6 ,Mobibrasil,64438 ,GHB5C52 ,Padron ,2020,P7,0.006575,5.5e-05
AR6 ,Mobibrasil,64439 ,GFV6F82 ,Padron ,2020,P7,0.006575,5.5e-05
AR6 ,Mobibrasil,64429 ,EOO8999 ,Padron ,2020,P7,0.006575,5.5e-05
D10 ,Transwolff,66195 ,DHT9D96 ,Midiônibus ,2020,P7,0.006575,5.5e-05
D10 ,Transwolff,66093 ,EEK6890 ,Básico ,2020,P7,0.006575,5.5e-05
D10 ,Transwolff,66098 ,DVF7198 ,Básico ,2020,P7,0.006575,5.5e-05
AR2 ,Sambaiba,22472 ,DBM1635 ,Padron ,2020,P7,0.006575,5.5e-05
AR2 ,Sambaiba,22473 ,DYA4111 ,Padron ,2020,P7,0.006575,5.5e-05
AR2 ,Sambaiba,22474 ,BZG6432 ,Padron ,2020,P7,0.006575,5.5e-05
AR2 ,Sambaiba,22475 ,BYY5483 ,Padron ,2020,P7,0.006575,5.5e-05
D10 ,Transwolff,66147 ,EHQ0E67 ,Básico ,2020,P7,0.006575,5.5e-05
D10 ,Transwolff,66149 ,EST8427 ,Básico ,2020,P7,0.006575,5.5e-05
AR2 ,Sambaiba,22476 ,EBQ1984 ,Padron ,2020,P7,0.006575,5.5e-05
D10 ,Transwolff,66151 ,GGV1709 ,Básico ,2020,P7,0.006575,5.5e-05
AR2 ,Sambaiba,22477 ,DKI7785 ,Padron ,2020,P7,0.006575,5.5e-05
AR2 ,Sambaiba,22471 ,DJA0840 ,Padron ,2020,P7,0.006575,5.5e-05
AR2 ,Sambaiba,22478 ,CUJ5926 ,Padron ,2020,P7,0.006575,5.5e-05
AR2 ,Sambaiba,22479 ,ENN9626 ,Padron ,2020,P7,0.006575,5.5e-05
D10 ,Transwolff,66163 ,GJZ9496 ,Básico ,2020,P7,0.006575,5.5e-05
D2 ,Norte Buss,26130 ,CDS0670 ,Miniônibus ,2020,P7,0.006575,5.5e-05
D2 ,Norte Buss,26127 ,EVW3043 ,Miniônibus ,2020,P7,0.006575,5.5e-05
D2 ,Norte Buss,26123 ,GJK5263 ,Miniônibus ,2020,P7,0.006575,5.5e-05
D10 ,Transwolff,66176 ,GGH9578 ,Básico ,2020,P7,0.006575,5.5e-05
D10 ,Transwolff,66177 ,EWU4817 ,Midiônibus ,2020,P7,0.006575,5.5e-05
D10 ,Transwolff,66182 ,FGC8619 ,Midiônibus ,2020,P7,0.006575,5.5e-05
D2 ,Norte Buss,26108 ,ENZ3028 ,Miniônibus ,2020,P7,0.006575,5.5e-05
D2 ,Norte Buss,26139 ,DIR5999 ,Miniônibus ,2020,P7,0.006575,5.5e-05
D10 ,Transwolff,66095 ,GIL3G67 ,Básico ,2020,P7,0.006575,5.5e-05
D2 ,Norte Buss,26143 ,EXO2105 ,Miniônibus ,2020,P7,0.006575,5.5e-05
AR2 ,Sambaiba,22469 ,EXL8148 ,Padron ,2020,P7,0.006575,5.5e-05
D10 ,Transwolff,66099 ,EQK8D79 ,Básico ,2020,P7,0.006575,5.5e-05
D10 ,Transwolff,66103 ,EBJ1I72 ,Midiônibus ,2020,P7,0.006575,5.5e-05
D2 ,Norte Buss,26170 ,BRQ5810 ,Miniônibus ,2020,P7,0.006575,5.5e-05
D10 ,Transwolff,66113 ,BSY6749 ,Básico ,2020,P7,0.006575,5.5e-05
D10 ,Transwolff,66114 ,FXV3398 ,Básico ,2020,P7,0.006575,5.5e-05
D2 ,Norte Buss,26169 ,GBK2319 ,Miniônibus ,2020,P7,0.006575,5.5e-05
D2 ,Norte Buss,26164 ,EXL6514 ,Miniônibus ,2020,P7,0.006575,5.5e-05
AR2 ,Sambaiba,22460 ,CUM7180 ,Padron ,2020,P7,0.006575,5.5e-05
D2 ,Norte Buss,26160 ,BWJ8629 ,Miniônibus ,2020,P7,0.006575,5.5e-05
AR2 ,Sambaiba,22470 ,DRS8459 ,Padron ,2020,P7,0.006575,5.5e-05
D10 ,Transwolff,66127 ,GAX8627 ,Midiônibus ,2020,P7,0.006575,5.5e-05
AR2 ,Sambaiba,22462 ,BXC6982 ,Padron ,2020,P7,0.006575,5.5e-05
AR2 ,Sambaiba,22463 ,EJW5363 ,Padron ,2020,P7,0.006575,5.5e-05
AR2 ,Sambaiba,22464 ,DWQ5224 ,Padron ,2020,P7,0.006575,5.5e-05
AR2 ,Sambaiba,22465 ,EOD2285 ,Padron ,2020,P7,0.006575,5.5e-05
AR2 ,Sambaiba,22466 ,DCU0206 ,Padron ,2020,P7,0.006575,5.5e-05
AR2 ,Sambaiba,22467 ,DJA5829 ,Padron ,2020,P7,0.006575,5.5e-05
D10 ,Transwolff,66135 ,FTH8736 ,Básico ,2020,P7,0.006575,5.5e-05
AR2 ,Sambaiba,22468 ,BXQ4157 ,Padron ,2020,P7,0.006575,5.5e-05
D2 ,Norte Buss,26155 ,FOK8C22 ,Miniônibus ,2020,P7,0.006575,5.5e-05
AR2 ,Sambaiba,22461 ,CUE8461 ,Padron ,2020,P7,0.006575,5.5e-05
AR6 ,Mobibrasil,64418 ,ETA8761 ,Padron ,2020,P7,0.006575,5.5e-05
D2 ,Spencer,25154 ,BYI4J19 ,Básico ,2020,P7,0.006575,5.5e-05
D2 ,Spencer,25152 ,DIN6144 ,Básico ,2020,P7,0.006575,5.5e-05
D9 ,A2,68326 ,EXR2413 ,Midiônibus ,2020,P7,0.006575,5.5e-05
D9 ,A2,68325 ,EXO9207 ,Midiônibus ,2020,P7,0.006575,5.5e-05
D9 ,A2,68324 ,EZG5384 ,Midiônibus ,2020,P7,0.006575,5.5e-05
D9 ,A2,68323 ,FPH6327 ,Midiônibus ,2020,P7,0.006575,5.5e-05
D9 ,A2,68322 ,FRQ7781 ,Midiônibus ,2020,P7,0.006575,5.5e-05
D9 ,A2,68320 ,EZP5119 ,Midiônibus ,2020,P7,0.006575,5.5e-05
D9 ,A2,68318 ,FVY2523 ,Midiônibus ,2020,P7,0.006575,5.5e-05
D9 ,A2,68052 ,ETU0652 ,Midiônibus ,2020,P7,0.006575,5.5e-05
D9 ,A2,68053 ,GBV7405 ,Midiônibus ,2020,P7,0.006575,5.5e-05
D9 ,A2,68327 ,EPT7856 ,Midiônibus ,2020,P7,0.006575,5.5e-05
D9 ,A2,68054 ,ECY2340 ,Midiônibus ,2020,P7,0.006575,5.5e-05
D9 ,A2,68316 ,EXM6652 ,Midiônibus ,2020,P7,0.006575,5.5e-05
D9 ,A2,68060 ,EUR7D81 ,Midiônibus ,2020,P7,0.006575,5.5e-05
D9 ,A2,68315 ,GDG0147 ,Midiônibus ,2020,P7,0.006575,5.5e-05
D9 ,A2,68067 ,EYH0870 ,Midiônibus ,2020,P7,0.006575,5.5e-05
D9 ,A2,68068 ,GAI4H78 ,Midiônibus ,2020,P7,0.006575,5.5e-05
D9 ,A2,68313 ,FQI7948 ,Midiônibus ,2020,P7,0.006575,5.5e-05
D9 ,A2,68311 ,ESY5768 ,Midiônibus ,2020,P7,0.006575,5.5e-05
AR2 ,Sambaiba,22740 ,CUO2740 ,Padron ,2020,P7,0.006575,5.5e-05
D9 ,A2,68309 ,ECU4908 ,Midiônibus ,2020,P7,0.006575,5.5e-05
D9 ,A2,68317 ,GDH8725 ,Midiônibus ,2020,P7,0.006575,5.5e-05
AR2 ,Sambaiba,22741 ,BHE2741 ,Padron ,2020,P7,0.006575,5.5e-05
D9 ,A2,68328 ,EXJ5078 ,Midiônibus ,2020,P7,0.006575,5.5e-05
D9 ,A2,68330 ,GEI5C55 ,Midiônibus ,2020,P7,0.006575,5.5e-05
D10 ,Transwolff,66919 ,FUQ4D26 ,Básico ,2020,P7,0.006575,5.5e-05
D10 ,Transwolff,66933 ,FWW9E56 ,Básico ,2020,P7,0.006575,5.5e-05
D10 ,Transwolff,66937 ,FRO3C84 ,Básico ,2020,P7,0.006575,5.5e-05
D10 ,Transwolff,66944 ,EEO8238 ,Básico ,2020,P7,0.006575,5.5e-05
AR2 ,Sambaiba,22731 ,BNC2731 ,Padron ,2020,P7,0.006575,5.5e-05
AR2 ,Sambaiba,22732 ,BKU2732 ,Padron ,2020,P7,0.006575,5.5e-05
D9 ,A2,68365 ,EYA1070 ,Midiônibus ,2020,P7,0.006575,5.5e-05
D10 ,Transwolff,66958 ,FPB7807 ,Básico ,2020,P7,0.006575,5.5e-05
D10 ,Transwolff,66971 ,EGY0460 ,Midiônibus ,2020,P7,0.006575,5.5e-05
D9 ,A2,68329 ,ESL5306 ,Midiônibus ,2020,P7,0.006575,5.5e-05
D10 ,Transwolff,66972 ,FMA6B72 ,Básico ,2020,P7,0.006575,5.5e-05
D10 ,Transwolff,66987 ,GDQ7E08 ,Básico ,2020,P7,0.006575,5.5e-05
D10 ,Transwolff,66995 ,FQA7I27 ,Básico ,2020,P7,0.006575,5.5e-05
AR2 ,Sambaiba,22734 ,BGN2734 ,Padron ,2020,P7,0.006575,5.5e-05
AR2 ,Sambaiba,22735 ,BLT2735 ,Padron ,2020,P7,0.006575,5.5e-05
AR2 ,Sambaiba,22736 ,BJD2736 ,Padron ,2020,P7,0.006575,5.5e-05
AR2 ,Sambaiba,22737 ,BKU2737 ,Padron ,2020,P7,0.006575,5.5e-05
AR2 ,Sambaiba,22738 ,BPO2738 ,Padron ,2020,P7,0.006575,5.5e-05
D9 ,A2,68017 ,EXV0654 ,Midiônibus ,2020,P7,0.006575,5.5e-05
AR2 ,Sambaiba,22739 ,BIJ2739 ,Padron ,2020,P7,0.006575,5.5e-05
D10 ,Transwolff,66984 ,GIY4F67 ,Básico ,2020,P7,0.006575,5.5e-05
D10 ,Transwolff,66918 ,FNQ3A86 ,Básico ,2020,P7,0.006575,5.5e-05
D9 ,A2,68306 ,FGW0814 ,Midiônibus ,2020,P7,0.006575,5.5e-05
D9 ,A2,68085 ,FPJ2966 ,Midiônibus ,2020,P7,0.006575,5.5e-05
AR2 ,Sambaiba,22749 ,BXD2749 ,Padron ,2020,P7,0.006575,5.5e-05
D9 ,A2,68281 ,FQB2276 ,Midiônibus ,2020,P7,0.006575,5.5e-05
D9 ,A2,68280 ,EOD9285 ,Midiônibus ,2020,P7,0.006575,5.5e-05
D9 ,A2,68279 ,FTA9323 ,Midiônibus ,2020,P7,0.006575,5.5e-05
D9 ,A2,68160 ,FRB0883 ,Midiônibus ,2020,P7,0.006575,5.5e-05
D9 ,A2,68161 ,EYH3G78 ,Midiônibus ,2020,P7,0.006575,5.5e-05
D9 ,A2,68162 ,EKU2053 ,Midiônibus ,2020,P7,0.006575,5.5e-05
AR2 ,Sambaiba,22750 ,CUY2750 ,Padron ,2020,P7,0.006575,5.5e-05
AR2 ,Sambaiba,22751 ,BQU2751 ,Padron ,2020,P7,0.006575,5.5e-05
D9 ,A2,68153 ,FVA6293 ,Midiônibus ,2020,P7,0.006575,5.5e-05
D9 ,A2,68275 ,GHN4975 ,Midiônibus ,2020,P7,0.006575,5.5e-05
AR2 ,Sambaiba,22753 ,BVT2753 ,Padron ,2020,P7,0.006575,5.5e-05
D9 ,A2,68185 ,GDQ5J15 ,Midiônibus ,2020,P7,0.006575,5.5e-05
D9 ,A2,68194 ,ERB4573 ,Midiônibus ,2020,P7,0.006575,5.5e-05
D9 ,A2,68199 ,ELY4893 ,Midiônibus ,2020,P7,0.006575,5.5e-05
D9 ,A2,68207 ,EZX5361 ,Midiônibus ,2020,P7,0.006575,5.5e-05
D9 ,A2,68209 ,EZX1637 ,Midiônibus ,2020,P7,0.006575,5.5e-05
D9 ,A2,68212 ,FZT7607 ,Midiônibus ,2020,P7,0.006575,5.5e-05
D9 ,A2,68230 ,ELC7601 ,Midiônibus ,2020,P7,0.006575,5.5e-05
D9 ,A2,68267 ,FMN4754 ,Midiônibus ,2020,P7,0.006575,5.5e-05
AR2 ,Sambaiba,22752 ,BPC2752 ,Padron ,2020,P7,0.006575,5.5e-05
D9 ,A2,68081 ,EDI0393 ,Midiônibus ,2020,P7,0.006575,5.5e-05
D9 ,A2,68147 ,ERT2823 ,Midiônibus ,2020,P7,0.006575,5.5e-05
D9 ,A2,68140 ,GIV4469 ,Midiônibus ,2020,P7,0.006575,5.5e-05
D9 ,A2,68305 ,GBG2817 ,Midiônibus ,2020,P7,0.006575,5.5e-05
D9 ,A2,68087 ,GBK4H45 ,Midiônibus ,2020,P7,0.006575,5.5e-05
D9 ,A2,68096 ,FOT4555 ,Midiônibus ,2020,P7,0.006575,5.5e-05
D9 ,A2,68097 ,EWU4625 ,Midiônibus ,2020,P7,0.006575,5.5e-05
D9 ,A2,68304 ,GAY3077 ,Midiônibus ,2020,P7,0.006575,5.5e-05
AR2 ,Sambaiba,22742 ,BIX2742 ,Padron ,2020,P7,0.006575,5.5e-05
D9 ,A2,68111 ,FVJ9D38 ,Midiônibus ,2020,P7,0.006575,5.5e-05
D9 ,A2,68301 ,FJG7943 ,Midiônibus ,2020,P7,0.006575,5.5e-05
AR2 ,Sambaiba,22743 ,BJK2743 ,Padron ,2020,P7,0.006575,5.5e-05
D9 ,A2,68284 ,FGZ9245 ,Midiônibus ,2020,P7,0.006575,5.5e-05
AR2 ,Sambaiba,22744 ,BKU2744 ,Padron ,2020,P7,0.006575,5.5e-05
D9 ,A2,68294 ,EPG4093 ,Midiônibus ,2020,P7,0.006575,5.5e-05
D9 ,A2,68293 ,ENU2416 ,Midiônibus ,2020,P7,0.006575,5.5e-05
AR2 ,Sambaiba,22746 ,BQX2H46 ,Padron ,2020,P7,0.006575,5.5e-05
AR2 ,Sambaiba,22747 ,BYP2747 ,Padron ,2020,P7,0.006575,5.5e-05
D9 ,A2,68288 ,GAY5300 ,Midiônibus ,2020,P7,0.006575,5.5e-05
D9 ,A2,68287 ,EZP3865 ,Midiônibus ,2020,P7,0.006575,5.5e-05
D9 ,A2,68286 ,EMM6024 ,Midiônibus ,2020,P7,0.006575,5.5e-05
D9 ,A2,68136 ,EBT6729 ,Midiônibus ,2020,P7,0.006575,5.5e-05
AR2 ,Sambaiba,22748 ,BVT2748 ,Padron ,2020,P7,0.006575,5.5e-05
AR2 ,Sambaiba,22745 ,BPO2745 ,Padron ,2020,P7,0.006575,5.5e-05
D2 ,Spencer,25153 ,BYX8601 ,Básico ,2020,P7,0.006575,5.5e-05
D9 ,A2,68421 ,FSB0658 ,Midiônibus ,2020,P7,0.006575,5.5e-05
D9 ,A2,68430 ,GEO5H18 ,Midiônibus ,2020,P7,0.006575,5.5e-05
D2 ,Spencer,25115 ,BZL4948 ,Básico ,2020,P7,0.006575,5.5e-05
D2 ,Spencer,25100 ,EVS0H51 ,Miniônibus ,2020,P7,0.006575,5.5e-05
D10 ,Transwolff,66694 ,BWV4599 ,Básico ,2020,P7,0.006575,5.5e-05
D2 ,Spencer,25089 ,ELG7089 ,Básico ,2020,P7,0.006575,5.5e-05
D2 ,Spencer,25063 ,GKG6698 ,Básico ,2020,P7,0.006575,5.5e-05
D2 ,Spencer,25056 ,FXB3137 ,Básico ,2020,P7,0.006575,5.5e-05
D2 ,Spencer,25034 ,EME2237 ,Miniônibus ,2020,P7,0.006575,5.5e-05
D2 ,Spencer,25031 ,DMS0359 ,Miniônibus ,2020,P7,0.006575,5.5e-05
D10 ,Transwolff,66703 ,FNO5237 ,Básico ,2020,P7,0.006575,5.5e-05
D10 ,Transwolff,66684 ,GJJ2146 ,Básico ,2020,P7,0.006575,5.5e-05
D2 ,Spencer,25023 ,BZB9183 ,Miniônibus ,2020,P7,0.006575,5.5e-05
D9 ,A2,68826 ,FNP8942 ,Midiônibus ,2020,P7,0.006575,5.5e-05
D10 ,Transwolff,66720 ,FLA4618 ,Básico ,2020,P7,0.006575,5.5e-05
D10 ,Transwolff,66724 ,FQX1169 ,Básico ,2020,P7,0.006575,5.5e-05
D2 ,Spencer,25012 ,DIT1130 ,Básico ,2020,P7,0.006575,5.5e-05
D2 ,Spencer,25010 ,GDJ8397 ,Miniônibus ,2020,P7,0.006575,5.5e-05
D10 ,Transwolff,66741 ,ELA6420 ,Básico ,2020,P7,0.006575,5.5e-05
D10 ,Transwolff,66744 ,EBX4957 ,Básico ,2020,P7,0.006575,5.5e-05
D2 ,Spencer,25003 ,EJX8365 ,Miniônibus ,2020,P7,0.006575,5.5e-05
D9 ,A2,68800 ,ELE6513 ,Midiônibus ,2020,P7,0.006575,5.5e-05
D10 ,Transwolff,66709 ,EST0H86 ,Básico ,2020,P7,0.006575,5.5e-05
D9 ,A2,68784 ,FCE9235 ,Midiônibus ,2020,P7,0.006575,5.5e-05
D2 ,Spencer,25118 ,EXO9580 ,Básico ,2020,P7,0.006575,5.5e-05
D10 ,Transwolff,66679 ,FEF8B75 ,Midiônibus ,2020,P7,0.006575,5.5e-05
D2 ,Spencer,25151 ,FFC2097 ,Básico ,2020,P7,0.006575,5.5e-05
D9 ,A2,68831 ,FNW7243 ,Midiônibus ,2020,P7,0.006575,5.5e-05
D2 ,Spencer,25150 ,EQI2406 ,Básico ,2020,P7,0.006575,5.5e-05
D2 ,Spencer,25149 ,GJN2237 ,Básico ,2020,P7,0.006575,5.5e-05
D2 ,Spencer,25148 ,BYY6308 ,Básico ,2020,P7,0.006575,5.5e-05
D2 ,Spencer,25147 ,EBK0139 ,Básico ,2020,P7,0.006575,5.5e-05
D2 ,Spencer,25146 ,FOV3H58 ,Básico ,2020,P7,0.006575,5.5e-05
D2 ,Spencer,25145 ,BKH2675 ,Básico ,2020,P7,0.006575,5.5e-05
D10 ,Transwolff,66648 ,GGK5E08 ,Padron ,2020,P7,0.006575,5.5e-05
D2 ,Spencer,25119 ,EJD9518 ,Básico ,2020,P7,0.006575,5.5e-05
D2 ,Spencer,25144 ,FUG8D76 ,Básico ,2020,P7,0.006575,5.5e-05
D2 ,Spencer,25142 ,BZA6063 ,Básico ,2020,P7,0.006575,5.5e-05
D2 ,Spencer,25141 ,BYI4237 ,Básico ,2020,P7,0.006575,5.5e-05
D10 ,Transwolff,66660 ,DVC9130 ,Básico ,2020,P7,0.006575,5.5e-05
D2 ,Spencer,25140 ,DBN5H92 ,Básico ,2020,P7,0.006575,5.5e-05
D2 ,Spencer,25139 ,EJV3382 ,Miniônibus ,2020,P7,0.006575,5.5e-05
D2 ,Spencer,25130 ,ELB3069 ,Básico ,2020,P7,0.006575,5.5e-05
D2 ,Spencer,25127 ,DFJ1496 ,Básico ,2020,P7,0.006575,5.5e-05
D2 ,Spencer,25121 ,EQO0627 ,Básico ,2020,P7,0.006575,5.5e-05
D2 ,Spencer,25120 ,FXE4159 ,Básico ,2020,P7,0.006575,5.5e-05
D2 ,Spencer,25143 ,GDB4904 ,Básico ,2020,P7,0.006575,5.5e-05
D9 ,A2,68429 ,FYT4C08 ,Midiônibus ,2020,P7,0.006575,5.5e-05
D9 ,A2,68766 ,DIB8I09 ,Midiônibus ,2020,P7,0.006575,5.5e-05
D10 ,Transwolff,66768 ,EXS6A49 ,Midiônibus ,2020,P7,0.006575,5.5e-05
D10 ,Transwolff,66846 ,CLG0D79 ,Básico ,2020,P7,0.006575,5.5e-05
D10 ,Transwolff,66847 ,DKH5A69 ,Básico ,2020,P7,0.006575,5.5e-05
D10 ,Transwolff,66848 ,FNB2H62 ,Básico ,2020,P7,0.006575,5.5e-05
D10 ,Transwolff,66849 ,EXV5E23 ,Básico ,2020,P7,0.006575,5.5e-05
D10 ,Transwolff,66850 ,BYQ0F53 ,Básico ,2020,P7,0.006575,5.5e-05
D10 ,Transwolff,66851 ,GFN2C45 ,Básico ,2020,P7,0.006575,5.5e-05
D10 ,Transwolff,66852 ,EBJ4G39 ,Básico ,2020,P7,0.006575,5.5e-05
D10 ,Transwolff,66853 ,ERA8E43 ,Básico ,2020,P7,0.006575,5.5e-05
D10 ,Transwolff,66854 ,GIM7D23 ,Básico ,2020,P7,0.006575,5.5e-05
D10 ,Transwolff,66844 ,FTB3G87 ,Básico ,2020,P7,0.006575,5.5e-05
D10 ,Transwolff,66858 ,EQM5B99 ,Básico ,2020,P7,0.006575,5.5e-05
D10 ,Transwolff,66867 ,FMT7A73 ,Básico ,2020,P7,0.006575,5.5e-05
D10 ,Transwolff,66868 ,FPJ4D47 ,Básico ,2020,P7,0.006575,5.5e-05
D9 ,A2,68518 ,FYI0744 ,Midiônibus ,2020,P7,0.006575,5.5e-05
D9 ,A2,68498 ,GAU9G39 ,Básico ,2020,P7,0.006575,5.5e-05
D10 ,Transwolff,66882 ,DSF2769 ,Básico ,2020,P7,0.006575,5.5e-05
D10 ,Transwolff,66896 ,EZZ2489 ,Básico ,2020,P7,0.006575,5.5e-05
D10 ,Transwolff,66897 ,GDB4H28 ,Padron ,2020,P7,0.006575,5.5e-05
D9 ,A2,68462 ,FNB4375 ,Midiônibus ,2020,P7,0.006575,5.5e-05
D9 ,A2,68449 ,ETP7720 ,Midiônibus ,2020,P7,0.006575,5.5e-05
D10 ,Transwolff,66860 ,GAS2J97 ,Básico ,2020,P7,0.006575,5.5e-05
D9 ,A2,68749 ,EVW3295 ,Midiônibus ,2020,P7,0.006575,5.5e-05
D10 ,Transwolff,66829 ,EUJ7930 ,Midiônibus ,2020,P7,0.006575,5.5e-05
D10 ,Transwolff,66822 ,ECW4J49 ,Básico ,2020,P7,0.006575,5.5e-05
D9 ,A2,68708 ,FAT9122 ,Midiônibus ,2020,P7,0.006575,5.5e-05
D9 ,A2,68701 ,FPL3512 ,Midiônibus ,2020,P7,0.006575,5.5e-05
D9 ,A2,68692 ,FQO9567 ,Midiônibus ,2020,P7,0.006575,5.5e-05
D9 ,A2,68634 ,GGK4165 ,Midiônibus ,2020,P7,0.006575,5.5e-05
D9 ,A2,68622 ,FWM9732 ,Midiônibus ,2020,P7,0.006575,5.5e-05
D9 ,A2,68593 ,FIN0J55 ,Midiônibus ,2020,P7,0.006575,5.5e-05
D9 ,A2,68561 ,EHH5917 ,Midiônibus ,2020,P7,0.006575,5.5e-05
D10 ,Transwolff,66794 ,CEI4669 ,Básico ,2020,P7,0.006575,5.5e-05
D9 ,A2,68555 ,FJH8057 ,Midiônibus ,2020,P7,0.006575,5.5e-05
D10 ,Transwolff,66825 ,BVT0C28 ,Básico ,2020,P7,0.006575,5.5e-05
D10 ,Transwolff,66800 ,CUF5320 ,Básico ,2020,P7,0.006575,5.5e-05
D10 ,Transwolff,66803 ,EVU1249 ,Básico ,2020,P7,0.006575,5.5e-05
D10 ,Transwolff,66807 ,FCY2B39 ,Básico ,2020,P7,0.006575,5.5e-05
D12 ,Transcap,85718 ,FJJ4G87 ,Básico ,2020,P7,0.006575,5.5e-05
D10 ,Transwolff,66810 ,BPQ4E09 ,Básico ,2020,P7,0.006575,5.5e-05
D10 ,Transwolff,66811 ,EYP9718 ,Básico ,2020,P7,0.006575,5.5e-05
D12 ,Transcap,85719 ,GGY2C53 ,Básico ,2020,P7,0.006575,5.5e-05
D12 ,Transcap,85720 ,GCS6E55 ,Básico ,2020,P7,0.006575,5.5e-05
D12 ,Transcap,85721 ,GJE4F18 ,Básico ,2020,P7,0.006575,5.5e-05
D10 ,Transwolff,66817 ,FJU6G63 ,Midiônibus ,2020,P7,0.006575,5.5e-05
D10 ,Transwolff,66802 ,DVK5910 ,Básico ,2020,P7,0.006575,5.5e-05
AR6 ,Mobibrasil,64417 ,ENI7204 ,Padron ,2020,P7,0.006575,5.5e-05
AR6 ,Mobibrasil,64416 ,EOC6991 ,Padron ,2020,P7,0.006575,5.5e-05
AR6 ,Mobibrasil,64415 ,ENZ4613 ,Padron ,2020,P7,0.006575,5.5e-05
E3 ,Metropole,31630 ,GJM7717 ,Padron ,2020,P7,0.006575,5.5e-05
E3 ,Metropole,31629 ,GJN5126 ,Padron ,2020,P7,0.006575,5.5e-05
E3 ,Metropole,31628 ,GJU1316 ,Padron ,2020,P7,0.006575,5.5e-05
E5 ,Mobibrasil,63246 ,ECL1G66 ,Padron ,2020,P7,0.006575,5.5e-05
E5 ,Mobibrasil,63247 ,GBT6F16 ,Padron ,2020,P7,0.006575,5.5e-05
E5 ,Mobibrasil,63248 ,GEX7C47 ,Padron ,2020,P7,0.006575,5.5e-05
E5 ,Mobibrasil,63251 ,EPA2A40 ,Padron ,2020,P7,0.006575,5.5e-05
E5 ,Mobibrasil,63255 ,EMY5I70 ,Padron ,2020,P7,0.006575,5.5e-05
E5 ,Mobibrasil,63258 ,EZZ4B99 ,Padron ,2020,P7,0.006575,5.5e-05
E3 ,Metropole,31631 ,GEE3545 ,Padron ,2020,P7,0.006575,5.5e-05
E5 ,Mobibrasil,63259 ,GEM3E15 ,Padron ,2020,P7,0.006575,5.5e-05
E5 ,Mobibrasil,63269 ,GJT5I46 ,Padron ,2020,P7,0.006575,5.5e-05
E5 ,Mobibrasil,63274 ,GIX8D03 ,Padron ,2020,P7,0.006575,5.5e-05
E5 ,Mobibrasil,63276 ,EPA9E68 ,Padron ,2020,P7,0.006575,5.5e-05
E3 ,Metropole,31625 ,GDH8283 ,Padron ,2020,P7,0.006575,5.5e-05
E3 ,Metropole,31624 ,GEK1796 ,Padron ,2020,P7,0.006575,5.5e-05
E3 ,Metropole,31623 ,GIT3948 ,Padron ,2020,P7,0.006575,5.5e-05
E3 ,Metropole,31622 ,GEU8076 ,Padron ,2020,P7,0.006575,5.5e-05
E3 ,Metropole,31621 ,GAR4397 ,Padron ,2020,P7,0.006575,5.5e-05
E3 ,Metropole,31620 ,GAX4303 ,Padron ,2020,P7,0.006575,5.5e-05
E5 ,Mobibrasil,63260 ,GEF0E68 ,Padron ,2020,P7,0.006575,5.5e-05
E3 ,Metropole,31619 ,GFB9387 ,Padron ,2020,P7,0.006575,5.5e-05
E3 ,Metropole,31632 ,GBA8236 ,Padron ,2020,P7,0.006575,5.5e-05
E3 ,Metropole,31634 ,GKG3156 ,Padron ,2020,P7,0.006575,5.5e-05
E3 ,Metropole,31707 ,GJM6036 ,Padron ,2020,P7,0.006575,5.5e-05
E3 ,Metropole,31706 ,GIS2548 ,Padron ,2020,P7,0.006575,5.5e-05
E2 ,Sambaiba,21358 ,EXB6061 ,Padron ,2020,P7,0.006575,5.5e-05
E2 ,Sambaiba,21359 ,DEI8373 ,Padron ,2020,P7,0.006575,5.5e-05
E2 ,Sambaiba,21360 ,DYJ3219 ,Padron ,2020,P7,0.006575,5.5e-05
E2 ,Sambaiba,21361 ,BYJ4396 ,Padron ,2020,P7,0.006575,5.5e-05
E2 ,Sambaiba,21362 ,BXZ9984 ,Padron ,2020,P7,0.006575,5.5e-05
E2 ,Sambaiba,21363 ,EGK7863 ,Padron ,2020,P7,0.006575,5.5e-05
E2 ,Sambaiba,21364 ,CON6112 ,Padron ,2020,P7,0.006575,5.5e-05
E3 ,Metropole,31633 ,GBH9408 ,Padron ,2020,P7,0.006575,5.5e-05
E2 ,Sambaiba,21365 ,DUH9B41 ,Padron ,2020,P7,0.006575,5.5e-05
E3 ,Metropole,31652 ,GJZ4163 ,Padron ,2020,P7,0.006575,5.5e-05
E3 ,Metropole,31651 ,GJS5994 ,Padron ,2020,P7,0.006575,5.5e-05
E3 ,Metropole,31650 ,GHL9576 ,Padron ,2020,P7,0.006575,5.5e-05
E3 ,Metropole,31649 ,GFY1664 ,Padron ,2020,P7,0.006575,5.5e-05
E3 ,Metropole,31648 ,GJB7716 ,Padron ,2020,P7,0.006575,5.5e-05
E3 ,Metropole,31643 ,GDW8E38 ,Padron ,2020,P7,0.006575,5.5e-05
E3 ,Metropole,31642 ,GER9D57 ,Padron ,2020,P7,0.006575,5.5e-05
E3 ,Metropole,31636 ,GIM9904 ,Padron ,2020,P7,0.006575,5.5e-05
E3 ,Metropole,31635 ,GBB6766 ,Padron ,2020,P7,0.006575,5.5e-05
E3 ,Metropole,31653 ,GFA3946 ,Padron ,2020,P7,0.006575,5.5e-05
E3 ,Metropole,31708 ,GFU0683 ,Padron ,2020,P7,0.006575,5.5e-05
E3 ,Metropole,31618 ,GJJ3027 ,Padron ,2020,P7,0.006575,5.5e-05
E3 ,Metropole,31616 ,GGR9178 ,Padron ,2020,P7,0.006575,5.5e-05
E2 ,Sambaiba,21372 ,BWA9816 ,Padron ,2020,P7,0.006575,5.5e-05
E2 ,Sambaiba,21373 ,CQU6415 ,Padron ,2020,P7,0.006575,5.5e-05
E2 ,Sambaiba,21374 ,EZX9250 ,Padron ,2020,P7,0.006575,5.5e-05
E2 ,Sambaiba,21375 ,BZF6423 ,Padron ,2020,P7,0.006575,5.5e-05
E2 ,Sambaiba,21376 ,ELI4302 ,Padron ,2020,P7,0.006575,5.5e-05
E5 ,Mobibrasil,63371 ,END1I35 ,Padron ,2020,P7,0.006575,5.5e-05
E5 ,Mobibrasil,63372 ,EXR2A49 ,Padron ,2020,P7,0.006575,5.5e-05
E5 ,Mobibrasil,63373 ,EJX0E17 ,Padron ,2020,P7,0.006575,5.5e-05
E5 ,Mobibrasil,63374 ,FXI0E48 ,Padron ,2020,P7,0.006575,5.5e-05
E2 ,Sambaiba,21371 ,EDU5149 ,Padron ,2020,P7,0.006575,5.5e-05
E5 ,Mobibrasil,63375 ,EQM0G91 ,Padron ,2020,P7,0.006575,5.5e-05
E5 ,Mobibrasil,63377 ,EGI0H17 ,Padron ,2020,P7,0.006575,5.5e-05
E5 ,Mobibrasil,63378 ,ELL9G53 ,Padron ,2020,P7,0.006575,5.5e-05
E5 ,Mobibrasil,63379 ,EAO4E83 ,Padron ,2020,P7,0.006575,5.5e-05
E5 ,Mobibrasil,63380 ,DQW1C04 ,Padron ,2020,P7,0.006575,5.5e-05
E5 ,Mobibrasil,63381 ,ELA1H34 ,Padron ,2020,P7,0.006575,5.5e-05
E5 ,Mobibrasil,63382 ,EJI6C99 ,Padron ,2020,P7,0.006575,5.5e-05
E5 ,Mobibrasil,63432 ,GGE5J73 ,Padron ,2020,P7,0.006575,5.5e-05
E5 ,Mobibrasil,63500 ,FNL8B23 ,Articulado ,2020,P7,0.006575,5.5e-05
E5 ,Mobibrasil,63501 ,FVN5G28 ,Articulado ,2020,P7,0.006575,5.5e-05
E5 ,Mobibrasil,63376 ,ENU7J22 ,Padron ,2020,P7,0.006575,5.5e-05
E3 ,Metropole,31617 ,GKH7514 ,Padron ,2020,P7,0.006575,5.5e-05
E2 ,Sambaiba,21370 ,DBI1908 ,Padron ,2020,P7,0.006575,5.5e-05
D2 ,Norte Buss,26538 ,GGW5I98 ,Miniônibus ,2020,P7,0.006575,5.5e-05
E5 ,Mobibrasil,63288 ,DJE9D09 ,Padron ,2020,P7,0.006575,5.5e-05
E5 ,Mobibrasil,63290 ,ENU4J91 ,Padron ,2020,P7,0.006575,5.5e-05
E5 ,Mobibrasil,63292 ,ENE5I15 ,Padron ,2020,P7,0.006575,5.5e-05
E2 ,Sambaiba,21366 ,CUJ9865 ,Padron ,2020,P7,0.006575,5.5e-05
E2 ,Sambaiba,21367 ,DKK5580 ,Padron ,2020,P7,0.006575,5.5e-05
E3 ,Metropole,31615 ,GAC3614 ,Padron ,2020,P7,0.006575,5.5e-05
E3 ,Metropole,31614 ,GEW8796 ,Padron ,2020,P7,0.006575,5.5e-05
E3 ,Metropole,31613 ,GGS3078 ,Padron ,2020,P7,0.006575,5.5e-05
E3 ,Metropole,31612 ,GCV8665 ,Padron ,2020,P7,0.006575,5.5e-05
D2 ,Norte Buss,26537 ,EWC3D17 ,Miniônibus ,2020,P7,0.006575,5.5e-05
E3 ,Metropole,31611 ,GFQ0185 ,Padron ,2020,P7,0.006575,5.5e-05
E3 ,Metropole,31609 ,GEZ0138 ,Padron ,2020,P7,0.006575,5.5e-05
E3 ,Metropole,31606 ,GGY5084 ,Padron ,2020,P7,0.006575,5.5e-05
E3 ,Metropole,31605 ,GKG4925 ,Padron ,2020,P7,0.006575,5.5e-05
E3 ,Metropole,31604 ,GEK7067 ,Padron ,2020,P7,0.006575,5.5e-05
E3 ,Metropole,31603 ,GCA3815 ,Padron ,2020,P7,0.006575,5.5e-05
E3 ,Metropole,31602 ,GGD3165 ,Padron ,2020,P7,0.006575,5.5e-05
E2 ,Sambaiba,21368 ,EGD8417 ,Padron ,2020,P7,0.006575,5.5e-05
E2 ,Sambaiba,21369 ,FIJ6994 ,Padron ,2020,P7,0.006575,5.5e-05
D2 ,Norte Buss,26539 ,CUH8882 ,Miniônibus ,2020,P7,0.006575,5.5e-05
D4 ,Alfa Rodobus SPE,35714 ,EKA3C94 ,Midiônibus ,2020,P7,0.006575,5.5e-05
E5 ,Mobibrasil,63502 ,FCA3J74 ,Articulado ,2020,P7,0.006575,5.5e-05
E3 ,Metropole,31709 ,GIL6843 ,Padron ,2020,P7,0.006575,5.5e-05
E2 ,Sambaiba,21356 ,ECZ3548 ,Padron ,2020,P7,0.006575,5.5e-05
E6 ,Grajau,61792 ,GCI1C92 ,Articulado ,2020,P7,0.006575,5.5e-05
E6 ,Grajau,61793 ,BZG8F82 ,Articulado ,2020,P7,0.006575,5.5e-05
E6 ,Grajau,61794 ,EXU0H97 ,Articulado ,2020,P7,0.006575,5.5e-05
E6 ,Grajau,61795 ,DGY7E09 ,Articulado ,2020,P7,0.006575,5.5e-05
E6 ,Grajau,61796 ,FNX9H23 ,Articulado ,2020,P7,0.006575,5.5e-05
E6 ,Grajau,61797 ,BXZ0H38 ,Articulado ,2020,P7,0.006575,5.5e-05
E6 ,Grajau,61798 ,ETS6H14 ,Articulado ,2020,P7,0.006575,5.5e-05
E6 ,Grajau,61799 ,GFW6J87 ,Articulado ,2020,P7,0.006575,5.5e-05
E6 ,Grajau,61800 ,GCE7I51 ,Articulado ,2020,P7,0.006575,5.5e-05
E6 ,Grajau,61791 ,DUB2419 ,Articulado ,2020,P7,0.006575,5.5e-05
E6 ,Grajau,61801 ,BOZ5F64 ,Articulado ,2020,P7,0.006575,5.5e-05
E6 ,Grajau,61803 ,ECV4E61 ,Articulado ,2020,P7,0.006575,5.5e-05
E6 ,Grajau,61804 ,FWP0C58 ,Articulado ,2020,P7,0.006575,5.5e-05
E7 ,Metropole,73617 ,GHX4F88 ,Articulado ,2020,P7,0.006575,5.5e-05
E7 ,Metropole,73616 ,GAM2G98 ,Articulado ,2020,P7,0.006575,5.5e-05
E7 ,Metropole,73615 ,GJB7A78 ,Articulado ,2020,P7,0.006575,5.5e-05
E7 ,Metropole,73614 ,GIW4H75 ,Articulado ,2020,P7,0.006575,5.5e-05
E7 ,Metropole,73613 ,GAH7F66 ,Articulado ,2020,P7,0.006575,5.5e-05
E7 ,Metropole,73612 ,FCD2865 ,Articulado ,2020,P7,0.006575,5.5e-05
E7 ,Metropole,73611 ,GII9143 ,Articulado ,2020,P7,0.006575,5.5e-05
E6 ,Grajau,61802 ,FNB3C83 ,Articulado ,2020,P7,0.006575,5.5e-05
E7 ,Metropole,73610 ,GJO4528 ,Articulado ,2020,P7,0.006575,5.5e-05
E6 ,Grajau,61790 ,FJV4278 ,Articulado ,2020,P7,0.006575,5.5e-05
E6 ,Grajau,61788 ,EML6G68 ,Articulado ,2020,P7,0.006575,5.5e-05
E7 ,Metropole,73622 ,GHK6J27 ,Articulado ,2020,P7,0.006575,5.5e-05
E7 ,Metropole,73621 ,GDB3E37 ,Articulado ,2020,P7,0.006575,5.5e-05
E7 ,Metropole,73620 ,FVW9I28 ,Articulado ,2020,P7,0.006575,5.5e-05
E7 ,Metropole,73619 ,GHG4D87 ,Articulado ,2020,P7,0.006575,5.5e-05
E7 ,Metropole,73618 ,GHN6D75 ,Articulado ,2020,P7,0.006575,5.5e-05
E6 ,Grajau,61772 ,BSZ2550 ,Articulado ,2020,P7,0.006575,5.5e-05
E6 ,Grajau,61773 ,DVI2891 ,Articulado ,2020,P7,0.006575,5.5e-05
E6 ,Grajau,61774 ,DBM8592 ,Articulado ,2020,P7,0.006575,5.5e-05
E6 ,Grajau,61775 ,DJM9563 ,Articulado ,2020,P7,0.006575,5.5e-05
E6 ,Grajau,61789 ,DZI6J51 ,Articulado ,2020,P7,0.006575,5.5e-05
E6 ,Grajau,61777 ,EGJ5137 ,Articulado ,2020,P7,0.006575,5.5e-05
E6 ,Grajau,61779 ,EQG8539 ,Articulado ,2020,P7,0.006575,5.5e-05
E6 ,Grajau,61780 ,BYY6370 ,Articulado ,2020,P7,0.006575,5.5e-05
E6 ,Grajau,61781 ,DIH6021 ,Articulado ,2020,P7,0.006575,5.5e-05
E6 ,Grajau,61782 ,ECK3971 ,Articulado ,2020,P7,0.006575,5.5e-05
E6 ,Grajau,61783 ,ELE6A73 ,Articulado ,2020,P7,0.006575,5.5e-05
E6 ,Grajau,61784 ,EKH5405 ,Articulado ,2020,P7,0.006575,5.5e-05
E6 ,Grajau,61785 ,EEH9027 ,Articulado ,2020,P7,0.006575,5.5e-05
E6 ,Grajau,61786 ,GDI3513 ,Articulado ,2020,P7,0.006575,5.5e-05
E6 ,Grajau,61787 ,ELN8562 ,Articulado ,2020,P7,0.006575,5.5e-05
E6 ,Grajau,61778 ,DWK3578 ,Articulado ,2020,P7,0.006575,5.5e-05
E2 ,Sambaiba,21357 ,DUP0672 ,Padron ,2020,P7,0.006575,5.5e-05
E7 ,Metropole,73609 ,GEG1108 ,Articulado ,2020,P7,0.006575,5.5e-05
E7 ,Metropole,73606 ,FSL5024 ,Articulado ,2020,P7,0.006575,5.5e-05
E7 ,Metropole,73437 ,GJA4255 ,Padron ,2020,P7,0.006575,5.5e-05
E7 ,Metropole,73436 ,GJS3926 ,Padron ,2020,P7,0.006575,5.5e-05
E7 ,Metropole,73435 ,GJT2547 ,Padron ,2020,P7,0.006575,5.5e-05
E7 ,Metropole,73434 ,GJJ5926 ,Padron ,2020,P7,0.006575,5.5e-05
E7 ,Metropole,73433 ,DZD6209 ,Padron ,2020,P7,0.006575,5.5e-05
E7 ,Metropole,73432 ,GJF8269 ,Padron ,2020,P7,0.006575,5.5e-05
E7 ,Metropole,73431 ,GIC9203 ,Padron ,2020,P7,0.006575,5.5e-05
E7 ,Metropole,73430 ,GCT1333 ,Padron ,2020,P7,0.006575,5.5e-05
E7 ,Metropole,73429 ,EZZ9548 ,Padron ,2020,P7,0.006575,5.5e-05
E7 ,Metropole,73438 ,EXA7958 ,Padron ,2020,P7,0.006575,5.5e-05
E7 ,Metropole,73428 ,ETU6417 ,Padron ,2020,P7,0.006575,5.5e-05
E7 ,Metropole,73426 ,FVS6496 ,Padron ,2020,P7,0.006575,5.5e-05
E7 ,Metropole,73425 ,EXR1761 ,Padron ,2020,P7,0.006575,5.5e-05
E2 ,Sambaiba,21248 ,EHP5478 ,Padron ,2020,P7,0.006575,5.5e-05
E2 ,Sambaiba,21249 ,CSU3139 ,Padron ,2020,P7,0.006575,5.5e-05
E2 ,Sambaiba,21351 ,DZS3987 ,Padron ,2020,P7,0.006575,5.5e-05
E2 ,Sambaiba,21352 ,DFV4548 ,Padron ,2020,P7,0.006575,5.5e-05
E2 ,Sambaiba,21353 ,DPN1589 ,Padron ,2020,P7,0.006575,5.5e-05
E2 ,Sambaiba,21354 ,BRD4987 ,Padron ,2020,P7,0.006575,5.5e-05
E2 ,Sambaiba,21355 ,DMX2420 ,Padron ,2020,P7,0.006575,5.5e-05
E7 ,Metropole,73427 ,GEQ8926 ,Padron ,2020,P7,0.006575,5.5e-05
E7 ,Metropole,73607 ,GDI6946 ,Articulado ,2020,P7,0.006575,5.5e-05
E7 ,Metropole,73439 ,EXO8536 ,Padron ,2020,P7,0.006575,5.5e-05
E7 ,Metropole,73441 ,EUH0439 ,Padron ,2020,P7,0.006575,5.5e-05
E7 ,Metropole,73601 ,GKC3847 ,Articulado ,2020,P7,0.006575,5.5e-05
E7 ,Metropole,73600 ,GKH5756 ,Articulado ,2020,P7,0.006575,5.5e-05
E7 ,Metropole,73462 ,GHY1384 ,Padron ,2020,P7,0.006575,5.5e-05
E7 ,Metropole,73459 ,GIK0H67 ,Padron ,2020,P7,0.006575,5.5e-05
E7 ,Metropole,73458 ,FVC5E69 ,Padron ,2020,P7,0.006575,5.5e-05
E7 ,Metropole,73457 ,GJQ5J08 ,Padron ,2020,P7,0.006575,5.5e-05
E7 ,Metropole,73456 ,GIX5B67 ,Padron ,2020,P7,0.006575,5.5e-05
E7 ,Metropole,73454 ,GFV0C37 ,Padron ,2020,P7,0.006575,5.5e-05
E7 ,Metropole,73453 ,GJX8E94 ,Padron ,2020,P7,0.006575,5.5e-05
E7 ,Metropole,73440 ,GAT2476 ,Padron ,2020,P7,0.006575,5.5e-05
E7 ,Metropole,73452 ,GFB4H58 ,Padron ,2020,P7,0.006575,5.5e-05
E7 ,Metropole,73450 ,GJP0624 ,Padron ,2020,P7,0.006575,5.5e-05
E7 ,Metropole,73449 ,GKB5716 ,Padron ,2020,P7,0.006575,5.5e-05
E7 ,Metropole,73448 ,GJL5056 ,Padron ,2020,P7,0.006575,5.5e-05
E7 ,Metropole,73447 ,GGK7356 ,Padron ,2020,P7,0.006575,5.5e-05
E7 ,Metropole,73446 ,GHL3386 ,Padron ,2020,P7,0.006575,5.5e-05
E7 ,Metropole,73445 ,GGB6345 ,Padron ,2020,P7,0.006575,5.5e-05
E7 ,Metropole,73444 ,GCB7603 ,Padron ,2020,P7,0.006575,5.5e-05
E7 ,Metropole,73443 ,GKH5177 ,Padron ,2020,P7,0.006575,5.5e-05
E7 ,Metropole,73442 ,EEH8659 ,Padron ,2020,P7,0.006575,5.5e-05
E7 ,Metropole,73451 ,GJU6679 ,Padron ,2020,P7,0.006575,5.5e-05
E5 ,Mobibrasil,63503 ,EWZ1I67 ,Articulado ,2020,P7,0.006575,5.5e-05
E5 ,Mobibrasil,63504 ,FZA4B65 ,Articulado ,2020,P7,0.006575,5.5e-05
E5 ,Mobibrasil,63505 ,FQK7B19 ,Articulado ,2020,P7,0.006575,5.5e-05
E2 ,Sambaiba,21737 ,BYP7E37 ,Articulado ,2020,P7,0.006575,5.5e-05
E2 ,Sambaiba,21738 ,FOP7E38 ,Articulado ,2020,P7,0.006575,5.5e-05
E2 ,Sambaiba,21739 ,CUO7E39 ,Articulado ,2020,P7,0.006575,5.5e-05
E2 ,Sambaiba,21740 ,CUX7E40 ,Articulado ,2020,P7,0.006575,5.5e-05
E2 ,Sambaiba,21741 ,CUM7E41 ,Articulado ,2020,P7,0.006575,5.5e-05
E2 ,Sambaiba,21742 ,DLG7E42 ,Articulado ,2020,P7,0.006575,5.5e-05
D2 ,Norte Buss,26476 ,BYH8846 ,Miniônibus ,2020,P7,0.006575,5.5e-05
E2 ,Sambaiba,21743 ,EFD7E43 ,Articulado ,2020,P7,0.006575,5.5e-05
D2 ,Norte Buss,26462 ,EWC0F22 ,Miniônibus ,2020,P7,0.006575,5.5e-05
E2 ,Sambaiba,21736 ,ELY7E36 ,Articulado ,2020,P7,0.006575,5.5e-05
D2 ,Norte Buss,26457 ,GCZ8377 ,Miniônibus ,2020,P7,0.006575,5.5e-05
D2 ,Norte Buss,26418 ,BZG6938 ,Miniônibus ,2020,P7,0.006575,5.5e-05
E2 ,Sambaiba,21745 ,EKU7E45 ,Articulado ,2020,P7,0.006575,5.5e-05
D2 ,Norte Buss,26410 ,EQW1230 ,Miniônibus ,2020,P7,0.006575,5.5e-05
E2 ,Sambaiba,21746 ,DMK7E46 ,Articulado ,2020,P7,0.006575,5.5e-05
E2 ,Sambaiba,21747 ,EGG7E47 ,Articulado ,2020,P7,0.006575,5.5e-05
E2 ,Sambaiba,21748 ,CDR7E48 ,Articulado ,2020,P7,0.006575,5.5e-05
E2 ,Sambaiba,21749 ,CVT7E49 ,Articulado ,2020,P7,0.006575,5.5e-05
E2 ,Sambaiba,21750 ,CUX7E50 ,Articulado ,2020,P7,0.006575,5.5e-05
D2 ,Norte Buss,26394 ,EYH0834 ,Miniônibus ,2020,P7,0.006575,5.5e-05
E2 ,Sambaiba,21744 ,EZP7E44 ,Articulado ,2020,P7,0.006575,5.5e-05
D2 ,Norte Buss,26391 ,BZG6345 ,Miniônibus ,2020,P7,0.006575,5.5e-05
E2 ,Sambaiba,21735 ,DCU7E35 ,Articulado ,2020,P7,0.006575,5.5e-05
E2 ,Sambaiba,21733 ,BSY7E33 ,Articulado ,2020,P7,0.006575,5.5e-05
E2 ,Sambaiba,21713 ,EXV7E13 ,Articulado ,2020,P7,0.006575,5.5e-05
E2 ,Sambaiba,21714 ,ELJ7E14 ,Articulado ,2020,P7,0.006575,5.5e-05
E2 ,Sambaiba,21715 ,BQU7E15 ,Articulado ,2020,P7,0.006575,5.5e-05
E2 ,Sambaiba,21716 ,BZB7E16 ,Articulado ,2020,P7,0.006575,5.5e-05
E2 ,Sambaiba,21717 ,CIS7E17 ,Articulado ,2020,P7,0.006575,5.5e-05
E2 ,Sambaiba,21718 ,FEB7E18 ,Articulado ,2020,P7,0.006575,5.5e-05
E2 ,Sambaiba,21719 ,CUY7E19 ,Articulado ,2020,P7,0.006575,5.5e-05
E2 ,Sambaiba,21720 ,CUO7E20 ,Articulado ,2020,P7,0.006575,5.5e-05
E2 ,Sambaiba,21721 ,BRQ7E21 ,Articulado ,2020,P7,0.006575,5.5e-05
E2 ,Sambaiba,21734 ,EXU7E34 ,Articulado ,2020,P7,0.006575,5.5e-05
E2 ,Sambaiba,21722 ,DDL7E22 ,Articulado ,2020,P7,0.006575,5.5e-05
E2 ,Sambaiba,21724 ,DLU7E24 ,Articulado ,2020,P7,0.006575,5.5e-05
E2 ,Sambaiba,21725 ,CUJ7E25 ,Articulado ,2020,P7,0.006575,5.5e-05
E2 ,Sambaiba,21726 ,EEA7E26 ,Articulado ,2020,P7,0.006575,5.5e-05
E2 ,Sambaiba,21727 ,CUM7E27 ,Articulado ,2020,P7,0.006575,5.5e-05
E2 ,Sambaiba,21728 ,CUP7E29 ,Articulado ,2020,P7,0.006575,5.5e-05
E2 ,Sambaiba,21729 ,FNH7E28 ,Articulado ,2020,P7,0.006575,5.5e-05
E2 ,Sambaiba,21730 ,CVI7E30 ,Articulado ,2020,P7,0.006575,5.5e-05
E2 ,Sambaiba,21731 ,DFM7E31 ,Articulado ,2020,P7,0.006575,5.5e-05
E2 ,Sambaiba,21732 ,DDP7E32 ,Articulado ,2020,P7,0.006575,5.5e-05
E2 ,Sambaiba,21723 ,DDL7E23 ,Articulado ,2020,P7,0.006575,5.5e-05
E2 ,Sambaiba,21712 ,CUK7E12 ,Articulado ,2020,P7,0.006575,5.5e-05
D2 ,Norte Buss,26382 ,BYX9882 ,Miniônibus ,2020,P7,0.006575,5.5e-05
E2 ,Sambaiba,21752 ,CUF7E52 ,Articulado ,2020,P7,0.006575,5.5e-05
AR6 ,Mobibrasil,64385 ,EXV2E11 ,Padron ,2020,P7,0.006575,5.5e-05
AR6 ,Mobibrasil,64386 ,ESS4C96 ,Padron ,2020,P7,0.006575,5.5e-05
AR6 ,Mobibrasil,64387 ,EPA8C90 ,Padron ,2020,P7,0.006575,5.5e-05
AR6 ,Mobibrasil,64388 ,END3I76 ,Padron ,2020,P7,0.006575,5.5e-05
AR6 ,Mobibrasil,64389 ,ENN9H66 ,Padron ,2020,P7,0.006575,5.5e-05
AR6 ,Mobibrasil,64390 ,ESS0D02 ,Padron ,2020,P7,0.006575,5.5e-05
AR6 ,Mobibrasil,64391 ,EZZ0J48 ,Padron ,2020,P7,0.006575,5.5e-05
AR6 ,Mobibrasil,64392 ,EBA3G42 ,Padron ,2020,P7,0.006575,5.5e-05
AR6 ,Mobibrasil,64393 ,EHE2C65 ,Padron ,2020,P7,0.006575,5.5e-05
AR6 ,Mobibrasil,64383 ,EMT1G98 ,Padron ,2020,P7,0.006575,5.5e-05
AR6 ,Mobibrasil,64394 ,ENZ5C56 ,Padron ,2020,P7,0.006575,5.5e-05
AR6 ,Mobibrasil,64396 ,EUU6G01 ,Padron ,2020,P7,0.006575,5.5e-05
AR6 ,Mobibrasil,64397 ,EOC0E40 ,Padron ,2020,P7,0.006575,5.5e-05
AR6 ,Mobibrasil,64398 ,EEO3I32 ,Padron ,2020,P7,0.006575,5.5e-05
AR6 ,Mobibrasil,64399 ,EPA3C84 ,Padron ,2020,P7,0.006575,5.5e-05
AR6 ,Mobibrasil,64400 ,EOC5G05 ,Padron ,2020,P7,0.006575,5.5e-05
AR6 ,Mobibrasil,64411 ,EGI7625 ,Padron ,2020,P7,0.006575,5.5e-05
AR6 ,Mobibrasil,64412 ,EOC4626 ,Padron ,2020,P7,0.006575,5.5e-05
AR6 ,Mobibrasil,64413 ,ERL4099 ,Padron ,2020,P7,0.006575,5.5e-05
AR6 ,Mobibrasil,64414 ,EOC3846 ,Padron ,2020,P7,0.006575,5.5e-05
AR6 ,Mobibrasil,64395 ,EMD8J13 ,Padron ,2020,P7,0.006575,5.5e-05
E2 ,Sambaiba,21751 ,BHY7E51 ,Articulado ,2020,P7,0.006575,5.5e-05
D2 ,Norte Buss,26298 ,GDT2218 ,Miniônibus ,2020,P7,0.006575,5.5e-05
D2 ,Norte Buss,26317 ,BWV1497 ,Miniônibus ,2020,P7,0.006575,5.5e-05
E2 ,Sambaiba,21753 ,BQU7E53 ,Articulado ,2020,P7,0.006575,5.5e-05
E2 ,Sambaiba,21754 ,BQU7E54 ,Articulado ,2020,P7,0.006575,5.5e-05
D2 ,Norte Buss,26343 ,EGA3263 ,Miniônibus ,2020,P7,0.006575,5.5e-05
E2 ,Sambaiba,21755 ,BXZ7E55 ,Articulado ,2020,P7,0.006575,5.5e-05
AR6 ,Mobibrasil,64249 ,GCY5B18 ,Padron ,2020,P7,0.006575,5.5e-05
AR6 ,Mobibrasil,64253 ,EZZ4A45 ,Padron ,2020,P7,0.006575,5.5e-05
AR6 ,Mobibrasil,64261 ,GBZ0B47 ,Padron ,2020,P7,0.006575,5.5e-05
AR6 ,Mobibrasil,64262 ,GJV7C16 ,Padron ,2020,P7,0.006575,5.5e-05
AR6 ,Mobibrasil,64263 ,GCM5F63 ,Padron ,2020,P7,0.006575,5.5e-05
D2 ,Norte Buss,26311 ,BZG9331 ,Miniônibus ,2020,P7,0.006575,5.5e-05
AR6 ,Mobibrasil,64264 ,GIE7705 ,Padron ,2020,P7,0.006575,5.5e-05
AR6 ,Mobibrasil,64266 ,GCC6F81 ,Padron ,2020,P7,0.006575,5.5e-05
AR6 ,Mobibrasil,64267 ,GDQ2797 ,Padron ,2020,P7,0.006575,5.5e-05
AR6 ,Mobibrasil,64268 ,GCU0727 ,Padron ,2020,P7,0.006575,5.5e-05
AR6 ,Mobibrasil,64270 ,GGS4A18 ,Padron ,2020,P7,0.006575,5.5e-05
AR6 ,Mobibrasil,64273 ,ELE8D63 ,Padron ,2020,P7,0.006575,5.5e-05
E2 ,Sambaiba,21756 ,EOO7E56 ,Articulado ,2020,P7,0.006575,5.5e-05
E2 ,Sambaiba,21757 ,CCU7E57 ,Articulado ,2020,P7,0.006575,5.5e-05
E2 ,Sambaiba,21758 ,BVT7E58 ,Articulado ,2020,P7,0.006575,5.5e-05
E2 ,Sambaiba,21759 ,CUO7E59 ,Articulado ,2020,P7,0.006575,5.5e-05
AR6 ,Mobibrasil,64265 ,GDM2D48 ,Padron ,2020,P7,0.006575,5.5e-05
E2 ,Sambaiba,21711 ,BPQ7E11 ,Articulado ,2020,P7,0.006575,5.5e-05
E2 ,Sambaiba,21710 ,CZD7E10 ,Articulado ,2020,P7,0.006575,5.5e-05
E2 ,Sambaiba,21709 ,CUY7E09 ,Articulado ,2020,P7,0.006575,5.5e-05
E2 ,Sambaiba,21381 ,EOW2264 ,Padron ,2020,P7,0.006575,5.5e-05
E2 ,Sambaiba,21382 ,DZT1298 ,Padron ,2020,P7,0.006575,5.5e-05
E2 ,Sambaiba,21383 ,DSV2957 ,Padron ,2020,P7,0.006575,5.5e-05
E2 ,Sambaiba,21384 ,DOI0286 ,Padron ,2020,P7,0.006575,5.5e-05
E2 ,Sambaiba,21385 ,DEU2455 ,Padron ,2020,P7,0.006575,5.5e-05
E2 ,Sambaiba,21401 ,BRQ1401 ,Padron ,2020,P7,0.006575,5.5e-05
E2 ,Sambaiba,21402 ,BGX1402 ,Padron ,2020,P7,0.006575,5.5e-05
E2 ,Sambaiba,21403 ,BSZ1403 ,Padron ,2020,P7,0.006575,5.5e-05
E2 ,Sambaiba,21404 ,CUU1404 ,Padron ,2020,P7,0.006575,5.5e-05
E2 ,Sambaiba,21380 ,EMY2413 ,Padron ,2020,P7,0.006575,5.5e-05
E5 ,Mobibrasil,63578 ,EOS8E02 ,Articulado ,2020,P7,0.006575,5.5e-05
E5 ,Mobibrasil,63584 ,GHR7A13 ,Padron ,2020,P7,0.006575,5.5e-05
E5 ,Mobibrasil,63585 ,GBU4E86 ,Padron ,2020,P7,0.006575,5.5e-05
E5 ,Mobibrasil,63586 ,GDM3538 ,Padron ,2020,P7,0.006575,5.5e-05
E5 ,Mobibrasil,63587 ,GIY7C63 ,Padron ,2020,P7,0.006575,5.5e-05
E5 ,Mobibrasil,63588 ,GCZ9B45 ,Padron ,2020,P7,0.006575,5.5e-05
E5 ,Mobibrasil,63589 ,GGK5D78 ,Padron ,2020,P7,0.006575,5.5e-05
E5 ,Mobibrasil,63590 ,GIM8I38 ,Padron ,2020,P7,0.006575,5.5e-05
E5 ,Mobibrasil,63591 ,GCF4128 ,Padron ,2020,P7,0.006575,5.5e-05
E5 ,Mobibrasil,63592 ,GJO7195 ,Padron ,2020,P7,0.006575,5.5e-05
E5 ,Mobibrasil,63583 ,GIH5F82 ,Padron ,2020,P7,0.006575,5.5e-05
E5 ,Mobibrasil,63593 ,GCL6834 ,Padron ,2020,P7,0.006575,5.5e-05
E2 ,Sambaiba,21379 ,EJT5532 ,Padron ,2020,P7,0.006575,5.5e-05
E2 ,Sambaiba,21377 ,EEI5981 ,Padron ,2020,P7,0.006575,5.5e-05
E5 ,Mobibrasil,63506 ,FFL3B55 ,Articulado ,2020,P7,0.006575,5.5e-05
E5 ,Mobibrasil,63507 ,GIZ4F03 ,Articulado ,2020,P7,0.006575,5.5e-05
E5 ,Mobibrasil,63522 ,FAR6G23 ,Articulado ,2020,P7,0.006575,5.5e-05
E5 ,Mobibrasil,63523 ,EKG8945 ,Articulado ,2020,P7,0.006575,5.5e-05
E5 ,Mobibrasil,63524 ,FBO6A53 ,Articulado ,2020,P7,0.006575,5.5e-05
E5 ,Mobibrasil,63525 ,EXX6B54 ,Articulado ,2020,P7,0.006575,5.5e-05
E5 ,Mobibrasil,63526 ,ECI1F40 ,Articulado ,2020,P7,0.006575,5.5e-05
E5 ,Mobibrasil,63527 ,FUT6C56 ,Articulado ,2020,P7,0.006575,5.5e-05
E5 ,Mobibrasil,63528 ,EHS9284 ,Articulado ,2020,P7,0.006575,5.5e-05
E2 ,Sambaiba,21378 ,BHX7061 ,Padron ,2020,P7,0.006575,5.5e-05
E5 ,Mobibrasil,63529 ,EOU3B62 ,Articulado ,2020,P7,0.006575,5.5e-05
E5 ,Mobibrasil,63531 ,GHI9C86 ,Articulado ,2020,P7,0.006575,5.5e-05
E5 ,Mobibrasil,63532 ,GBZ7J95 ,Articulado ,2020,P7,0.006575,5.5e-05
E5 ,Mobibrasil,63533 ,GBT0G33 ,Articulado ,2020,P7,0.006575,5.5e-05
E5 ,Mobibrasil,63534 ,GGZ2G18 ,Articulado ,2020,P7,0.006575,5.5e-05
E5 ,Mobibrasil,63535 ,GDE6J15 ,Articulado ,2020,P7,0.006575,5.5e-05
E5 ,Mobibrasil,63536 ,GGH8G22 ,Articulado ,2020,P7,0.006575,5.5e-05
E5 ,Mobibrasil,63537 ,GGI6E07 ,Articulado ,2020,P7,0.006575,5.5e-05
E5 ,Mobibrasil,63538 ,GCV3H75 ,Articulado ,2020,P7,0.006575,5.5e-05
E5 ,Mobibrasil,63539 ,GIT8B04 ,Articulado ,2020,P7,0.006575,5.5e-05
E5 ,Mobibrasil,63530 ,GBG1A13 ,Articulado ,2020,P7,0.006575,5.5e-05
E5 ,Mobibrasil,63594 ,GBC8437 ,Padron ,2020,P7,0.006575,5.5e-05
E5 ,Mobibrasil,63595 ,GDM9G75 ,Padron ,2020,P7,0.006575,5.5e-05
E5 ,Mobibrasil,63596 ,GAH2918 ,Padron ,2020,P7,0.006575,5.5e-05
E2 ,Sambaiba,21425 ,BGQ1425 ,Padron ,2020,P7,0.006575,5.5e-05
E2 ,Sambaiba,21426 ,BJY1426 ,Padron ,2020,P7,0.006575,5.5e-05
E2 ,Sambaiba,21427 ,BGH1427 ,Padron ,2020,P7,0.006575,5.5e-05
E2 ,Sambaiba,21428 ,BPQ1428 ,Padron ,2020,P7,0.006575,5.5e-05
E2 ,Sambaiba,21429 ,BWA1429 ,Padron ,2020,P7,0.006575,5.5e-05
E2 ,Sambaiba,21430 ,CUP1430 ,Padron ,2020,P7,0.006575,5.5e-05
E2 ,Sambaiba,21431 ,BKU1431 ,Padron ,2020,P7,0.006575,5.5e-05
E2 ,Sambaiba,21432 ,BKL1432 ,Padron ,2020,P7,0.006575,5.5e-05
E2 ,Sambaiba,21433 ,BJY1433 ,Padron ,2020,P7,0.006575,5.5e-05
E2 ,Sambaiba,21424 ,BNP1424 ,Padron ,2020,P7,0.006575,5.5e-05
E2 ,Sambaiba,21434 ,BKU1434 ,Padron ,2020,P7,0.006575,5.5e-05
E2 ,Sambaiba,21700 ,CUY7E00 ,Articulado ,2020,P7,0.006575,5.5e-05
E2 ,Sambaiba,21701 ,CUL7E01 ,Articulado ,2020,P7,0.006575,5.5e-05
E2 ,Sambaiba,21702 ,DPN7E02 ,Articulado ,2020,P7,0.006575,5.5e-05
E2 ,Sambaiba,21703 ,ELP7E03 ,Articulado ,2020,P7,0.006575,5.5e-05
E2 ,Sambaiba,21704 ,EVW7E04 ,Articulado ,2020,P7,0.006575,5.5e-05
E2 ,Sambaiba,21705 ,FJQ7E05 ,Articulado ,2020,P7,0.006575,5.5e-05
E2 ,Sambaiba,21706 ,ESR7E06 ,Articulado ,2020,P7,0.006575,5.5e-05
E2 ,Sambaiba,21707 ,ELI7E07 ,Articulado ,2020,P7,0.006575,5.5e-05
E2 ,Sambaiba,21708 ,EZN7E08 ,Articulado ,2020,P7,0.006575,5.5e-05
E2 ,Sambaiba,21435 ,BPO1435 ,Padron ,2020,P7,0.006575,5.5e-05
E2 ,Sambaiba,21423 ,BKU1423 ,Padron ,2020,P7,0.006575,5.5e-05
E2 ,Sambaiba,21422 ,BKF1422 ,Padron ,2020,P7,0.006575,5.5e-05
E2 ,Sambaiba,21421 ,BQU1421 ,Padron ,2020,P7,0.006575,5.5e-05
E5 ,Mobibrasil,63597 ,GDW7C84 ,Padron ,2020,P7,0.006575,5.5e-05
E5 ,Mobibrasil,63598 ,GGJ0I33 ,Padron ,2020,P7,0.006575,5.5e-05
E5 ,Mobibrasil,63599 ,GFB3E42 ,Padron ,2020,P7,0.006575,5.5e-05
E5 ,Mobibrasil,63600 ,GKC0A14 ,Padron ,2020,P7,0.006575,5.5e-05
E5 ,Mobibrasil,63601 ,GBD1D01 ,Padron ,2020,P7,0.006575,5.5e-05
E2 ,Sambaiba,21405 ,CUE1405 ,Padron ,2020,P7,0.006575,5.5e-05
E2 ,Sambaiba,21406 ,CCU1406 ,Padron ,2020,P7,0.006575,5.5e-05
E2 ,Sambaiba,21407 ,CUH1407 ,Padron ,2020,P7,0.006575,5.5e-05
E2 ,Sambaiba,21408 ,CUC1408 ,Padron ,2020,P7,0.006575,5.5e-05
E2 ,Sambaiba,21409 ,CUO1409 ,Padron ,2020,P7,0.006575,5.5e-05
E2 ,Sambaiba,21410 ,CVF1410 ,Padron ,2020,P7,0.006575,5.5e-05
E2 ,Sambaiba,21411 ,BQU1411 ,Padron ,2020,P7,0.006575,5.5e-05
E2 ,Sambaiba,21412 ,BKU1412 ,Padron ,2020,P7,0.006575,5.5e-05
E2 ,Sambaiba,21413 ,BPN1413 ,Padron ,2020,P7,0.006575,5.5e-05
E2 ,Sambaiba,21414 ,CUV1414 ,Padron ,2020,P7,0.006575,5.5e-05
E2 ,Sambaiba,21415 ,BQU1415 ,Padron ,2020,P7,0.006575,5.5e-05
E2 ,Sambaiba,21416 ,BKU1416 ,Padron ,2020,P7,0.006575,5.5e-05
E2 ,Sambaiba,21417 ,BKB1417 ,Padron ,2020,P7,0.006575,5.5e-05
E2 ,Sambaiba,21418 ,BYY1418 ,Padron ,2020,P7,0.006575,5.5e-05
E2 ,Sambaiba,21419 ,BPO1419 ,Padron ,2020,P7,0.006575,5.5e-05
E2 ,Sambaiba,21420 ,CUU1420 ,Padron ,2020,P7,0.006575,5.5e-05
E7 ,Metropole,73624 ,GEY1B28 ,Articulado ,2020,P7,0.006575,5.5e-05
D11 ,Transwolff,78069 ,GCF3708 ,Midiônibus ,2020,P7,0.006575,5.5e-05
AR2 ,Sambaiba,22754 ,BYX2754 ,Padron ,2020,P7,0.006575,5.5e-05
D8 ,Movebuss,55207 ,EZE2H91 ,Midiônibus ,2020,P7,0.006575,5.5e-05
AR4 ,Express,48696 ,BNZ9B99 ,Articulado ,2020,P7,0.006575,5.5e-05
E1 ,Brigida,11795 ,EQZ0489 ,Padron ,2020,P7,0.006575,5.5e-05
E1 ,Brigida,11796 ,EES3259 ,Padron ,2020,P7,0.006575,5.5e-05
AR4 ,Express,48699 ,FXU1E05 ,Articulado ,2020,P7,0.006575,5.5e-05
AR4 ,Express,48701 ,DLP2B79 ,Articulado ,2020,P7,0.006575,5.5e-05
AR4 ,Express,48702 ,BYW8I64 ,Articulado ,2020,P7,0.006575,5.5e-05
AR4 ,Express,48707 ,GBB8C01 ,Articulado ,2020,P7,0.006575,5.5e-05
AR4 ,Express,48708 ,DUB3A42 ,Articulado ,2020,P7,0.006575,5.5e-05
E1 ,Brigida,11797 ,CTM7044 ,Padron ,2020,P7,0.006575,5.5e-05
D6 ,Allibus,45153 ,FZD0H18 ,Midiônibus ,2020,P7,0.006575,5.5e-05
E1 ,Brigida,11798 ,BZG7190 ,Padron ,2020,P7,0.006575,5.5e-05
E1 ,Brigida,11800 ,ESP2827 ,Padron ,2020,P7,0.006575,5.5e-05
AR9 ,Transppass,80367 ,FXF9547 ,Padron ,2020,P7,0.006575,5.5e-05
AR9 ,Transppass,80365 ,CDR1595 ,Padron ,2020,P7,0.006575,5.5e-05
AR9 ,Transppass,80364 ,ENN1864 ,Padron ,2020,P7,0.006575,5.5e-05
AR9 ,Transppass,80356 ,ELO8516 ,Padron ,2020,P7,0.006575,5.5e-05
AR9 ,Transppass,80354 ,FGP1814 ,Padron ,2020,P7,0.006575,5.5e-05
D6 ,Allibus,45150 ,EZX2D49 ,Miniônibus ,2020,P7,0.006575,5.5e-05
AR9 ,Transppass,80352 ,EXJ3152 ,Padron ,2020,P7,0.006575,5.5e-05
AR9 ,Transppass,80350 ,CUE1573 ,Padron ,2020,P7,0.006575,5.5e-05
E1 ,Brigida,11799 ,EEY8470 ,Padron ,2020,P7,0.006575,5.5e-05
AR9 ,Transppass,80349 ,EXL8389 ,Padron ,2020,P7,0.006575,5.5e-05
E1 ,Brigida,11794 ,DKV4602 ,Padron ,2020,P7,0.006575,5.5e-05
E1 ,Brigida,11792 ,ESI5661 ,Padron ,2020,P7,0.006575,5.5e-05
AR4 ,Express,48622 ,CQU1I36 ,Articulado ,2020,P7,0.006575,5.5e-05
AR4 ,Express,48624 ,GEH0G87 ,Articulado ,2020,P7,0.006575,5.5e-05
AR4 ,Express,48625 ,BYW3F78 ,Articulado ,2020,P7,0.006575,5.5e-05
AR4 ,Express,48626 ,BZK2G67 ,Articulado ,2020,P7,0.006575,5.5e-05
AR4 ,Express,48627 ,BZL8H45 ,Articulado ,2020,P7,0.006575,5.5e-05
AR4 ,Express,48628 ,BRY3A21 ,Articulado ,2020,P7,0.006575,5.5e-05
E1 ,Brigida,11791 ,EZW0051 ,Padron ,2020,P7,0.006575,5.5e-05
AR9 ,Transppass,80513 ,DGN7014 ,Padron ,2020,P7,0.006575,5.5e-05
AR4 ,Express,48634 ,EGT4C24 ,Articulado ,2020,P7,0.006575,5.5e-05
E1 ,Brigida,11793 ,FRP3346 ,Padron ,2020,P7,0.006575,5.5e-05
AR9 ,Transppass,80511 ,FPB6554 ,Padron ,2020,P7,0.006575,5.5e-05
AR9 ,Transppass,80507 ,CUM5949 ,Padron ,2020,P7,0.006575,5.5e-05
AR9 ,Transppass,80505 ,GDT2496 ,Padron ,2020,P7,0.006575,5.5e-05
AR9 ,Transppass,80503 ,ELI2768 ,Padron ,2020,P7,0.006575,5.5e-05
AR9 ,Transppass,80501 ,CUI1398 ,Padron ,2020,P7,0.006575,5.5e-05
D6 ,Allibus,45161 ,DRP2E49 ,Miniônibus ,2020,P7,0.006575,5.5e-05
AR4 ,Express,48670 ,EEL1B62 ,Articulado ,2020,P7,0.006575,5.5e-05
D6 ,Allibus,45160 ,GFB4G37 ,Miniônibus ,2020,P7,0.006575,5.5e-05
AR4 ,Express,48672 ,BYJ9C97 ,Articulado ,2020,P7,0.006575,5.5e-05
D6 ,Allibus,45159 ,DYH7250 ,Miniônibus ,2020,P7,0.006575,5.5e-05
AR9 ,Transppass,80509 ,FKB5886 ,Padron ,2020,P7,0.006575,5.5e-05
AR4 ,Express,48621 ,BZK9D91 ,Articulado ,2020,P7,0.006575,5.5e-05
D12 ,Transcap,85644 ,ERR8717 ,Midiônibus ,2020,P7,0.006575,5.5e-05
D12 ,Transcap,85645 ,EVW7754 ,Midiônibus ,2020,P7,0.006575,5.5e-05
AR9 ,Transppass,80286 ,ESP9126 ,Padron ,2020,P7,0.006575,5.5e-05
D12 ,Transcap,85667 ,ERO7031 ,Básico ,2020,P7,0.006575,5.5e-05
D12 ,Transcap,85669 ,EGX6337 ,Básico ,2020,P7,0.006575,5.5e-05
D6 ,Allibus,45128 ,EIW7917 ,Miniônibus ,2020,P7,0.006575,5.5e-05
AR4 ,Express,48806 ,GAA3777 ,Padron ,2020,P7,0.006575,5.5e-05
AR4 ,Express,48808 ,DGS3337 ,Padron ,2020,P7,0.006575,5.5e-05
AR4 ,Express,48809 ,GFF0143 ,Padron ,2020,P7,0.006575,5.5e-05
D12 ,Transcap,85670 ,EVV7009 ,Básico ,2020,P7,0.006575,5.5e-05
AR4 ,Express,48812 ,FFA7C83 ,Padron ,2020,P7,0.006575,5.5e-05
AR9 ,Transppass,80300 ,CQO8190 ,Padron ,2020,P7,0.006575,5.5e-05
AR4 ,Express,48815 ,EMI4A89 ,Padron ,2020,P7,0.006575,5.5e-05
AR4 ,Express,48817 ,GES4E03 ,Padron ,2020,P7,0.006575,5.5e-05
AR4 ,Express,48818 ,CUJ7D69 ,Padron ,2020,P7,0.006575,5.5e-05
AR4 ,Express,48820 ,FEE9G22 ,Padron ,2020,P7,0.006575,5.5e-05
AR4 ,Express,48822 ,FSO6J04 ,Padron ,2020,P7,0.006575,5.5e-05
AR4 ,Express,48823 ,BRQ4B51 ,Padron ,2020,P7,0.006575,5.5e-05
AR4 ,Express,48825 ,FWD3C77 ,Padron ,2020,P7,0.006575,5.5e-05
AR4 ,Express,48826 ,FLT1J85 ,Padron ,2020,P7,0.006575,5.5e-05
AR4 ,Express,48827 ,EVA7D57 ,Padron ,2020,P7,0.006575,5.5e-05
D12 ,Transcap,85671 ,EZM2179 ,Básico ,2020,P7,0.006575,5.5e-05
AR4 ,Express,48816 ,FRJ5J56 ,Padron ,2020,P7,0.006575,5.5e-05
D6 ,Allibus,45139 ,DRB5109 ,Midiônibus ,2020,P7,0.006575,5.5e-05
AR4 ,Express,48798 ,CUA2E85 ,Articulado ,2020,P7,0.006575,5.5e-05
AR4 ,Express,48795 ,BRQ8F06 ,Articulado ,2020,P7,0.006575,5.5e-05
D6 ,Allibus,45136 ,DEU9D00 ,Midiônibus ,2020,P7,0.006575,5.5e-05
AR4 ,Express,48754 ,BZR6C74 ,Articulado ,2020,P7,0.006575,5.5e-05
D11 ,Transwolff,78071 ,FYL9C07 ,Midiônibus ,2020,P7,0.006575,5.5e-05
AR4 ,Express,48757 ,EGK2214 ,Padron ,2020,P7,0.006575,5.5e-05
AR4 ,Express,48764 ,ECU3123 ,Padron ,2020,P7,0.006575,5.5e-05
AR4 ,Express,48767 ,FCD1222 ,Padron ,2020,P7,0.006575,5.5e-05
AR4 ,Express,48768 ,EJG2392 ,Padron ,2020,P7,0.006575,5.5e-05
AR4 ,Express,48769 ,EEV0372 ,Padron ,2020,P7,0.006575,5.5e-05
AR4 ,Express,48776 ,DZJ1711 ,Padron ,2020,P7,0.006575,5.5e-05
AR4 ,Express,48796 ,FJF1G72 ,Articulado ,2020,P7,0.006575,5.5e-05
AR4 ,Express,48777 ,BXZ0262 ,Padron ,2020,P7,0.006575,5.5e-05
AR4 ,Express,48781 ,EKU2555 ,Padron ,2020,P7,0.006575,5.5e-05
AR4 ,Express,48782 ,FOT3337 ,Padron ,2020,P7,0.006575,5.5e-05
AR4 ,Express,48783 ,ECM0669 ,Padron ,2020,P7,0.006575,5.5e-05
D12 ,Transcap,85648 ,EOD6772 ,Midiônibus ,2020,P7,0.006575,5.5e-05
AR4 ,Express,48785 ,FVR9555 ,Padron ,2020,P7,0.006575,5.5e-05
D12 ,Transcap,85649 ,EWG4355 ,Midiônibus ,2020,P7,0.006575,5.5e-05
AR4 ,Express,48788 ,FFC9333 ,Padron ,2020,P7,0.006575,5.5e-05
AR4 ,Express,48790 ,FWM6636 ,Padron ,2020,P7,0.006575,5.5e-05
AR4 ,Express,48794 ,DCU7D11 ,Articulado ,2020,P7,0.006575,5.5e-05
AR4 ,Express,48780 ,FTU4883 ,Padron ,2020,P7,0.006575,5.5e-05
AR4 ,Express,48620 ,COB9A34 ,Articulado ,2020,P7,0.006575,5.5e-05
E1 ,Brigida,11790 ,EXO7510 ,Padron ,2020,P7,0.006575,5.5e-05
D6 ,Allibus,45167 ,EYA3957 ,Midiônibus ,2020,P7,0.006575,5.5e-05
E8 ,Transppass,81279 ,EAT1729 ,Padron ,2020,P7,0.006575,5.5e-05
AR4 ,Express,48293 ,GAU4H24 ,Articulado ,2020,P7,0.006575,5.5e-05
D6 ,Allibus,45243 ,EBU4960 ,Midiônibus ,2020,P7,0.006575,5.5e-05
AR4 ,Express,48298 ,EXE7G76 ,Padron ,2020,P7,0.006575,5.5e-05
AR4 ,Express,48310 ,BRQ5B29 ,Padron ,2020,P7,0.006575,5.5e-05
D6 ,Allibus,45235 ,ESN5B49 ,Midiônibus ,2020,P7,0.006575,5.5e-05
AR4 ,Express,48327 ,ETA7G49 ,Padron ,2020,P7,0.006575,5.5e-05
D6 ,Allibus,45232 ,DEU7750 ,Midiônibus ,2020,P7,0.006575,5.5e-05
D6 ,Allibus,45231 ,GEZ9835 ,Midiônibus ,2020,P7,0.006575,5.5e-05
D6 ,Allibus,45245 ,EJY7339 ,Midiônibus ,2020,P7,0.006575,5.5e-05
AR4 ,Express,48342 ,CUK2E08 ,Padron ,2020,P7,0.006575,5.5e-05
D6 ,Allibus,45216 ,EXV3046 ,Midiônibus ,2020,P7,0.006575,5.5e-05
AR4 ,Express,48375 ,BLS4D58 ,Articulado ,2020,P7,0.006575,5.5e-05
AR4 ,Express,48379 ,DYB7F89 ,Articulado ,2020,P7,0.006575,5.5e-05
AR4 ,Express,48393 ,ELI3D17 ,Articulado ,2020,P7,0.006575,5.5e-05
E1 ,Brigida,11761 ,ESG4490 ,Padron ,2020,P7,0.006575,5.5e-05
E1 ,Brigida,11762 ,FQA5175 ,Padron ,2020,P7,0.006575,5.5e-05
E1 ,Brigida,11763 ,DPP5759 ,Padron ,2020,P7,0.006575,5.5e-05
D12 ,Transcap,85615 ,EEP0665 ,Midiônibus ,2020,P7,0.006575,5.5e-05
D12 ,Transcap,85616 ,EWY6902 ,Midiônibus ,2020,P7,0.006575,5.5e-05
D6 ,Allibus,45217 ,FZN4977 ,Midiônibus ,2020,P7,0.006575,5.5e-05
D12 ,Transcap,85617 ,EAJ1975 ,Midiônibus ,2020,P7,0.006575,5.5e-05
D6 ,Allibus,45248 ,CUJ1I90 ,Midiônibus ,2020,P7,0.006575,5.5e-05
E8 ,Transppass,81290 ,EOD8320 ,Padron ,2020,P7,0.006575,5.5e-05
E8 ,Transppass,81376 ,DTB8225 ,Articulado ,2020,P7,0.006575,5.5e-05
D6 ,Allibus,45266 ,DRG3759 ,Miniônibus ,2020,P7,0.006575,5.5e-05
E8 ,Transppass,81375 ,EOO9765 ,Articulado ,2020,P7,0.006575,5.5e-05
E8 ,Transppass,81374 ,DST8739 ,Articulado ,2020,P7,0.006575,5.5e-05
E8 ,Transppass,81372 ,FQQ1692 ,Articulado ,2020,P7,0.006575,5.5e-05
E8 ,Transppass,81371 ,CQU1267 ,Articulado ,2020,P7,0.006575,5.5e-05
E8 ,Transppass,81370 ,FGA6047 ,Articulado ,2020,P7,0.006575,5.5e-05
E8 ,Transppass,81369 ,ERQ3729 ,Articulado ,2020,P7,0.006575,5.5e-05
E8 ,Transppass,81366 ,GJL3536 ,Padron ,2020,P7,0.006575,5.5e-05
E8 ,Transppass,81287 ,GEC2137 ,Padron ,2020,P7,0.006575,5.5e-05
E8 ,Transppass,81360 ,FWH6703 ,Padron ,2020,P7,0.006575,5.5e-05
D6 ,Allibus,45263 ,EGN5340 ,Miniônibus ,2020,P7,0.006575,5.5e-05
D6 ,Allibus,45261 ,EOP6J99 ,Midiônibus ,2020,P7,0.006575,5.5e-05
E8 ,Transppass,81340 ,ENE3897 ,Padron ,2020,P7,0.006575,5.5e-05
AR4 ,Express,48261 ,BPQ4F72 ,Padron ,2020,P7,0.006575,5.5e-05
E8 ,Transppass,81330 ,ENU9251 ,Padron ,2020,P7,0.006575,5.5e-05
D6 ,Allibus,45259 ,GGK1C98 ,Miniônibus ,2020,P7,0.006575,5.5e-05
E8 ,Transppass,81320 ,ELW8055 ,Padron ,2020,P7,0.006575,5.5e-05
AR4 ,Express,48276 ,EPO9I16 ,Padron ,2020,P7,0.006575,5.5e-05
E8 ,Transppass,81310 ,DVX9991 ,Padron ,2020,P7,0.006575,5.5e-05
E8 ,Transppass,81348 ,EWW0658 ,Padron ,2020,P7,0.006575,5.5e-05
E1 ,Brigida,11764 ,BWW4836 ,Padron ,2020,P7,0.006575,5.5e-05
AR4 ,Express,48434 ,BXZ6J87 ,Articulado ,2020,P7,0.006575,5.5e-05
E1 ,Brigida,11765 ,EPP1288 ,Padron ,2020,P7,0.006575,5.5e-05
D12 ,Transcap,85640 ,EXW4937 ,Midiônibus ,2020,P7,0.006575,5.5e-05
D12 ,Transcap,85641 ,EZY6706 ,Midiônibus ,2020,P7,0.006575,5.5e-05
D12 ,Transcap,85642 ,EWG4745 ,Midiônibus ,2020,P7,0.006575,5.5e-05
D12 ,Transcap,85643 ,EWJ3068 ,Midiônibus ,2020,P7,0.006575,5.5e-05
E1 ,Brigida,11780 ,DJA5480 ,Padron ,2020,P7,0.006575,5.5e-05
E1 ,Brigida,11781 ,ECV8770 ,Padron ,2020,P7,0.006575,5.5e-05
D13 ,Alfa Rodobus,86077 ,EVV0J39 ,Midiônibus ,2020,P7,0.006575,5.5e-05
D13 ,Alfa Rodobus,86076 ,EIO1D99 ,Midiônibus ,2020,P7,0.006575,5.5e-05
D6 ,Allibus,45177 ,ENU3199 ,Midiônibus ,2020,P7,0.006575,5.5e-05
E1 ,Brigida,11779 ,FKD5711 ,Padron ,2020,P7,0.006575,5.5e-05
E1 ,Brigida,11782 ,ENZ6980 ,Padron ,2020,P7,0.006575,5.5e-05
D6 ,Allibus,45175 ,EXO1589 ,Miniônibus ,2020,P7,0.006575,5.5e-05
E1 ,Brigida,11784 ,EXR6660 ,Padron ,2020,P7,0.006575,5.5e-05
E1 ,Brigida,11785 ,ESS0464 ,Padron ,2020,P7,0.006575,5.5e-05
E1 ,Brigida,11786 ,EZO5531 ,Padron ,2020,P7,0.006575,5.5e-05
E1 ,Brigida,11787 ,DSV6960 ,Padron ,2020,P7,0.006575,5.5e-05
E1 ,Brigida,11788 ,EMA6199 ,Padron ,2020,P7,0.006575,5.5e-05
E1 ,Brigida,11789 ,DWM4517 ,Padron ,2020,P7,0.006575,5.5e-05
D13 ,Alfa Rodobus,86036 ,GHY9G98 ,Midiônibus ,2020,P7,0.006575,5.5e-05
D13 ,Alfa Rodobus,86033 ,FLU3F93 ,Midiônibus ,2020,P7,0.006575,5.5e-05
E1 ,Brigida,11783 ,ELJ2360 ,Padron ,2020,P7,0.006575,5.5e-05
E1 ,Brigida,11778 ,ENN3598 ,Padron ,2020,P7,0.006575,5.5e-05
E1 ,Brigida,11777 ,EOK1346 ,Padron ,2020,P7,0.006575,5.5e-05
D13 ,Alfa Rodobus,86101 ,CAO4C65 ,Básico ,2020,P7,0.006575,5.5e-05
D6 ,Allibus,45198 ,EWZ8429 ,Miniônibus ,2020,P7,0.006575,5.5e-05
AR4 ,Express,48447 ,CUM3J61 ,Articulado ,2020,P7,0.006575,5.5e-05
AR4 ,Express,48448 ,BSZ8E69 ,Articulado ,2020,P7,0.006575,5.5e-05
AR4 ,Express,48452 ,CUF4C42 ,Articulado ,2020,P7,0.006575,5.5e-05
AR4 ,Express,48454 ,CUK0F48 ,Articulado ,2020,P7,0.006575,5.5e-05
AR4 ,Express,48457 ,GDO6D05 ,Articulado ,2020,P7,0.006575,5.5e-05
E1 ,Brigida,11766 ,DDR8593 ,Padron ,2020,P7,0.006575,5.5e-05
D13 ,Alfa Rodobus,86104 ,EFQ6D71 ,Básico ,2020,P7,0.006575,5.5e-05
E1 ,Brigida,11767 ,DYE2531 ,Padron ,2020,P7,0.006575,5.5e-05
E1 ,Brigida,11768 ,EMP7891 ,Padron ,2020,P7,0.006575,5.5e-05
E1 ,Brigida,11769 ,BQU4993 ,Padron ,2020,P7,0.006575,5.5e-05
E1 ,Brigida,11770 ,BUP5465 ,Padron ,2020,P7,0.006575,5.5e-05
E1 ,Brigida,11771 ,ELY5921 ,Padron ,2020,P7,0.006575,5.5e-05
E1 ,Brigida,11772 ,EZZ3526 ,Padron ,2020,P7,0.006575,5.5e-05
E1 ,Brigida,11773 ,DZQ9384 ,Padron ,2020,P7,0.006575,5.5e-05
E1 ,Brigida,11774 ,EZA1930 ,Padron ,2020,P7,0.006575,5.5e-05
E1 ,Brigida,11775 ,DBO8022 ,Padron ,2020,P7,0.006575,5.5e-05
E1 ,Brigida,11776 ,BSX5323 ,Padron ,2020,P7,0.006575,5.5e-05
D13 ,Alfa Rodobus,86103 ,EJL2G58 ,Básico ,2020,P7,0.006575,5.5e-05
D6 ,Allibus,45187 ,BYX8J81 ,Midiônibus ,2020,P7,0.006575,5.5e-05
D13 ,Alfa Rodobus,86102 ,EFW9G69 ,Básico ,2020,P7,0.006575,5.5e-05
D12 ,Transcap,85672 ,EYX4877 ,Básico ,2020,P7,0.006575,5.5e-05
D12 ,Transcap,85673 ,EPA1603 ,Básico ,2020,P7,0.006575,5.5e-05
D12 ,Transcap,85674 ,ELO9856 ,Básico ,2020,P7,0.006575,5.5e-05
D12 ,Transcap,85675 ,FKC9216 ,Básico ,2020,P7,0.006575,5.5e-05
AR5 ,Via Sudeste,51097 ,FYH5985 ,Padron ,2020,P7,0.006575,5.5e-05
AR5 ,Via Sudeste,51098 ,EWZ5016 ,Padron ,2020,P7,0.006575,5.5e-05
AR5 ,Via Sudeste,51099 ,DKK1407 ,Padron ,2020,P7,0.006575,5.5e-05
AR5 ,Via Sudeste,51100 ,CRP0358 ,Padron ,2020,P7,0.006575,5.5e-05
AR5 ,Via Sudeste,51101 ,CDP9259 ,Padron ,2020,P7,0.006575,5.5e-05
AR5 ,Via Sudeste,51102 ,ENN2580 ,Padron ,2020,P7,0.006575,5.5e-05
AR5 ,Via Sudeste,51103 ,BSZ8641 ,Padron ,2020,P7,0.006575,5.5e-05
AR5 ,Via Sudeste,51104 ,BXP2602 ,Padron ,2020,P7,0.006575,5.5e-05
AR5 ,Via Sudeste,51105 ,DQO1283 ,Padron ,2020,P7,0.006575,5.5e-05
AR5 ,Via Sudeste,51096 ,FJC0844 ,Padron ,2020,P7,0.006575,5.5e-05
AR5 ,Via Sudeste,51106 ,DEU8074 ,Padron ,2020,P7,0.006575,5.5e-05
AR5 ,Via Sudeste,51108 ,EGJ9423 ,Padron ,2020,P7,0.006575,5.5e-05
AR5 ,Via Sudeste,51109 ,DEI7434 ,Padron ,2020,P7,0.006575,5.5e-05
AR5 ,Via Sudeste,51110 ,EWH1747 ,Padron ,2020,P7,0.006575,5.5e-05
AR5 ,Via Sudeste,51111 ,EHH2755 ,Padron ,2020,P7,0.006575,5.5e-05
AR5 ,Via Sudeste,51112 ,ENG2236 ,Padron ,2020,P7,0.006575,5.5e-05
AR5 ,Via Sudeste,51113 ,EXJ3267 ,Padron ,2020,P7,0.006575,5.5e-05
AR5 ,Via Sudeste,51114 ,BXZ2968 ,Padron ,2020,P7,0.006575,5.5e-05
AR5 ,Via Sudeste,51115 ,CUM7179 ,Padron ,2020,P7,0.006575,5.5e-05
AR5 ,Via Sudeste,51116 ,BSZ5620 ,Padron ,2020,P7,0.006575,5.5e-05
AR5 ,Via Sudeste,51107 ,DPG9641 ,Padron ,2020,P7,0.006575,5.5e-05
AR5 ,Via Sudeste,51117 ,CGT1051 ,Padron ,2020,P7,0.006575,5.5e-05
AR5 ,Via Sudeste,51095 ,DGB3063 ,Padron ,2020,P7,0.006575,5.5e-05
AR5 ,Via Sudeste,51093 ,CUJ0561 ,Padron ,2020,P7,0.006575,5.5e-05
AR5 ,Via Sudeste,51073 ,DRS0832 ,Padron ,2020,P7,0.006575,5.5e-05
AR5 ,Via Sudeste,51074 ,GDV8703 ,Padron ,2020,P7,0.006575,5.5e-05
AR5 ,Via Sudeste,51075 ,BYI0144 ,Padron ,2020,P7,0.006575,5.5e-05
AR5 ,Via Sudeste,51076 ,EES1I50 ,Padron ,2020,P7,0.006575,5.5e-05
AR5 ,Via Sudeste,51077 ,CUF1J33 ,Padron ,2020,P7,0.006575,5.5e-05
AR5 ,Via Sudeste,51078 ,CIY8D44 ,Padron ,2020,P7,0.006575,5.5e-05
AR5 ,Via Sudeste,51079 ,COO6G11 ,Padron ,2020,P7,0.006575,5.5e-05
AR5 ,Via Sudeste,51080 ,ECU9H13 ,Padron ,2020,P7,0.006575,5.5e-05
AR5 ,Via Sudeste,51081 ,CUK4385 ,Padron ,2020,P7,0.006575,5.5e-05
AR5 ,Via Sudeste,51094 ,CJH2452 ,Padron ,2020,P7,0.006575,5.5e-05
AR5 ,Via Sudeste,51082 ,BXD8730 ,Padron ,2020,P7,0.006575,5.5e-05
AR5 ,Via Sudeste,51084 ,EBQ2622 ,Padron ,2020,P7,0.006575,5.5e-05
AR5 ,Via Sudeste,51085 ,FVA6523 ,Padron ,2020,P7,0.006575,5.5e-05
AR5 ,Via Sudeste,51086 ,EXG5534 ,Padron ,2020,P7,0.006575,5.5e-05
AR5 ,Via Sudeste,51087 ,FQA4125 ,Padron ,2020,P7,0.006575,5.5e-05
AR5 ,Via Sudeste,51088 ,GEY9406 ,Padron ,2020,P7,0.006575,5.5e-05
AR5 ,Via Sudeste,51089 ,EZL4517 ,Padron ,2020,P7,0.006575,5.5e-05
AR5 ,Via Sudeste,51090 ,ELU9298 ,Padron ,2020,P7,0.006575,5.5e-05
AR5 ,Via Sudeste,51091 ,ECZ9769 ,Padron ,2020,P7,0.006575,5.5e-05
AR5 ,Via Sudeste,51092 ,EXO8260 ,Padron ,2020,P7,0.006575,5.5e-05
AR5 ,Via Sudeste,51083 ,BZA7471 ,Padron ,2020,P7,0.006575,5.5e-05
AR5 ,Via Sudeste,51118 ,DFR0462 ,Padron ,2020,P7,0.006575,5.5e-05
AR5 ,Via Sudeste,51119 ,FJR3673 ,Padron ,2020,P7,0.006575,5.5e-05
AR5 ,Via Sudeste,51120 ,GAD7434 ,Padron ,2020,P7,0.006575,5.5e-05
D11 ,Transwolff,78811 ,FFT9G27 ,Básico ,2020,P7,0.006575,5.5e-05
D11 ,Transwolff,78809 ,FBI6J15 ,Básico ,2020,P7,0.006575,5.5e-05
D1 ,D1,15163 ,ELY8390 ,Básico ,2020,P7,0.006575,5.5e-05
D1 ,D1,15164 ,ENN2349 ,Básico ,2020,P7,0.006575,5.5e-05
D11 ,Transwolff,78806 ,DVM8H30 ,Básico ,2020,P7,0.006575,5.5e-05
D1 ,D1,15166 ,EVW8682 ,Básico ,2020,P7,0.006575,5.5e-05
D11 ,Transwolff,78804 ,ENI2093 ,Básico ,2020,P7,0.006575,5.5e-05
D11 ,Transwolff,78803 ,EQD1872 ,Básico ,2020,P7,0.006575,5.5e-05
D11 ,Transwolff,78802 ,BPQ6381 ,Básico ,2020,P7,0.006575,5.5e-05
D11 ,Transwolff,78813 ,BZA2J68 ,Básico ,2020,P7,0.006575,5.5e-05
D6 ,Allibus,45029 ,DVR7489 ,Midiônibus ,2020,P7,0.006575,5.5e-05
AR5 ,Via Sudeste,51162 ,FNX3B56 ,Padron ,2020,P7,0.006575,5.5e-05
AR5 ,Via Sudeste,51163 ,BRY9C30 ,Padron ,2020,P7,0.006575,5.5e-05
D11 ,Transwolff,78793 ,FQQ6C75 ,Básico ,2020,P7,0.006575,5.5e-05
D6 ,Allibus,45022 ,DRJ8537 ,Midiônibus ,2020,P7,0.006575,5.5e-05
D11 ,Transwolff,78782 ,FKW8A58 ,Básico ,2020,P7,0.006575,5.5e-05
D11 ,Transwolff,78781 ,EXI5H19 ,Básico ,2020,P7,0.006575,5.5e-05
D11 ,Transwolff,78779 ,EPZ9I59 ,Básico ,2020,P7,0.006575,5.5e-05
D6 ,Allibus,45014 ,EZO7E19 ,Miniônibus ,2020,P7,0.006575,5.5e-05
D6 ,Allibus,45012 ,DUJ5280 ,Midiônibus ,2020,P7,0.006575,5.5e-05
AR5 ,Via Sudeste,51161 ,DMD9A52 ,Padron ,2020,P7,0.006575,5.5e-05
D1 ,D1,15110 ,FBV8B95 ,Miniônibus ,2020,P7,0.006575,5.5e-05
D11 ,Transwolff,78816 ,GHA7H81 ,Básico ,2020,P7,0.006575,5.5e-05
D11 ,Transwolff,78819 ,BYS9157 ,Básico ,2020,P7,0.006575,5.5e-05
AR5 ,Via Sudeste,51121 ,ELE2365 ,Padron ,2020,P7,0.006575,5.5e-05
AR5 ,Via Sudeste,51122 ,BPQ1191 ,Padron ,2020,P7,0.006575,5.5e-05
AR5 ,Via Sudeste,51123 ,EBG9352 ,Padron ,2020,P7,0.006575,5.5e-05
AR5 ,Via Sudeste,51124 ,FYE2413 ,Padron ,2020,P7,0.006575,5.5e-05
AR5 ,Via Sudeste,51125 ,DSD4714 ,Padron ,2020,P7,0.006575,5.5e-05
AR5 ,Via Sudeste,51126 ,EDJ7965 ,Padron ,2020,P7,0.006575,5.5e-05
AR5 ,Via Sudeste,51127 ,EQU6907 ,Padron ,2020,P7,0.006575,5.5e-05
AR5 ,Via Sudeste,51128 ,BRQ4798 ,Padron ,2020,P7,0.006575,5.5e-05
AR5 ,Via Sudeste,51129 ,CUN0039 ,Padron ,2020,P7,0.006575,5.5e-05
AR5 ,Via Sudeste,51130 ,FMJ8436 ,Padron ,2020,P7,0.006575,5.5e-05
AR5 ,Via Sudeste,51131 ,CCU5D20 ,Padron ,2020,P7,0.006575,5.5e-05
AR5 ,Via Sudeste,51132 ,EZX4H01 ,Padron ,2020,P7,0.006575,5.5e-05
AR5 ,Via Sudeste,51133 ,FYI0J52 ,Padron ,2020,P7,0.006575,5.5e-05
D1 ,D1,15065 ,FOZ6005 ,Miniônibus ,2020,P7,0.006575,5.5e-05
D11 ,Transwolff,78828 ,EPQ3D51 ,Básico ,2020,P7,0.006575,5.5e-05
D1 ,D1,15081 ,CQU5925 ,Básico ,2020,P7,0.006575,5.5e-05
D11 ,Transwolff,78824 ,BSZ6455 ,Básico ,2020,P7,0.006575,5.5e-05
D11 ,Transwolff,78823 ,FJB3514 ,Básico ,2020,P7,0.006575,5.5e-05
D1 ,D1,15088 ,FOF2798 ,Miniônibus ,2020,P7,0.006575,5.5e-05
D1 ,D1,15100 ,EUY8A30 ,Miniônibus ,2020,P7,0.006575,5.5e-05
D11 ,Transwolff,78820 ,CTA6240 ,Básico ,2020,P7,0.006575,5.5e-05
AR5 ,Via Sudeste,51072 ,EHL4811 ,Padron ,2020,P7,0.006575,5.5e-05
AR4 ,Express,48233 ,END8C22 ,Padron ,2020,P7,0.006575,5.5e-05
AR5 ,Via Sudeste,51071 ,CKU4070 ,Padron ,2020,P7,0.006575,5.5e-05
AR5 ,Via Sudeste,51069 ,CFZ5H08 ,Padron ,2020,P7,0.006575,5.5e-05
D6 ,Allibus,45096 ,ECV9F20 ,Midiônibus ,2020,P7,0.006575,5.5e-05
E1 ,G. Preto,12683 ,FGX4676 ,Padron ,2020,P7,0.006575,5.5e-05
D6 ,Allibus,45094 ,EDL6101 ,Midiônibus ,2020,P7,0.006575,5.5e-05
D6 ,Allibus,45093 ,GJR2J13 ,Miniônibus ,2020,P7,0.006575,5.5e-05
D6 ,Allibus,45091 ,DMB1059 ,Midiônibus ,2020,P7,0.006575,5.5e-05
D11 ,Transwolff,78966 ,EYH5D41 ,Midiônibus ,2020,P7,0.006575,5.5e-05
D11 ,Transwolff,78949 ,EOQ7F37 ,Midiônibus ,2020,P7,0.006575,5.5e-05
E1 ,G. Preto,12684 ,EON1301 ,Padron ,2020,P7,0.006575,5.5e-05
E1 ,G. Preto,12685 ,EZJ5520 ,Padron ,2020,P7,0.006575,5.5e-05
AR4 ,Express,48900 ,CUF1I24 ,Articulado ,2020,P7,0.006575,5.5e-05
E1 ,G. Preto,12686 ,DMS5167 ,Padron ,2020,P7,0.006575,5.5e-05
E1 ,G. Preto,12688 ,EXV3230 ,Padron ,2020,P7,0.006575,5.5e-05
E1 ,G. Preto,12689 ,ENG6243 ,Padron ,2020,P7,0.006575,5.5e-05
E1 ,G. Preto,12690 ,FXV7934 ,Padron ,2020,P7,0.006575,5.5e-05
E1 ,G. Preto,12691 ,EBC0712 ,Padron ,2020,P7,0.006575,5.5e-05
E1 ,G. Preto,12692 ,CBU8285 ,Padron ,2020,P7,0.006575,5.5e-05
D11 ,Transwolff,78893 ,EOM6806 ,Básico ,2020,P7,0.006575,5.5e-05
E1 ,G. Preto,12732 ,BJM7845 ,Padron ,2020,P7,0.006575,5.5e-05
D6 ,Allibus,45079 ,GDD3457 ,Midiônibus ,2020,P7,0.006575,5.5e-05
D6 ,Allibus,45076 ,FXA5876 ,Midiônibus ,2020,P7,0.006575,5.5e-05
E1 ,G. Preto,12687 ,ECT1724 ,Padron ,2020,P7,0.006575,5.5e-05
AR4 ,Express,48988 ,GJN8A17 ,Padron ,2020,P7,0.006575,5.5e-05
AR4 ,Express,48899 ,CUG5H39 ,Articulado ,2020,P7,0.006575,5.5e-05
D11 ,Transwolff,78972 ,FWV6015 ,Básico ,2020,P7,0.006575,5.5e-05
D12 ,Transcap,85676 ,EVW8358 ,Básico ,2020,P7,0.006575,5.5e-05
D12 ,Transcap,85677 ,FSN8743 ,Midiônibus ,2020,P7,0.006575,5.5e-05
D12 ,Transcap,85679 ,FXP4446 ,Midiônibus ,2020,P7,0.006575,5.5e-05
D12 ,Transcap,85680 ,EVT1967 ,Midiônibus ,2020,P7,0.006575,5.5e-05
D12 ,Transcap,85681 ,FIG6442 ,Midiônibus ,2020,P7,0.006575,5.5e-05
D12 ,Transcap,85682 ,EWZ1848 ,Midiônibus ,2020,P7,0.006575,5.5e-05
D12 ,Transcap,85683 ,EXJ3887 ,Midiônibus ,2020,P7,0.006575,5.5e-05
D12 ,Transcap,85684 ,EZN9760 ,Midiônibus ,2020,P7,0.006575,5.5e-05
D12 ,Transcap,85685 ,EXR8242 ,Midiônibus ,2020,P7,0.006575,5.5e-05
E1 ,G. Preto,12682 ,EUV4268 ,Padron ,2020,P7,0.006575,5.5e-05
E1 ,G. Preto,12666 ,CUL1549 ,Padron ,2020,P7,0.006575,5.5e-05
E1 ,G. Preto,12668 ,CCU1046 ,Padron ,2020,P7,0.006575,5.5e-05
E1 ,G. Preto,12669 ,EOF7107 ,Padron ,2020,P7,0.006575,5.5e-05
D11 ,Transwolff,78985 ,FSD0F71 ,Midiônibus ,2020,P7,0.006575,5.5e-05
E1 ,G. Preto,12676 ,EOF7765 ,Padron ,2020,P7,0.006575,5.5e-05
E1 ,G. Preto,12677 ,ETT3146 ,Padron ,2020,P7,0.006575,5.5e-05
E1 ,G. Preto,12678 ,EXT3051 ,Padron ,2020,P7,0.006575,5.5e-05
E1 ,G. Preto,12679 ,ECK4932 ,Padron ,2020,P7,0.006575,5.5e-05
E1 ,G. Preto,12680 ,ECS1553 ,Padron ,2020,P7,0.006575,5.5e-05
E1 ,G. Preto,12681 ,FZP7522 ,Padron ,2020,P7,0.006575,5.5e-05
E1 ,G. Preto,12667 ,BSX2995 ,Padron ,2020,P7,0.006575,5.5e-05
D11 ,Transwolff,78877 ,FWQ4629 ,Básico ,2020,P7,0.006575,5.5e-05
D6 ,Allibus,45073 ,BWV2460 ,Miniônibus ,2020,P7,0.006575,5.5e-05
AR1 ,G. Preto,13670 ,BMO2028 ,Padron ,2020,P7,0.006575,5.5e-05
AR5 ,Via Sudeste,51049 ,CUE7818 ,Padron ,2020,P7,0.006575,5.5e-05
AR5 ,Via Sudeste,51050 ,DMP4539 ,Padron ,2020,P7,0.006575,5.5e-05
AR5 ,Via Sudeste,51051 ,CEI6871 ,Padron ,2020,P7,0.006575,5.5e-05
AR5 ,Via Sudeste,51052 ,DUG4759 ,Padron ,2020,P7,0.006575,5.5e-05
AR5 ,Via Sudeste,51053 ,CIJ3128 ,Padron ,2020,P7,0.006575,5.5e-05
AR5 ,Via Sudeste,51054 ,BTR9959 ,Padron ,2020,P7,0.006575,5.5e-05
AR5 ,Via Sudeste,51055 ,BZU0047 ,Padron ,2020,P7,0.006575,5.5e-05
AR5 ,Via Sudeste,51056 ,DCU2518 ,Padron ,2020,P7,0.006575,5.5e-05
AR5 ,Via Sudeste,51057 ,DYZ9387 ,Padron ,2020,P7,0.006575,5.5e-05
AR5 ,Via Sudeste,51048 ,DRT6452 ,Padron ,2020,P7,0.006575,5.5e-05
AR5 ,Via Sudeste,51058 ,ECU8250 ,Padron ,2020,P7,0.006575,5.5e-05
AR5 ,Via Sudeste,51060 ,DYE0839 ,Padron ,2020,P7,0.006575,5.5e-05
AR5 ,Via Sudeste,51061 ,DAH8170 ,Padron ,2020,P7,0.006575,5.5e-05
AR5 ,Via Sudeste,51062 ,CQU2011 ,Padron ,2020,P7,0.006575,5.5e-05
AR5 ,Via Sudeste,51063 ,BRZ4032 ,Padron ,2020,P7,0.006575,5.5e-05
AR5 ,Via Sudeste,51064 ,ECV8873 ,Padron ,2020,P7,0.006575,5.5e-05
AR5 ,Via Sudeste,51065 ,BVT1064 ,Padron ,2020,P7,0.006575,5.5e-05
AR5 ,Via Sudeste,51066 ,EFL9285 ,Padron ,2020,P7,0.006575,5.5e-05
AR5 ,Via Sudeste,51067 ,DBS0696 ,Padron ,2020,P7,0.006575,5.5e-05
AR5 ,Via Sudeste,51068 ,BZB7137 ,Padron ,2020,P7,0.006575,5.5e-05
AR5 ,Via Sudeste,51059 ,BZG9528 ,Padron ,2020,P7,0.006575,5.5e-05
AR5 ,Via Sudeste,51047 ,DQZ9522 ,Padron ,2020,P7,0.006575,5.5e-05
AR5 ,Via Sudeste,51046 ,ELI2126 ,Padron ,2020,P7,0.006575,5.5e-05
AR5 ,Via Sudeste,51045 ,BMR8793 ,Padron ,2020,P7,0.006575,5.5e-05
AR1 ,G. Preto,13671 ,CUL0860 ,Padron ,2020,P7,0.006575,5.5e-05
AR1 ,G. Preto,13672 ,EDS8321 ,Padron ,2020,P7,0.006575,5.5e-05
AR1 ,G. Preto,13673 ,BYP8512 ,Padron ,2020,P7,0.006575,5.5e-05
AR1 ,G. Preto,13674 ,BOT9723 ,Padron ,2020,P7,0.006575,5.5e-05
AR1 ,G. Preto,13675 ,BWV5144 ,Padron ,2020,P7,0.006575,5.5e-05
D6 ,Allibus,45057 ,CRA9670 ,Midiônibus ,2020,P7,0.006575,5.5e-05
D1 ,D1,15004 ,FVK3923 ,Miniônibus ,2020,P7,0.006575,5.5e-05
D11 ,Transwolff,78852 ,DEI9D30 ,Básico ,2020,P7,0.006575,5.5e-05
D11 ,Transwolff,78850 ,EUF3950 ,Básico ,2020,P7,0.006575,5.5e-05
D6 ,Allibus,45051 ,CFZ1803 ,Miniônibus ,2020,P7,0.006575,5.5e-05
D6 ,Allibus,45050 ,DZH2449 ,Miniônibus ,2020,P7,0.006575,5.5e-05
D11 ,Transwolff,78846 ,GGA8H58 ,Básico ,2020,P7,0.006575,5.5e-05
D11 ,Transwolff,78843 ,GBH7E18 ,Básico ,2020,P7,0.006575,5.5e-05
D11 ,Transwolff,78842 ,GKD8J28 ,Básico ,2020,P7,0.006575,5.5e-05
D11 ,Transwolff,78841 ,EBP2C19 ,Básico ,2020,P7,0.006575,5.5e-05
D1 ,D1,15026 ,DSH3128 ,Básico ,2020,P7,0.006575,5.5e-05
D1 ,D1,15045 ,ELU6326 ,Miniônibus ,2020,P7,0.006575,5.5e-05
AR5 ,Via Sudeste,51041 ,EUG9783 ,Padron ,2020,P7,0.006575,5.5e-05
AR5 ,Via Sudeste,51042 ,CUE6951 ,Padron ,2020,P7,0.006575,5.5e-05
AR5 ,Via Sudeste,51043 ,EGQ3492 ,Padron ,2020,P7,0.006575,5.5e-05
AR5 ,Via Sudeste,51044 ,EZF5J61 ,Padron ,2020,P7,0.006575,5.5e-05
AR5 ,Via Sudeste,51070 ,DDE9639 ,Padron ,2020,P7,0.006575,5.5e-05
D6 ,Allibus,45010 ,ENN9D69 ,Miniônibus ,2020,P7,0.006575,5.5e-05
AR4 ,Express,48232 ,DSV4B13 ,Padron ,2020,P7,0.006575,5.5e-05
AR4 ,Express,48228 ,FRV9H09 ,Articulado ,2020,P7,0.006575,5.5e-05
AR1 ,Brigida,10595 ,BGY7E19 ,Padron ,2020,P7,0.006575,5.5e-05
AR1 ,Brigida,10596 ,DDH8F95 ,Padron ,2020,P7,0.006575,5.5e-05
AR1 ,Brigida,10597 ,DHS9B30 ,Padron ,2020,P7,0.006575,5.5e-05
AR1 ,Brigida,10598 ,BPO0D14 ,Padron ,2020,P7,0.006575,5.5e-05
D6 ,Allibus,45552 ,DDO6310 ,Miniônibus ,2020,P7,0.006575,5.5e-05
D6 ,Allibus,45549 ,EOB7299 ,Miniônibus ,2020,P7,0.006575,5.5e-05
AR1 ,Brigida,10599 ,EBF3G82 ,Padron ,2020,P7,0.006575,5.5e-05
AR1 ,Brigida,10600 ,FWI4B27 ,Padron ,2020,P7,0.006575,5.5e-05
D5 ,Pêssego,47187 ,FWQ3H98 ,Miniônibus ,2020,P7,0.006575,5.5e-05
D5 ,Pêssego,47176 ,CUP4G40 ,Midiônibus ,2020,P7,0.006575,5.5e-05
D5 ,Pêssego,47189 ,EQP8897 ,Midiônibus ,2020,P7,0.006575,5.5e-05
AR1 ,Brigida,10602 ,EGK0278 ,Padron ,2020,P7,0.006575,5.5e-05
AR1 ,Brigida,10603 ,DKH3168 ,Padron ,2020,P7,0.006575,5.5e-05
AR1 ,Brigida,10604 ,BZK5825 ,Padron ,2020,P7,0.006575,5.5e-05
D6 ,Allibus,45541 ,GDH4355 ,Miniônibus ,2020,P7,0.006575,5.5e-05
AR1 ,Brigida,10605 ,FDB7937 ,Padron ,2020,P7,0.006575,5.5e-05
AR1 ,Brigida,10606 ,DKI1442 ,Padron ,2020,P7,0.006575,5.5e-05
D6 ,Allibus,45537 ,EVX4039 ,Midiônibus ,2020,P7,0.006575,5.5e-05
AR1 ,Brigida,10607 ,DOT9671 ,Padron ,2020,P7,0.006575,5.5e-05
D5 ,Pêssego,47205 ,FLU5756 ,Midiônibus ,2020,P7,0.006575,5.5e-05
AR1 ,Brigida,10601 ,FML9066 ,Padron ,2020,P7,0.006575,5.5e-05
AR1 ,Brigida,10608 ,EFI6321 ,Padron ,2020,P7,0.006575,5.5e-05
AR1 ,Brigida,10594 ,ESS5H33 ,Padron ,2020,P7,0.006575,5.5e-05
AR1 ,Brigida,10592 ,BYI5B83 ,Padron ,2020,P7,0.006575,5.5e-05
D5 ,Pêssego,47141 ,GJM9539 ,Midiônibus ,2020,P7,0.006575,5.5e-05
AR8 ,G Preto,82663 ,DJG2027 ,Padron ,2020,P7,0.006575,5.5e-05
D6 ,Allibus,45577 ,EZO3J29 ,Miniônibus ,2020,P7,0.006575,5.5e-05
AR8 ,G Preto,82662 ,BSZ3266 ,Padron ,2020,P7,0.006575,5.5e-05
AR8 ,G Preto,82661 ,GCY1455 ,Padron ,2020,P7,0.006575,5.5e-05
AR8 ,G Preto,82660 ,CUN7924 ,Padron ,2020,P7,0.006575,5.5e-05
D6 ,Allibus,45571 ,BZL0630 ,Midiônibus ,2020,P7,0.006575,5.5e-05
D5 ,Pêssego,47154 ,GCC2F86 ,Midiônibus ,2020,P7,0.006575,5.5e-05
AR8 ,G Preto,82659 ,DHE6953 ,Padron ,2020,P7,0.006575,5.5e-05
AR1 ,Brigida,10593 ,GBI2F75 ,Padron ,2020,P7,0.006575,5.5e-05
D6 ,Allibus,45568 ,EOE1D79 ,Midiônibus ,2020,P7,0.006575,5.5e-05
D6 ,Allibus,45567 ,EUC0710 ,Midiônibus ,2020,P7,0.006575,5.5e-05
D5 ,Pêssego,47160 ,FUW2068 ,Midiônibus ,2020,P7,0.006575,5.5e-05
D6 ,Allibus,45566 ,EQN6A89 ,Midiônibus ,2020,P7,0.006575,5.5e-05
AR8 ,G Preto,82657 ,EJO7141 ,Padron ,2020,P7,0.006575,5.5e-05
D5 ,Pêssego,47164 ,EJI3G57 ,Midiônibus ,2020,P7,0.006575,5.5e-05
AR8 ,G Preto,82656 ,EHU6790 ,Padron ,2020,P7,0.006575,5.5e-05
AR1 ,Brigida,10589 ,DVK7H84 ,Padron ,2020,P7,0.006575,5.5e-05
AR1 ,Brigida,10590 ,CFY2F84 ,Padron ,2020,P7,0.006575,5.5e-05
AR1 ,Brigida,10591 ,EZJ5F02 ,Padron ,2020,P7,0.006575,5.5e-05
AR8 ,G Preto,82658 ,ELG3442 ,Padron ,2020,P7,0.006575,5.5e-05
AR8 ,G Preto,82664 ,EMA0818 ,Padron ,2020,P7,0.006575,5.5e-05
D6 ,Allibus,45533 ,EUO9C99 ,Midiônibus ,2020,P7,0.006575,5.5e-05
AR1 ,Brigida,10610 ,EEH5822 ,Padron ,2020,P7,0.006575,5.5e-05
D5 ,Pêssego,47319 ,FOI2A69 ,Midiônibus ,2020,P7,0.006575,5.5e-05
E1 ,Brigida,11098 ,BQU5179 ,Articulado ,2020,P7,0.006575,5.5e-05
E1 ,Brigida,11099 ,EWV9E43 ,Articulado ,2020,P7,0.006575,5.5e-05
D5 ,Pêssego,47327 ,ENU4224 ,Miniônibus ,2020,P7,0.006575,5.5e-05
D5 ,Pêssego,47328 ,GFM2B76 ,Midiônibus ,2020,P7,0.006575,5.5e-05
E1 ,Brigida,11100 ,BYY8522 ,Articulado ,2020,P7,0.006575,5.5e-05
E1 ,Brigida,11101 ,ESS8331 ,Articulado ,2020,P7,0.006575,5.5e-05
E1 ,Brigida,11102 ,EQV6882 ,Articulado ,2020,P7,0.006575,5.5e-05
E1 ,Brigida,11103 ,DOO4699 ,Articulado ,2020,P7,0.006575,5.5e-05
E1 ,Brigida,11097 ,EZZ2315 ,Articulado ,2020,P7,0.006575,5.5e-05
D6 ,Allibus,45464 ,GCC3B48 ,Midiônibus ,2020,P7,0.006575,5.5e-05
E1 ,Brigida,11105 ,ENN1205 ,Articulado ,2020,P7,0.006575,5.5e-05
D5 ,Pêssego,47351 ,EUX4737 ,Midiônibus ,2020,P7,0.006575,5.5e-05
E1 ,Brigida,11106 ,EQU6630 ,Articulado ,2020,P7,0.006575,5.5e-05
E1 ,Brigida,11107 ,DVB6119 ,Articulado ,2020,P7,0.006575,5.5e-05
E1 ,Brigida,11108 ,EZO2469 ,Articulado ,2020,P7,0.006575,5.5e-05
E1 ,Brigida,11109 ,GBW5987 ,Articulado ,2020,P7,0.006575,5.5e-05
D5 ,Pêssego,47380 ,EZX8C31 ,Básico ,2020,P7,0.006575,5.5e-05
E1 ,Brigida,11110 ,EPA8178 ,Articulado ,2020,P7,0.006575,5.5e-05
E1 ,Brigida,11111 ,EST6848 ,Articulado ,2020,P7,0.006575,5.5e-05
E1 ,Brigida,11104 ,DRN1650 ,Articulado ,2020,P7,0.006575,5.5e-05
AR1 ,Brigida,10609 ,ELY7347 ,Padron ,2020,P7,0.006575,5.5e-05
E1 ,Brigida,11096 ,BVT3134 ,Articulado ,2020,P7,0.006575,5.5e-05
D6 ,Allibus,45475 ,GEY6038 ,Miniônibus ,2020,P7,0.006575,5.5e-05
D5 ,Pêssego,47220 ,EHE2653 ,Miniônibus ,2020,P7,0.006575,5.5e-05
D5 ,Pêssego,47225 ,DAJ6A34 ,Midiônibus ,2020,P7,0.006575,5.5e-05
D6 ,Allibus,45519 ,FYM8639 ,Miniônibus ,2020,P7,0.006575,5.5e-05
D5 ,Pêssego,47228 ,ENI1246 ,Midiônibus ,2020,P7,0.006575,5.5e-05
D6 ,Allibus,45515 ,ESU9B59 ,Midiônibus ,2020,P7,0.006575,5.5e-05
D5 ,Pêssego,47233 ,GFW7J23 ,Miniônibus ,2020,P7,0.006575,5.5e-05
D5 ,Pêssego,47237 ,DPF4503 ,Miniônibus ,2020,P7,0.006575,5.5e-05
D5 ,Pêssego,47243 ,FLW9J04 ,Básico ,2020,P7,0.006575,5.5e-05
D5 ,Pêssego,47244 ,EZU3376 ,Miniônibus ,2020,P7,0.006575,5.5e-05
D5 ,Pêssego,47306 ,EZZ6A64 ,Midiônibus ,2020,P7,0.006575,5.5e-05
D5 ,Pêssego,47246 ,EBB9996 ,Miniônibus ,2020,P7,0.006575,5.5e-05
D6 ,Allibus,45501 ,CAJ7B59 ,Midiônibus ,2020,P7,0.006575,5.5e-05
D6 ,Allibus,45497 ,DST4659 ,Midiônibus ,2020,P7,0.006575,5.5e-05
D6 ,Allibus,45492 ,EDL6F70 ,Midiônibus ,2020,P7,0.006575,5.5e-05
D5 ,Pêssego,47273 ,ENZ4907 ,Midiônibus ,2020,P7,0.006575,5.5e-05
D5 ,Pêssego,47274 ,ERA9738 ,Midiônibus ,2020,P7,0.006575,5.5e-05
D5 ,Pêssego,47282 ,EPA8565 ,Midiônibus ,2020,P7,0.006575,5.5e-05
D6 ,Allibus,45483 ,EJF1140 ,Midiônibus ,2020,P7,0.006575,5.5e-05
D5 ,Pêssego,47291 ,BQJ9H61 ,Básico ,2020,P7,0.006575,5.5e-05
D6 ,Allibus,45479 ,FNS6E18 ,Miniônibus ,2020,P7,0.006575,5.5e-05
D6 ,Allibus,45505 ,EUV7820 ,Midiônibus ,2020,P7,0.006575,5.5e-05
D5 ,Pêssego,47139 ,EOO2878 ,Midiônibus ,2020,P7,0.006575,5.5e-05
AR8 ,G Preto,82665 ,DVT1059 ,Padron ,2020,P7,0.006575,5.5e-05
D5 ,Pêssego,47135 ,EWD1759 ,Midiônibus ,2020,P7,0.006575,5.5e-05
D5 ,Pêssego,47008 ,GIO9448 ,Midiônibus ,2020,P7,0.006575,5.5e-05
AR1 ,Brigida,10558 ,GHJ3593 ,Padron ,2020,P7,0.006575,5.5e-05
AR1 ,Brigida,10559 ,EFJ1713 ,Padron ,2020,P7,0.006575,5.5e-05
AR1 ,Brigida,10560 ,FJN5855 ,Padron ,2020,P7,0.006575,5.5e-05
AR1 ,Brigida,10581 ,DEU2B00 ,Padron ,2020,P7,0.006575,5.5e-05
AR1 ,Brigida,10582 ,EED4G47 ,Padron ,2020,P7,0.006575,5.5e-05
AR1 ,Brigida,10583 ,GDU1C86 ,Padron ,2020,P7,0.006575,5.5e-05
AR1 ,Brigida,10584 ,EXV1C03 ,Padron ,2020,P7,0.006575,5.5e-05
D5 ,Pêssego,47021 ,EFO5311 ,Midiônibus ,2020,P7,0.006575,5.5e-05
AR1 ,Brigida,10557 ,ERA5635 ,Padron ,2020,P7,0.006575,5.5e-05
D6 ,Allibus,45643 ,FQS5E29 ,Midiônibus ,2020,P7,0.006575,5.5e-05
AR1 ,Brigida,10586 ,GDR7D19 ,Padron ,2020,P7,0.006575,5.5e-05
AR1 ,Brigida,10587 ,EZX3J65 ,Padron ,2020,P7,0.006575,5.5e-05
D6 ,Allibus,45640 ,DCU8F48 ,Midiônibus ,2020,P7,0.006575,5.5e-05
AR1 ,Brigida,10588 ,EOA3I31 ,Padron ,2020,P7,0.006575,5.5e-05
D5 ,Pêssego,47031 ,ELU3H68 ,Miniônibus ,2020,P7,0.006575,5.5e-05
D5 ,Pêssego,47035 ,EKU8157 ,Midiônibus ,2020,P7,0.006575,5.5e-05
D5 ,Pêssego,47044 ,FJX9G87 ,Miniônibus ,2020,P7,0.006575,5.5e-05
AR8 ,G Preto,82731 ,ECM6642 ,Padron ,2020,P7,0.006575,5.5e-05
AR8 ,G Preto,82730 ,DZJ6950 ,Padron ,2020,P7,0.006575,5.5e-05
AR1 ,Brigida,10585 ,ECC0J35 ,Padron ,2020,P7,0.006575,5.5e-05
AR8 ,G Preto,82729 ,DLB0639 ,Padron ,2020,P7,0.006575,5.5e-05
AR1 ,Brigida,10556 ,EHH4114 ,Padron ,2020,P7,0.006575,5.5e-05
AR1 ,Brigida,10554 ,EBJ7110 ,Padron ,2020,P7,0.006575,5.5e-05
D6 ,Allibus,45712 ,EEK6239 ,Miniônibus ,2020,P7,0.006575,5.5e-05
D6 ,Allibus,45759 ,BYI5309 ,Midiônibus ,2020,P7,0.006575,5.5e-05
AR1 ,Brigida,10541 ,EHG3210 ,Padron ,2020,P7,0.006575,5.5e-05
AR1 ,Brigida,10542 ,ESR9390 ,Padron ,2020,P7,0.006575,5.5e-05
AR1 ,Brigida,10543 ,BXZ8071 ,Padron ,2020,P7,0.006575,5.5e-05
D6 ,Allibus,45668 ,DEI1C40 ,Miniônibus ,2020,P7,0.006575,5.5e-05
AR1 ,Brigida,10544 ,CAB3520 ,Padron ,2020,P7,0.006575,5.5e-05
D6 ,Allibus,45665 ,GBY1E08 ,Midiônibus ,2020,P7,0.006575,5.5e-05
D6 ,Allibus,45661 ,EUN7E69 ,Miniônibus ,2020,P7,0.006575,5.5e-05
AR1 ,Brigida,10555 ,ERA8231 ,Padron ,2020,P7,0.006575,5.5e-05
AR1 ,Brigida,10545 ,DSI1030 ,Padron ,2020,P7,0.006575,5.5e-05
AR1 ,Brigida,10547 ,EJX8320 ,Padron ,2020,P7,0.006575,5.5e-05
AR1 ,Brigida,10548 ,BRQ0955 ,Padron ,2020,P7,0.006575,5.5e-05
AR1 ,Brigida,10549 ,DEI1330 ,Padron ,2020,P7,0.006575,5.5e-05
AR1 ,Brigida,10550 ,BSY8328 ,Padron ,2020,P7,0.006575,5.5e-05
AR1 ,Brigida,10551 ,DMJ2790 ,Padron ,2020,P7,0.006575,5.5e-05
AR1 ,Brigida,10552 ,BYP9850 ,Padron ,2020,P7,0.006575,5.5e-05
AR1 ,Brigida,10553 ,EBW2790 ,Padron ,2020,P7,0.006575,5.5e-05
D6 ,Allibus,45789 ,EXX8G67 ,Midiônibus ,2020,P7,0.006575,5.5e-05
D5 ,Pêssego,47003 ,BWV3788 ,Midiônibus ,2020,P7,0.006575,5.5e-05
AR1 ,Brigida,10546 ,DEA4360 ,Padron ,2020,P7,0.006575,5.5e-05
D6 ,Allibus,45619 ,DRP7489 ,Miniônibus ,2020,P7,0.006575,5.5e-05
AR8 ,G Preto,82728 ,BYX5171 ,Padron ,2020,P7,0.006575,5.5e-05
D5 ,Pêssego,47061 ,EBG1939 ,Midiônibus ,2020,P7,0.006575,5.5e-05
AR8 ,G Preto,82708 ,ENE8705 ,Padron ,2020,P7,0.006575,5.5e-05
AR8 ,G Preto,82707 ,GIP0898 ,Padron ,2020,P7,0.006575,5.5e-05
AR8 ,G Preto,82706 ,GIJ1606 ,Padron ,2020,P7,0.006575,5.5e-05
AR8 ,G Preto,82705 ,DYF9249 ,Padron ,2020,P7,0.006575,5.5e-05
AR8 ,G Preto,82704 ,EUA5658 ,Padron ,2020,P7,0.006575,5.5e-05
AR8 ,G Preto,82703 ,BRQ9630 ,Padron ,2020,P7,0.006575,5.5e-05
D5 ,Pêssego,47112 ,EJQ6644 ,Midiônibus ,2020,P7,0.006575,5.5e-05
AR8 ,G Preto,82702 ,EXJ2207 ,Padron ,2020,P7,0.006575,5.5e-05
AR8 ,G Preto,82701 ,EFD7448 ,Padron ,2020,P7,0.006575,5.5e-05
AR8 ,G Preto,82709 ,EEV3379 ,Padron ,2020,P7,0.006575,5.5e-05
AR8 ,G Preto,82700 ,ERQ4185 ,Padron ,2020,P7,0.006575,5.5e-05
AR8 ,G Preto,82698 ,EDJ9391 ,Padron ,2020,P7,0.006575,5.5e-05
D5 ,Pêssego,47124 ,GHJ8I45 ,Básico ,2020,P7,0.006575,5.5e-05
AR8 ,G Preto,82697 ,CCU7886 ,Padron ,2020,P7,0.006575,5.5e-05
D5 ,Pêssego,47128 ,FUR8G28 ,Miniônibus ,2020,P7,0.006575,5.5e-05
AR8 ,G Preto,82696 ,BZG5920 ,Padron ,2020,P7,0.006575,5.5e-05
AR8 ,G Preto,82695 ,EDI2687 ,Padron ,2020,P7,0.006575,5.5e-05
AR8 ,G Preto,82694 ,ELK2332 ,Padron ,2020,P7,0.006575,5.5e-05
AR8 ,G Preto,82693 ,CFZ5284 ,Padron ,2020,P7,0.006575,5.5e-05
D6 ,Allibus,45584 ,EXV8J59 ,Miniônibus ,2020,P7,0.006575,5.5e-05
AR8 ,G Preto,82699 ,BWI5493 ,Padron ,2020,P7,0.006575,5.5e-05
D5 ,Pêssego,47102 ,EMA7E68 ,Midiônibus ,2020,P7,0.006575,5.5e-05
AR8 ,G Preto,82710 ,ENU4831 ,Padron ,2020,P7,0.006575,5.5e-05
AR8 ,G Preto,82711 ,EUR9172 ,Padron ,2020,P7,0.006575,5.5e-05
AR8 ,G Preto,82727 ,BXD7538 ,Padron ,2020,P7,0.006575,5.5e-05
D6 ,Allibus,45613 ,DOS6G29 ,Miniônibus ,2020,P7,0.006575,5.5e-05
AR8 ,G Preto,82726 ,EXS2914 ,Padron ,2020,P7,0.006575,5.5e-05
AR8 ,G Preto,82725 ,FWU4476 ,Padron ,2020,P7,0.006575,5.5e-05
AR8 ,G Preto,82724 ,ECO2617 ,Padron ,2020,P7,0.006575,5.5e-05
AR8 ,G Preto,82723 ,BZK4103 ,Padron ,2020,P7,0.006575,5.5e-05
AR8 ,G Preto,82722 ,GCN1467 ,Padron ,2020,P7,0.006575,5.5e-05
AR8 ,G Preto,82721 ,GEI8826 ,Padron ,2020,P7,0.006575,5.5e-05
D6 ,Allibus,45610 ,DUG6B69 ,Miniônibus ,2020,P7,0.006575,5.5e-05
AR8 ,G Preto,82720 ,EKR3051 ,Padron ,2020,P7,0.006575,5.5e-05
AR8 ,G Preto,82719 ,GIX9205 ,Padron ,2020,P7,0.006575,5.5e-05
AR8 ,G Preto,82718 ,FPP7164 ,Padron ,2020,P7,0.006575,5.5e-05
AR8 ,G Preto,82717 ,EIY1752 ,Padron ,2020,P7,0.006575,5.5e-05
AR8 ,G Preto,82716 ,GGJ1613 ,Padron ,2020,P7,0.006575,5.5e-05
D6 ,Allibus,45605 ,DKU7399 ,Miniônibus ,2020,P7,0.006575,5.5e-05
AR8 ,G Preto,82715 ,FKW7513 ,Padron ,2020,P7,0.006575,5.5e-05
D5 ,Pêssego,47091 ,ETQ0547 ,Midiônibus ,2020,P7,0.006575,5.5e-05
AR8 ,G Preto,82714 ,GGM2157 ,Padron ,2020,P7,0.006575,5.5e-05
AR8 ,G Preto,82713 ,FVT7564 ,Padron ,2020,P7,0.006575,5.5e-05
AR8 ,G Preto,82712 ,DLC2977 ,Padron ,2020,P7,0.006575,5.5e-05
D5 ,Pêssego,47097 ,FVH5G65 ,Midiônibus ,2020,P7,0.006575,5.5e-05
E1 ,Brigida,11112 ,EGX9816 ,Articulado ,2020,P7,0.006575,5.5e-05
E1 ,Brigida,11113 ,DQP4253 ,Articulado ,2020,P7,0.006575,5.5e-05
E1 ,Brigida,11114 ,GEG8236 ,Articulado ,2020,P7,0.006575,5.5e-05
E1 ,Brigida,11115 ,FPX2834 ,Articulado ,2020,P7,0.006575,5.5e-05
E8 ,Transppass,81580 ,END9541 ,Padron ,2020,P7,0.006575,5.5e-05
E8 ,Transppass,81578 ,EZB7142 ,Padron ,2020,P7,0.006575,5.5e-05
AR4 ,Express,48057 ,FUD5A49 ,Padron ,2020,P7,0.006575,5.5e-05
AR4 ,Express,48058 ,FVY7B57 ,Padron ,2020,P7,0.006575,5.5e-05
E8 ,Transppass,81576 ,ETA3652 ,Padron ,2020,P7,0.006575,5.5e-05
D6 ,Allibus,45322 ,DCV8H69 ,Midiônibus ,2020,P7,0.006575,5.5e-05
E8 ,Transppass,81574 ,GBX9943 ,Padron ,2020,P7,0.006575,5.5e-05
E8 ,Transppass,81572 ,FPW3823 ,Padron ,2020,P7,0.006575,5.5e-05
E8 ,Transppass,81570 ,GGT4203 ,Padron ,2020,P7,0.006575,5.5e-05
D6 ,Allibus,45325 ,CTR8H49 ,Midiônibus ,2020,P7,0.006575,5.5e-05
E8 ,Transppass,81568 ,EQB2666 ,Padron ,2020,P7,0.006575,5.5e-05
E8 ,Transppass,81566 ,FLP2276 ,Padron ,2020,P7,0.006575,5.5e-05
E8 ,Transppass,81564 ,GHC1378 ,Padron ,2020,P7,0.006575,5.5e-05
E8 ,Transppass,81562 ,EQA7149 ,Padron ,2020,P7,0.006575,5.5e-05
E8 ,Transppass,81560 ,EFC4839 ,Padron ,2020,P7,0.006575,5.5e-05
AR4 ,Express,48075 ,FZM7E27 ,Padron ,2020,P7,0.006575,5.5e-05
AR4 ,Express,48076 ,GFV7D77 ,Padron ,2020,P7,0.006575,5.5e-05
E8 ,Transppass,81558 ,FWP9757 ,Padron ,2020,P7,0.006575,5.5e-05
E8 ,Transppass,81556 ,FJB3767 ,Padron ,2020,P7,0.006575,5.5e-05
E8 ,Transppass,81554 ,FYM5077 ,Padron ,2020,P7,0.006575,5.5e-05
D6 ,Allibus,45318 ,ENU5C69 ,Midiônibus ,2020,P7,0.006575,5.5e-05
E8 ,Transppass,81552 ,GGS8347 ,Padron ,2020,P7,0.006575,5.5e-05
E8 ,Transppass,81582 ,FZV8631 ,Padron ,2020,P7,0.006575,5.5e-05
AR4 ,Express,48048 ,DEL5J92 ,Padron ,2020,P7,0.006575,5.5e-05
D6 ,Allibus,45335 ,ERA3689 ,Miniônibus ,2020,P7,0.006575,5.5e-05
E8 ,Transppass,81606 ,EFH9J58 ,Padron ,2020,P7,0.006575,5.5e-05
AR4 ,Express,48011 ,CUJ6006 ,Padron ,2020,P7,0.006575,5.5e-05
AR4 ,Express,48013 ,FEJ9836 ,Padron ,2020,P7,0.006575,5.5e-05
E8 ,Transppass,81604 ,CUI7C98 ,Padron ,2020,P7,0.006575,5.5e-05
AR4 ,Express,48015 ,GCS1G66 ,Padron ,2020,P7,0.006575,5.5e-05
E8 ,Transppass,81602 ,GAY5F38 ,Padron ,2020,P7,0.006575,5.5e-05
AR4 ,Express,48017 ,GCR6997 ,Padron ,2020,P7,0.006575,5.5e-05
E8 ,Transppass,81600 ,EON0G24 ,Padron ,2020,P7,0.006575,5.5e-05
E8 ,Transppass,81584 ,FEL4D07 ,Padron ,2020,P7,0.006575,5.5e-05
E8 ,Transppass,81598 ,FWP6C94 ,Padron ,2020,P7,0.006575,5.5e-05
E8 ,Transppass,81596 ,FQV2C27 ,Padron ,2020,P7,0.006575,5.5e-05
E8 ,Transppass,81594 ,FWS2H23 ,Padron ,2020,P7,0.006575,5.5e-05
E8 ,Transppass,81592 ,EVP1E63 ,Padron ,2020,P7,0.006575,5.5e-05
AR4 ,Express,48036 ,GGA7J47 ,Padron ,2020,P7,0.006575,5.5e-05
E8 ,Transppass,81590 ,DGI5H61 ,Padron ,2020,P7,0.006575,5.5e-05
AR4 ,Express,48041 ,CIN6G38 ,Padron ,2020,P7,0.006575,5.5e-05
E8 ,Transppass,81588 ,ENS6H31 ,Padron ,2020,P7,0.006575,5.5e-05
AR4 ,Express,48043 ,GJE3E04 ,Padron ,2020,P7,0.006575,5.5e-05
E8 ,Transppass,81586 ,BRY4J77 ,Padron ,2020,P7,0.006575,5.5e-05
D6 ,Allibus,45329 ,DST6C79 ,Midiônibus ,2020,P7,0.006575,5.5e-05
AR4 ,Express,48082 ,FZI5B31 ,Padron ,2020,P7,0.006575,5.5e-05
E8 ,Transppass,81550 ,FUS4627 ,Padron ,2020,P7,0.006575,5.5e-05
AR4 ,Express,48086 ,ENN4F23 ,Padron ,2020,P7,0.006575,5.5e-05
E8 ,Transppass,81508 ,FQS8084 ,Padron ,2020,P7,0.006575,5.5e-05
D6 ,Allibus,45293 ,EUW7189 ,Miniônibus ,2020,P7,0.006575,5.5e-05
AR4 ,Express,48159 ,ELE9I59 ,Padron ,2020,P7,0.006575,5.5e-05
D6 ,Allibus,45291 ,ESP9830 ,Miniônibus ,2020,P7,0.006575,5.5e-05
AR4 ,Express,48163 ,CFZ5I34 ,Articulado ,2020,P7,0.006575,5.5e-05
E8 ,Transppass,81506 ,EOC7893 ,Padron ,2020,P7,0.006575,5.5e-05
E8 ,Transppass,81504 ,GBX6893 ,Padron ,2020,P7,0.006575,5.5e-05
D6 ,Allibus,45290 ,EZS9119 ,Midiônibus ,2020,P7,0.006575,5.5e-05
E8 ,Transppass,81502 ,BRQ7893 ,Padron ,2020,P7,0.006575,5.5e-05
AR4 ,Express,48155 ,FOI4I41 ,Padron ,2020,P7,0.006575,5.5e-05
D6 ,Allibus,45287 ,DLL7E79 ,Miniônibus ,2020,P7,0.006575,5.5e-05
AR4 ,Express,48186 ,GAX2C43 ,Padron ,2020,P7,0.006575,5.5e-05
D6 ,Allibus,45279 ,EJE7759 ,Miniônibus ,2020,P7,0.006575,5.5e-05
D6 ,Allibus,45276 ,EKU8H79 ,Miniônibus ,2020,P7,0.006575,5.5e-05
AR4 ,Express,48194 ,GIM6G27 ,Padron ,2020,P7,0.006575,5.5e-05
AR4 ,Express,48197 ,FNY9A94 ,Padron ,2020,P7,0.006575,5.5e-05
AR4 ,Express,48211 ,FXI2D11 ,Articulado ,2020,P7,0.006575,5.5e-05
AR4 ,Express,48221 ,BIZ8D14 ,Padron ,2020,P7,0.006575,5.5e-05
E8 ,Transppass,81378 ,EZU8438 ,Articulado ,2020,P7,0.006575,5.5e-05
E8 ,Transppass,81377 ,FWT4287 ,Articulado ,2020,P7,0.006575,5.5e-05
AR4 ,Express,48181 ,GEH8H56 ,Padron ,2020,P7,0.006575,5.5e-05
E8 ,Transppass,81510 ,GJG5877 ,Padron ,2020,P7,0.006575,5.5e-05
E8 ,Transppass,81512 ,GAN4037 ,Padron ,2020,P7,0.006575,5.5e-05
AR4 ,Express,48151 ,GFN5D03 ,Padron ,2020,P7,0.006575,5.5e-05
E8 ,Transppass,81548 ,GGP2644 ,Padron ,2020,P7,0.006575,5.5e-05
E8 ,Transppass,81546 ,GJK7194 ,Padron ,2020,P7,0.006575,5.5e-05
D6 ,Allibus,45312 ,GCP9C18 ,Miniônibus ,2020,P7,0.006575,5.5e-05
E8 ,Transppass,81544 ,GBX9974 ,Padron ,2020,P7,0.006575,5.5e-05
E8 ,Transppass,81542 ,EOA9784 ,Padron ,2020,P7,0.006575,5.5e-05
E8 ,Transppass,81538 ,FWT2754 ,Padron ,2020,P7,0.006575,5.5e-05
E8 ,Transppass,81536 ,EZX6194 ,Padron ,2020,P7,0.006575,5.5e-05
E8 ,Transppass,81534 ,FCO3026 ,Padron ,2020,P7,0.006575,5.5e-05
AR4 ,Express,48103 ,FEE2H71 ,Padron ,2020,P7,0.006575,5.5e-05
E8 ,Transppass,81532 ,GDH7166 ,Padron ,2020,P7,0.006575,5.5e-05
E8 ,Transppass,81530 ,GCD6824 ,Padron ,2020,P7,0.006575,5.5e-05
D6 ,Allibus,45304 ,CSA6319 ,Miniônibus ,2020,P7,0.006575,5.5e-05
E8 ,Transppass,81528 ,FFI2734 ,Padron ,2020,P7,0.006575,5.5e-05
E8 ,Transppass,81526 ,GEU8274 ,Padron ,2020,P7,0.006575,5.5e-05
E8 ,Transppass,81524 ,DWO8209 ,Padron ,2020,P7,0.006575,5.5e-05
E8 ,Transppass,81522 ,DGA0539 ,Padron ,2020,P7,0.006575,5.5e-05
E8 ,Transppass,81520 ,EXB7762 ,Padron ,2020,P7,0.006575,5.5e-05
E8 ,Transppass,81518 ,FOR1687 ,Padron ,2020,P7,0.006575,5.5e-05
E8 ,Transppass,81516 ,EVW6377 ,Padron ,2020,P7,0.006575,5.5e-05
E8 ,Transppass,81515 ,EMR8942 ,Padron ,2020,P7,0.006575,5.5e-05
E8 ,Transppass,81514 ,FYF6807 ,Padron ,2020,P7,0.006575,5.5e-05
AR4 ,Express,48006 ,FDS5221 ,Padron ,2020,P7,0.006575,5.5e-05
AR4 ,Express,48230 ,GIP6F77 ,Padron ,2020,P7,0.006575,5.5e-05
E8 ,Transppass,81608 ,CUL5H49 ,Padron ,2020,P7,0.006575,5.5e-05
E8 ,Transppass,81610 ,DRN6I19 ,Padron ,2020,P7,0.006575,5.5e-05
E1 ,Brigida,11534 ,EGA6924 ,Padron ,2020,P7,0.006575,5.5e-05
D5 ,Pêssego,47605 ,EEW6222 ,Midiônibus ,2020,P7,0.006575,5.5e-05
E1 ,Brigida,11535 ,DYA7210 ,Padron ,2020,P7,0.006575,5.5e-05
E1 ,Brigida,11536 ,EVA8680 ,Padron ,2020,P7,0.006575,5.5e-05
E1 ,Brigida,11537 ,DYH9920 ,Padron ,2020,P7,0.006575,5.5e-05
E1 ,Brigida,11538 ,BSX8709 ,Padron ,2020,P7,0.006575,5.5e-05
E1 ,Brigida,11539 ,DES7590 ,Padron ,2020,P7,0.006575,5.5e-05
E1 ,Brigida,11540 ,DAE4519 ,Padron ,2020,P7,0.006575,5.5e-05
D5 ,Pêssego,47616 ,EFH9666 ,Midiônibus ,2020,P7,0.006575,5.5e-05
D5 ,Pêssego,47600 ,EQT5H79 ,Miniônibus ,2020,P7,0.006575,5.5e-05
E1 ,Brigida,11561 ,EQQ5470 ,Padron ,2020,P7,0.006575,5.5e-05
E1 ,Brigida,11563 ,ENB1481 ,Padron ,2020,P7,0.006575,5.5e-05
D5 ,Pêssego,47631 ,FPP7A58 ,Básico ,2020,P7,0.006575,5.5e-05
E1 ,Brigida,11564 ,GIV7968 ,Padron ,2020,P7,0.006575,5.5e-05
E1 ,Brigida,11565 ,BZK9535 ,Padron ,2020,P7,0.006575,5.5e-05
D6 ,Allibus,45399 ,DWT0F49 ,Midiônibus ,2020,P7,0.006575,5.5e-05
D5 ,Pêssego,47648 ,CFZ5F45 ,Midiônibus ,2020,P7,0.006575,5.5e-05
E1 ,Brigida,11566 ,GEV4974 ,Padron ,2020,P7,0.006575,5.5e-05
D6 ,Allibus,45393 ,GEH1I93 ,Miniônibus ,2020,P7,0.006575,5.5e-05
E1 ,Brigida,11567 ,GDK1501 ,Padron ,2020,P7,0.006575,5.5e-05
E1 ,Brigida,11562 ,ENN8025 ,Padron ,2020,P7,0.006575,5.5e-05
E1 ,Brigida,11568 ,ELE8204 ,Padron ,2020,P7,0.006575,5.5e-05
D6 ,Allibus,45412 ,BYW4060 ,Midiônibus ,2020,P7,0.006575,5.5e-05
E1 ,Brigida,11532 ,ELO2590 ,Padron ,2020,P7,0.006575,5.5e-05
D6 ,Allibus,45451 ,ELL7E39 ,Midiônibus ,2020,P7,0.006575,5.5e-05
D5 ,Pêssego,47394 ,BRQ7C94 ,Midiônibus ,2020,P7,0.006575,5.5e-05
D6 ,Allibus,45448 ,EXN2710 ,Midiônibus ,2020,P7,0.006575,5.5e-05
D6 ,Allibus,45445 ,FMI8C55 ,Miniônibus ,2020,P7,0.006575,5.5e-05
D6 ,Allibus,45436 ,EVV4469 ,Midiônibus ,2020,P7,0.006575,5.5e-05
D5 ,Pêssego,47554 ,FYV8F88 ,Midiônibus ,2020,P7,0.006575,5.5e-05
D5 ,Pêssego,47561 ,GJP5G67 ,Miniônibus ,2020,P7,0.006575,5.5e-05
D6 ,Allibus,45424 ,DOM4J19 ,Midiônibus ,2020,P7,0.006575,5.5e-05
E1 ,Brigida,11521 ,EDI9J63 ,Padron ,2020,P7,0.006575,5.5e-05
E1 ,Brigida,11533 ,DRQ7380 ,Padron ,2020,P7,0.006575,5.5e-05
E1 ,Brigida,11522 ,BYP7019 ,Padron ,2020,P7,0.006575,5.5e-05
E1 ,Brigida,11524 ,BXU2089 ,Padron ,2020,P7,0.006575,5.5e-05
E1 ,Brigida,11525 ,ERO9168 ,Padron ,2020,P7,0.006575,5.5e-05
E1 ,Brigida,11526 ,FUC6494 ,Padron ,2020,P7,0.006575,5.5e-05
D6 ,Allibus,45417 ,DBC5811 ,Miniônibus ,2020,P7,0.006575,5.5e-05
E1 ,Brigida,11527 ,EWD3778 ,Padron ,2020,P7,0.006575,5.5e-05
E1 ,Brigida,11528 ,GFF4158 ,Padron ,2020,P7,0.006575,5.5e-05
E1 ,Brigida,11529 ,EQP9480 ,Padron ,2020,P7,0.006575,5.5e-05
E1 ,Brigida,11530 ,EZE6638 ,Padron ,2020,P7,0.006575,5.5e-05
E1 ,Brigida,11531 ,CSE0480 ,Padron ,2020,P7,0.006575,5.5e-05
E1 ,Brigida,11523 ,FXU3568 ,Padron ,2020,P7,0.006575,5.5e-05
E1 ,Brigida,11569 ,EFO6384 ,Padron ,2020,P7,0.006575,5.5e-05
E1 ,Brigida,11570 ,EOX2056 ,Padron ,2020,P7,0.006575,5.5e-05
E1 ,Brigida,11571 ,DXG7J40 ,Padron ,2020,P7,0.006575,5.5e-05
D5 ,Pêssego,47754 ,FUK3405 ,Midiônibus ,2020,P7,0.006575,5.5e-05
D5 ,Pêssego,47761 ,EOD0608 ,Miniônibus ,2020,P7,0.006575,5.5e-05
D5 ,Pêssego,47771 ,FOL9C75 ,Midiônibus ,2020,P7,0.006575,5.5e-05
D5 ,Pêssego,47784 ,FCS7D08 ,Miniônibus ,2020,P7,0.006575,5.5e-05
D5 ,Pêssego,47788 ,FWZ7J86 ,Miniônibus ,2020,P7,0.006575,5.5e-05
D5 ,Pêssego,47793 ,GDQ6A27 ,Miniônibus ,2020,P7,0.006575,5.5e-05
D5 ,Pêssego,47795 ,CQU9748 ,Midiônibus ,2020,P7,0.006575,5.5e-05
D5 ,Pêssego,47796 ,GCQ0J97 ,Midiônibus ,2020,P7,0.006575,5.5e-05
D5 ,Pêssego,47797 ,EWD9A36 ,Miniônibus ,2020,P7,0.006575,5.5e-05
AR8 ,G Preto,82002 ,GCW2F33 ,Padron ,2020,P7,0.006575,5.5e-05
D5 ,Pêssego,47798 ,BKU5869 ,Miniônibus ,2020,P7,0.006575,5.5e-05
D6 ,Allibus,45349 ,BTZ3070 ,Midiônibus ,2020,P7,0.006575,5.5e-05
D5 ,Pêssego,47820 ,FKS4F24 ,Básico ,2020,P7,0.006575,5.5e-05
D5 ,Pêssego,47821 ,ESW5905 ,Midiônibus ,2020,P7,0.006575,5.5e-05
D5 ,Pêssego,47823 ,GCT6741 ,Midiônibus ,2020,P7,0.006575,5.5e-05
D6 ,Allibus,45345 ,EUZ7F19 ,Miniônibus ,2020,P7,0.006575,5.5e-05
D5 ,Pêssego,47839 ,BYX8638 ,Miniônibus ,2020,P7,0.006575,5.5e-05
E8 ,Transppass,81616 ,FWB8C62 ,Padron ,2020,P7,0.006575,5.5e-05
E8 ,Transppass,81614 ,BVT6D92 ,Padron ,2020,P7,0.006575,5.5e-05
E8 ,Transppass,81612 ,CUE7D09 ,Padron ,2020,P7,0.006575,5.5e-05
D6 ,Allibus,45351 ,EGX4430 ,Miniônibus ,2020,P7,0.006575,5.5e-05
D5 ,Pêssego,47736 ,GGD4666 ,Midiônibus ,2020,P7,0.006575,5.5e-05
D6 ,Allibus,45368 ,FGN9328 ,Miniônibus ,2020,P7,0.006575,5.5e-05
D5 ,Pêssego,47730 ,EYX0065 ,Midiônibus ,2020,P7,0.006575,5.5e-05
D6 ,Allibus,45388 ,ETA8579 ,Miniônibus ,2020,P7,0.006575,5.5e-05
E1 ,Brigida,11572 ,EZD9G90 ,Padron ,2020,P7,0.006575,5.5e-05
E1 ,Brigida,11573 ,BYY4I70 ,Padron ,2020,P7,0.006575,5.5e-05
D5 ,Pêssego,47676 ,EHH1463 ,Midiônibus ,2020,P7,0.006575,5.5e-05
D5 ,Pêssego,47678 ,GHH1D15 ,Miniônibus ,2020,P7,0.006575,5.5e-05
E1 ,Brigida,11574 ,EZQ9D80 ,Padron ,2020,P7,0.006575,5.5e-05
D5 ,Pêssego,47685 ,ELU5965 ,Midiônibus ,2020,P7,0.006575,5.5e-05
E1 ,Brigida,11575 ,ENU1J49 ,Padron ,2020,P7,0.006575,5.5e-05
D6 ,Allibus,45380 ,EXJ3E39 ,Midiônibus ,2020,P7,0.006575,5.5e-05
D5 ,Pêssego,47691 ,ESQ0057 ,Midiônibus ,2020,P7,0.006575,5.5e-05
D5 ,Pêssego,47696 ,FIY8B68 ,Básico ,2020,P7,0.006575,5.5e-05
E1 ,Brigida,11576 ,EUW7B20 ,Padron ,2020,P7,0.006575,5.5e-05
E1 ,Brigida,11577 ,FRL3G29 ,Padron ,2020,P7,0.006575,5.5e-05
D6 ,Allibus,45378 ,EZO9H69 ,Miniônibus ,2020,P7,0.006575,5.5e-05
D5 ,Pêssego,47704 ,ERA8805 ,Midiônibus ,2020,P7,0.006575,5.5e-05
E1 ,Brigida,11578 ,ERA9H44 ,Padron ,2020,P7,0.006575,5.5e-05
E1 ,Brigida,11579 ,EOC6I90 ,Padron ,2020,P7,0.006575,5.5e-05
E1 ,Brigida,11580 ,BVS2B59 ,Padron ,2020,P7,0.006575,5.5e-05
D6 ,Allibus,45373 ,BMR8728 ,Midiônibus ,2020,P7,0.006575,5.5e-05
D6 ,Allibus,45370 ,EBO2B39 ,Midiônibus ,2020,P7,0.006575,5.5e-05
D5 ,Pêssego,47725 ,EMY6679 ,Miniônibus ,2020,P7,0.006575,5.5e-05
AR4 ,Express,48003 ,FPB1323 ,Padron ,2020,P7,0.006575,5.5e-05
D1 ,D1,15171 ,EXN2H37 ,Miniônibus ,2020,P7,0.006575,5.5e-05
D12 ,Transcap,85646 ,EXR8943 ,Midiônibus ,2020,P7,0.006575,5.5e-05
E4 ,Via Sudeste,52055 ,EQP8H24 ,Padron ,2020,P7,0.006575,5.5e-05
D11 ,Transwolff,78299 ,EGK4910 ,Midiônibus ,2020,P7,0.006575,5.5e-05
D1 ,Norte Buss,16108 ,GJE1B65 ,Miniônibus ,2020,P7,0.006575,5.5e-05
D11 ,Transwolff,78684 ,DHB0C98 ,Midiônibus ,2020,P7,0.006575,5.5e-05
D11 ,Transwolff,78687 ,FJM7159 ,Básico ,2020,P7,0.006575,5.5e-05
D1 ,Norte Buss,16109 ,DML9319 ,Miniônibus ,2020,P7,0.006575,5.5e-05
D11 ,Transwolff,78495 ,EXJ4D79 ,Básico ,2020,P7,0.006575,5.5e-05
D11 ,Transwolff,78695 ,FXU6H06 ,Midiônibus ,2020,P7,0.006575,5.5e-05
D11 ,Transwolff,78696 ,BQY6A77 ,Midiônibus ,2020,P7,0.006575,5.5e-05
D4 ,Alfa Rodobus SPE,35817 ,DKI4685 ,Midiônibus ,2020,P7,0.006575,5.5e-05
D11 ,Transwolff,78699 ,DEF9B62 ,Midiônibus ,2020,P7,0.006575,5.5e-05
D4 ,Alfa Rodobus SPE,35816 ,CTR6352 ,Miniônibus ,2020,P7,0.006575,5.5e-05
D8 ,Movebuss,55091 ,ELO7J36 ,Midiônibus ,2020,P7,0.006575,5.5e-05
D8 ,Movebuss,55093 ,FCO4J21 ,Básico ,2020,P7,0.006575,5.5e-05
D4 ,Alfa Rodobus SPE,35808 ,EVW2708 ,Midiônibus ,2020,P7,0.006575,5.5e-05
D8 ,Movebuss,55098 ,DSS7D09 ,Midiônibus ,2020,P7,0.006575,5.5e-05
D4 ,Alfa Rodobus SPE,35928 ,FVY3934 ,Midiônibus ,2020,P7,0.006575,5.5e-05
D11 ,Transwolff,78713 ,FKB0H83 ,Midiônibus ,2020,P7,0.006575,5.5e-05
D4 ,Alfa Rodobus SPE,35803 ,FPO4414 ,Midiônibus ,2020,P7,0.006575,5.5e-05
D4 ,Alfa Rodobus SPE,35802 ,FYZ7B81 ,Midiônibus ,2020,P7,0.006575,5.5e-05
D11 ,Transwolff,78303 ,EMU3879 ,Midiônibus ,2020,P7,0.006575,5.5e-05
D4 ,Alfa Rodobus SPE,35799 ,FXO9B51 ,Midiônibus ,2020,P7,0.006575,5.5e-05
D11 ,Transwolff,78665 ,GAK0C21 ,Básico ,2020,P7,0.006575,5.5e-05
D1 ,Norte Buss,16116 ,FIJ6416 ,Miniônibus ,2020,P7,0.006575,5.5e-05
D11 ,Transwolff,78664 ,EQY7850 ,Midiônibus ,2020,P7,0.006575,5.5e-05
D4 ,Alfa Rodobus SPE,35820 ,FWW1372 ,Midiônibus ,2020,P7,0.006575,5.5e-05
D11 ,Transwolff,78202 ,CMJ4659 ,Básico ,2020,P7,0.006575,5.5e-05
D4 ,Alfa Rodobus SPE,35829 ,ENN4851 ,Miniônibus ,2020,P7,0.006575,5.5e-05
D11 ,Transwolff,78594 ,GDD2238 ,Midiônibus ,2020,P7,0.006575,5.5e-05
D11 ,Transwolff,78298 ,FPX1H53 ,Básico ,2020,P7,0.006575,5.5e-05
D8 ,Movebuss,55073 ,CTS2124 ,Midiônibus ,2020,P7,0.006575,5.5e-05
D11 ,Transwolff,78604 ,GGH2I05 ,Básico ,2020,P7,0.006575,5.5e-05
D8 ,Movebuss,55075 ,DRQ1985 ,Midiônibus ,2020,P7,0.006575,5.5e-05
D13 ,Alfa Rodobus,86303 ,CDR8D55 ,Midiônibus ,2020,P7,0.006575,5.5e-05
D11 ,Transwolff,78193 ,BYY3326 ,Midiônibus ,2020,P7,0.006575,5.5e-05
D1 ,D1,15204 ,DKH6A99 ,Miniônibus ,2020,P7,0.006575,5.5e-05
D13 ,Alfa Rodobus,86308 ,EXW4B67 ,Midiônibus ,2020,P7,0.006575,5.5e-05
D8 ,Movebuss,55079 ,ENG5D31 ,Básico ,2020,P7,0.006575,5.5e-05
D11 ,Transwolff,78631 ,ESL5C74 ,Básico ,2020,P7,0.006575,5.5e-05
D1 ,Norte Buss,16106 ,BRQ4006 ,Miniônibus ,2020,P7,0.006575,5.5e-05
D11 ,Transwolff,78632 ,EEY7B59 ,Básico ,2020,P7,0.006575,5.5e-05
D11 ,Transwolff,78645 ,GJD9268 ,Básico ,2020,P7,0.006575,5.5e-05
D11 ,Transwolff,78499 ,GCT9C84 ,Básico ,2020,P7,0.006575,5.5e-05
D11 ,Transwolff,78191 ,DER8407 ,Midiônibus ,2020,P7,0.006575,5.5e-05
D4 ,Alfa Rodobus SPE,35824 ,GKE0F61 ,Midiônibus ,2020,P7,0.006575,5.5e-05
D8 ,Movebuss,55083 ,ESV3J29 ,Midiônibus ,2020,P7,0.006575,5.5e-05
D11 ,Transwolff,78659 ,FZH2E98 ,Básico ,2020,P7,0.006575,5.5e-05
D11 ,Transwolff,78662 ,ECU9I40 ,Básico ,2020,P7,0.006575,5.5e-05
D11 ,Transwolff,78203 ,GCI0B68 ,Básico ,2020,P7,0.006575,5.5e-05
D11 ,Transwolff,78313 ,EBM1B29 ,Básico ,2020,P7,0.006575,5.5e-05
D11 ,Transwolff,78314 ,GAJ7747 ,Básico ,2020,P7,0.006575,5.5e-05
D11 ,Transwolff,78133 ,DRE6G79 ,Midiônibus ,2020,P7,0.006575,5.5e-05
D1 ,Norte Buss,16133 ,BYQ3E86 ,Miniônibus ,2020,P7,0.006575,5.5e-05
D1 ,Norte Buss,16134 ,EXR3194 ,Miniônibus ,2020,P7,0.006575,5.5e-05
D1 ,Norte Buss,16135 ,FHV4395 ,Miniônibus ,2020,P7,0.006575,5.5e-05
D1 ,Norte Buss,16041 ,FXD3351 ,Miniônibus ,2020,P7,0.006575,5.5e-05
D4 ,Alfa Rodobus SPE,35785 ,ECG9368 ,Miniônibus ,2020,P7,0.006575,5.5e-05
D4 ,Alfa Rodobus SPE,35784 ,FNS6E98 ,Midiônibus ,2020,P7,0.006575,5.5e-05
D11 ,Transwolff,78485 ,ENN4H69 ,Básico ,2020,P7,0.006575,5.5e-05
D8 ,Movebuss,55138 ,DRQ6G62 ,Midiônibus ,2020,P7,0.006575,5.5e-05
D1 ,Norte Buss,16036 ,BPH2836 ,Miniônibus ,2020,P7,0.006575,5.5e-05
D11 ,Transwolff,78362 ,EOA6B74 ,Básico ,2020,P7,0.006575,5.5e-05
D1 ,Norte Buss,16035 ,ELU2163 ,Miniônibus ,2020,P7,0.006575,5.5e-05
D4 ,Alfa Rodobus SPE,35783 ,GGH8402 ,Midiônibus ,2020,P7,0.006575,5.5e-05
D11 ,Transwolff,78484 ,FPO5138 ,Midiônibus ,2020,P7,0.006575,5.5e-05
D4 ,Alfa Rodobus SPE,35781 ,DWH5461 ,Midiônibus ,2020,P7,0.006575,5.5e-05
D11 ,Transwolff,78126 ,ERY6960 ,Midiônibus ,2020,P7,0.006575,5.5e-05
D1 ,Norte Buss,16032 ,BHO8I16 ,Miniônibus ,2020,P7,0.006575,5.5e-05
D4 ,Alfa Rodobus SPE,35778 ,FKD1524 ,Midiônibus ,2020,P7,0.006575,5.5e-05
D1 ,Norte Buss,16136 ,EMX4396 ,Miniônibus ,2020,P7,0.006575,5.5e-05
D1 ,Norte Buss,16029 ,CUB7J52 ,Miniônibus ,2020,P7,0.006575,5.5e-05
D4 ,Alfa Rodobus SPE,35774 ,FIK3C59 ,Midiônibus ,2020,P7,0.006575,5.5e-05
D1 ,Norte Buss,16042 ,DXH9182 ,Miniônibus ,2020,P7,0.006575,5.5e-05
D1 ,Norte Buss,16117 ,BPO2G59 ,Miniônibus ,2020,P7,0.006575,5.5e-05
D4 ,Alfa Rodobus SPE,35786 ,DZH8921 ,Midiônibus ,2020,P7,0.006575,5.5e-05
D1 ,Norte Buss,16128 ,DBX9308 ,Miniônibus ,2020,P7,0.006575,5.5e-05
D4 ,Alfa Rodobus SPE,35795 ,GJV9G53 ,Midiônibus ,2020,P7,0.006575,5.5e-05
D1 ,Norte Buss,16055 ,GBH8115 ,Miniônibus ,2020,P7,0.006575,5.5e-05
D11 ,Transwolff,78718 ,GJD0A53 ,Midiônibus ,2020,P7,0.006575,5.5e-05
D1 ,Norte Buss,16054 ,FSP2774 ,Miniônibus ,2020,P7,0.006575,5.5e-05
D11 ,Transwolff,78330 ,EVE3168 ,Midiônibus ,2020,P7,0.006575,5.5e-05
D13 ,Alfa Rodobus,86321 ,BYY8C19 ,Midiônibus ,2020,P7,0.006575,5.5e-05
D1 ,Norte Buss,16119 ,EXV6409 ,Miniônibus ,2020,P7,0.006575,5.5e-05
D4 ,Alfa Rodobus SPE,35793 ,EXW4113 ,Midiônibus ,2020,P7,0.006575,5.5e-05
D11 ,Transwolff,78154 ,COB8909 ,Básico ,2020,P7,0.006575,5.5e-05
D1 ,Norte Buss,16048 ,EXX6603 ,Miniônibus ,2020,P7,0.006575,5.5e-05
D11 ,Transwolff,78148 ,ELI9168 ,Midiônibus ,2020,P7,0.006575,5.5e-05
D8 ,Movebuss,55117 ,EME2749 ,Midiônibus ,2020,P7,0.006575,5.5e-05
D8 ,Movebuss,55119 ,DAT8B59 ,Midiônibus ,2020,P7,0.006575,5.5e-05
D4 ,Alfa Rodobus SPE,35792 ,EQK1J24 ,Midiônibus ,2020,P7,0.006575,5.5e-05
D1 ,Norte Buss,16047 ,FVD7347 ,Miniônibus ,2020,P7,0.006575,5.5e-05
D11 ,Transwolff,78144 ,BZG5680 ,Midiônibus ,2020,P7,0.006575,5.5e-05
D3 ,Transunião ,36180 ,EYA7D90 ,Midiônibus ,2020,P7,0.006575,5.5e-05
D11 ,Transwolff,78525 ,EBO4H18 ,Básico ,2020,P7,0.006575,5.5e-05
D1 ,Norte Buss,16044 ,FYX6C81 ,Miniônibus ,2020,P7,0.006575,5.5e-05
D11 ,Transwolff,78143 ,EPH1900 ,Midiônibus ,2020,P7,0.006575,5.5e-05
D1 ,Norte Buss,16125 ,FPB5135 ,Miniônibus ,2020,P7,0.006575,5.5e-05
D11 ,Transwolff,78138 ,EEV8759 ,Midiônibus ,2020,P7,0.006575,5.5e-05
D4 ,Alfa Rodobus SPE,35772 ,ENN4026 ,Midiônibus ,2020,P7,0.006575,5.5e-05
D1 ,Norte Buss,16058 ,EYX4678 ,Miniônibus ,2020,P7,0.006575,5.5e-05
D13 ,Alfa Rodobus,86274 ,DAB7D89 ,Midiônibus ,2020,P7,0.006575,5.5e-05
D8 ,Movebuss,55027 ,CPB4661 ,Midiônibus ,2020,P7,0.006575,5.5e-05
D4 ,Alfa Rodobus SPE,35915 ,GBI6D59 ,Midiônibus ,2020,P7,0.006575,5.5e-05
D11 ,Transwolff,78237 ,EPU8329 ,Midiônibus ,2020,P7,0.006575,5.5e-05
D11 ,Transwolff,78235 ,CUJ1E20 ,Básico ,2020,P7,0.006575,5.5e-05
D13 ,Alfa Rodobus,86210 ,GGE5D96 ,Midiônibus ,2020,P7,0.006575,5.5e-05
D11 ,Transwolff,78281 ,GCH4908 ,Midiônibus ,2020,P7,0.006575,5.5e-05
D11 ,Transwolff,78282 ,EQC0G49 ,Midiônibus ,2020,P7,0.006575,5.5e-05
D13 ,Alfa Rodobus,86201 ,EXU0E75 ,Midiônibus ,2020,P7,0.006575,5.5e-05
D1 ,Norte Buss,16088 ,ESR8458 ,Miniônibus ,2020,P7,0.006575,5.5e-05
D11 ,Transwolff,78224 ,GGI1B73 ,Básico ,2020,P7,0.006575,5.5e-05
D11 ,Transwolff,78286 ,ENS2E49 ,Básico ,2020,P7,0.006575,5.5e-05
D1 ,Norte Buss,16063 ,EHH5E48 ,Miniônibus ,2020,P7,0.006575,5.5e-05
D1 ,Norte Buss,16090 ,EZU8411 ,Miniônibus ,2020,P7,0.006575,5.5e-05
D11 ,Transwolff,78222 ,CUK8833 ,Midiônibus ,2020,P7,0.006575,5.5e-05
D1 ,Norte Buss,16091 ,GIX9C91 ,Miniônibus ,2020,P7,0.006575,5.5e-05
E4 ,Via Sudeste,52078 ,CDZ7510 ,Padron ,2020,P7,0.006575,5.5e-05
E4 ,Via Sudeste,52077 ,DCF7B09 ,Padron ,2020,P7,0.006575,5.5e-05
E4 ,Via Sudeste,52076 ,CUI4128 ,Padron ,2020,P7,0.006575,5.5e-05
E4 ,Via Sudeste,52075 ,GEB3187 ,Padron ,2020,P7,0.006575,5.5e-05
E4 ,Via Sudeste,52074 ,EXI0616 ,Padron ,2020,P7,0.006575,5.5e-05
E4 ,Via Sudeste,52073 ,FJJ0785 ,Padron ,2020,P7,0.006575,5.5e-05
D11 ,Transwolff,78273 ,DZC5540 ,Básico ,2020,P7,0.006575,5.5e-05
E4 ,Via Sudeste,52072 ,FPY8584 ,Padron ,2020,P7,0.006575,5.5e-05
D1 ,Norte Buss,16074 ,FJP8I14 ,Miniônibus ,2020,P7,0.006575,5.5e-05
D1 ,Norte Buss,16077 ,FUZ3397 ,Miniônibus ,2020,P7,0.006575,5.5e-05
D4 ,Alfa Rodobus SPE,35900 ,FNU2368 ,Midiônibus ,2020,P7,0.006575,5.5e-05
D1 ,Norte Buss,16082 ,BZL6J71 ,Miniônibus ,2020,P7,0.006575,5.5e-05
D1 ,Norte Buss,16084 ,EEN4E34 ,Miniônibus ,2020,P7,0.006575,5.5e-05
D11 ,Transwolff,78247 ,CQU7730 ,Básico ,2020,P7,0.006575,5.5e-05
D1 ,D1,15246 ,FWQ5833 ,Miniônibus ,2020,P7,0.006575,5.5e-05
D11 ,Transwolff,78544 ,GJA8J58 ,Básico ,2020,P7,0.006575,5.5e-05
D1 ,D1,15236 ,GCA4H76 ,Básico ,2020,P7,0.006575,5.5e-05
D11 ,Transwolff,78547 ,GFH7G85 ,Básico ,2020,P7,0.006575,5.5e-05
D11 ,Transwolff,78548 ,EZN9H86 ,Básico ,2020,P7,0.006575,5.5e-05
D4 ,Alfa Rodobus SPE,35852 ,BWA8E79 ,Midiônibus ,2020,P7,0.006575,5.5e-05
D4 ,Alfa Rodobus SPE,35903 ,ECC1654 ,Midiônibus ,2020,P7,0.006575,5.5e-05
D1 ,D1,15235 ,DZD4530 ,Básico ,2020,P7,0.006575,5.5e-05
D1 ,D1,15249 ,EBH7780 ,Miniônibus ,2020,P7,0.006575,5.5e-05
D1 ,Norte Buss,16079 ,DPF2129 ,Miniônibus ,2020,P7,0.006575,5.5e-05
D11 ,Transwolff,78501 ,EVW2I69 ,Básico ,2020,P7,0.006575,5.5e-05
D11 ,Transwolff,78553 ,EHY1992 ,Midiônibus ,2020,P7,0.006575,5.5e-05
D1 ,D1,15234 ,DRT1G32 ,Básico ,2020,P7,0.006575,5.5e-05
D11 ,Transwolff,78500 ,GJA4138 ,Básico ,2020,P7,0.006575,5.5e-05
D11 ,Transwolff,78557 ,EQY5469 ,Midiônibus ,2020,P7,0.006575,5.5e-05
D11 ,Transwolff,78558 ,EBA1349 ,Midiônibus ,2020,P7,0.006575,5.5e-05
D1 ,Norte Buss,16078 ,GDO7J28 ,Miniônibus ,2020,P7,0.006575,5.5e-05
D1 ,D1,15233 ,GHJ4C18 ,Básico ,2020,P7,0.006575,5.5e-05
D1 ,Norte Buss,16096 ,CII9H99 ,Miniônibus ,2020,P7,0.006575,5.5e-05
E4 ,Via Sudeste,52071 ,GGB9983 ,Padron ,2020,P7,0.006575,5.5e-05
E4 ,Via Sudeste,52069 ,FNH8731 ,Padron ,2020,P7,0.006575,5.5e-05
D4 ,Alfa Rodobus SPE,35833 ,EQK0J02 ,Midiônibus ,2020,P7,0.006575,5.5e-05
D4 ,Alfa Rodobus SPE,35831 ,CQU5888 ,Midiônibus ,2020,P7,0.006575,5.5e-05
E4 ,Via Sudeste,52045 ,ESR4316 ,Padron ,2020,P7,0.006575,5.5e-05
E4 ,Via Sudeste,52044 ,CUN8145 ,Padron ,2020,P7,0.006575,5.5e-05
E4 ,Via Sudeste,52043 ,EQM6434 ,Padron ,2020,P7,0.006575,5.5e-05
E4 ,Via Sudeste,52042 ,FME9813 ,Padron ,2020,P7,0.006575,5.5e-05
E4 ,Via Sudeste,52041 ,BZQ3852 ,Padron ,2020,P7,0.006575,5.5e-05
E4 ,Via Sudeste,52040 ,BYI8821 ,Padron ,2020,P7,0.006575,5.5e-05
E4 ,Via Sudeste,52039 ,DEU8450 ,Padron ,2020,P7,0.006575,5.5e-05
E4 ,Via Sudeste,52038 ,BYJ5823 ,Padron ,2020,P7,0.006575,5.5e-05
E4 ,Via Sudeste,52037 ,CCU7630 ,Padron ,2020,P7,0.006575,5.5e-05
E4 ,Via Sudeste,52036 ,BPO5782 ,Padron ,2020,P7,0.006575,5.5e-05
D4 ,Alfa Rodobus SPE,35927 ,EXS0352 ,Midiônibus ,2020,P7,0.006575,5.5e-05
E4 ,Via Sudeste,52035 ,CDR9795 ,Padron ,2020,P7,0.006575,5.5e-05
E4 ,Via Sudeste,52034 ,BXI6370 ,Padron ,2020,P7,0.006575,5.5e-05
E4 ,Via Sudeste,52033 ,BLE6454 ,Padron ,2020,P7,0.006575,5.5e-05
E4 ,Via Sudeste,52032 ,BYQ8704 ,Padron ,2020,P7,0.006575,5.5e-05
E4 ,Via Sudeste,52031 ,DVI8390 ,Padron ,2020,P7,0.006575,5.5e-05
D8 ,Movebuss,55014 ,BSZ9311 ,Midiônibus ,2020,P7,0.006575,5.5e-05
D11 ,Transwolff,78585 ,EUW3I69 ,Básico ,2020,P7,0.006575,5.5e-05
D8 ,Movebuss,55013 ,EGG2096 ,Midiônibus ,2020,P7,0.006575,5.5e-05
D4 ,Alfa Rodobus SPE,35834 ,GGQ7I12 ,Midiônibus ,2020,P7,0.006575,5.5e-05
E4 ,Via Sudeste,52070 ,DYJ9332 ,Padron ,2020,P7,0.006575,5.5e-05
D4 ,Alfa Rodobus SPE,35835 ,FVJ5H93 ,Midiônibus ,2020,P7,0.006575,5.5e-05
D8 ,Movebuss,55057 ,EXV1980 ,Básico ,2020,P7,0.006575,5.5e-05
E4 ,Via Sudeste,52068 ,ETQ1360 ,Padron ,2020,P7,0.006575,5.5e-05
E4 ,Via Sudeste,52067 ,GAJ1733 ,Padron ,2020,P7,0.006575,5.5e-05
D1 ,Norte Buss,16092 ,BXQ4B59 ,Miniônibus ,2020,P7,0.006575,5.5e-05
E4 ,Via Sudeste,52066 ,DIA9842 ,Padron ,2020,P7,0.006575,5.5e-05
E4 ,Via Sudeste,52065 ,CUL6271 ,Padron ,2020,P7,0.006575,5.5e-05
E4 ,Via Sudeste,52064 ,DET6590 ,Padron ,2020,P7,0.006575,5.5e-05
E4 ,Via Sudeste,52063 ,BRY9059 ,Padron ,2020,P7,0.006575,5.5e-05
E4 ,Via Sudeste,52062 ,ETV4528 ,Padron ,2020,P7,0.006575,5.5e-05
E4 ,Via Sudeste,52061 ,ELM0597 ,Padron ,2020,P7,0.006575,5.5e-05
E4 ,Via Sudeste,52060 ,FMW9286 ,Padron ,2020,P7,0.006575,5.5e-05
E4 ,Via Sudeste,52059 ,EKU8F88 ,Padron ,2020,P7,0.006575,5.5e-05
E4 ,Via Sudeste,52058 ,EPA1E37 ,Padron ,2020,P7,0.006575,5.5e-05
E4 ,Via Sudeste,52057 ,GFS7I26 ,Padron ,2020,P7,0.006575,5.5e-05
E4 ,Via Sudeste,52056 ,CUE6J55 ,Padron ,2020,P7,0.006575,5.5e-05
D1 ,D1,15172 ,FZH6I16 ,Miniônibus ,2020,P7,0.006575,5.5e-05
E4 ,Via Sudeste,52054 ,DLF5D82 ,Padron ,2020,P7,0.006575,5.5e-05
E4 ,Via Sudeste,52052 ,EHX7C49 ,Padron ,2020,P7,0.006575,5.5e-05
E4 ,Via Sudeste,52051 ,BVS9C18 ,Padron ,2020,P7,0.006575,5.5e-05
E4 ,Via Sudeste,52050 ,EKU9I67 ,Padron ,2020,P7,0.006575,5.5e-05
E4 ,Via Sudeste,52047 ,DCZ7G71 ,Padron ,2020,P7,0.006575,5.5e-05
E4 ,Via Sudeste,52046 ,GAK2H15 ,Padron ,2020,P7,0.006575,5.5e-05
D1 ,Norte Buss,16093 ,EMQ5G73 ,Miniônibus ,2020,P7,0.006575,5.5e-05
D4 ,Alfa Rodobus SPE,35769 ,EQX9344 ,Midiônibus ,2020,P7,0.006575,5.5e-05
D1 ,Norte Buss,16045 ,CUC2555 ,Miniônibus ,2020,P7,0.006575,5.5e-05
D11 ,Transwolff,78527 ,DYB4019 ,Básico ,2020,P7,0.006575,5.5e-05
D11 ,Transwolff,78451 ,FCH8377 ,Básico ,2020,P7,0.006575,5.5e-05
D1 ,D1,15259 ,EBX5370 ,Básico ,2020,P7,0.006575,5.5e-05
D1 ,D1,15258 ,GHX6F67 ,Básico ,2020,P7,0.006575,5.5e-05
D11 ,Transwolff,78420 ,FYM3F28 ,Midiônibus ,2020,P7,0.006575,5.5e-05
D11 ,Transwolff,78103 ,ESS5088 ,Básico ,2020,P7,0.006575,5.5e-05
D11 ,Transwolff,78418 ,EQN8C29 ,Básico ,2020,P7,0.006575,5.5e-05
D11 ,Transwolff,78416 ,FZR5A41 ,Básico ,2020,P7,0.006575,5.5e-05
D1 ,Norte Buss,16007 ,ELI7531 ,Miniônibus ,2020,P7,0.006575,5.5e-05
D11 ,Transwolff,78109 ,DDF5600 ,Midiônibus ,2020,P7,0.006575,5.5e-05
D8 ,Movebuss,55169 ,CUB5732 ,Midiônibus ,2020,P7,0.006575,5.5e-05
D4 ,Alfa Rodobus SPE,35739 ,BQU1B74 ,Midiônibus ,2020,P7,0.006575,5.5e-05
D4 ,Alfa Rodobus SPE,35744 ,BZV0815 ,Midiônibus ,2020,P7,0.006575,5.5e-05
D4 ,Alfa Rodobus SPE,35717 ,DMC3199 ,Midiônibus ,2020,P7,0.006575,5.5e-05
D8 ,Movebuss,55165 ,ESP6F76 ,Midiônibus ,2020,P7,0.006575,5.5e-05
D11 ,Transwolff,78412 ,FSH0718 ,Básico ,2020,P7,0.006575,5.5e-05
D13 ,Alfa Rodobus,86003 ,EOC3H40 ,Midiônibus ,2020,P7,0.006575,5.5e-05
D11 ,Transwolff,78731 ,EMV9F99 ,Midiônibus ,2020,P7,0.006575,5.5e-05
D1 ,Norte Buss,16016 ,EZP7356 ,Miniônibus ,2020,P7,0.006575,5.5e-05
D11 ,Transwolff,78732 ,EJE9E71 ,Midiônibus ,2020,P7,0.006575,5.5e-05
D11 ,Transwolff,78463 ,GGL0H37 ,Básico ,2020,P7,0.006575,5.5e-05
D1 ,Norte Buss,16150 ,EFF6779 ,Miniônibus ,2020,P7,0.006575,5.5e-05
D11 ,Transwolff,78733 ,FWZ9D34 ,Midiônibus ,2020,P7,0.006575,5.5e-05
D11 ,Transwolff,78465 ,GKB8B78 ,Básico ,2020,P7,0.006575,5.5e-05
D11 ,Transwolff,78734 ,FPZ9H15 ,Midiônibus ,2020,P7,0.006575,5.5e-05
D11 ,Transwolff,78736 ,EST8A47 ,Midiônibus ,2020,P7,0.006575,5.5e-05
D1 ,Norte Buss,16147 ,ESR8F77 ,Miniônibus ,2020,P7,0.006575,5.5e-05
D1 ,D1,15260 ,CTA2F59 ,Básico ,2020,P7,0.006575,5.5e-05
D4 ,Alfa Rodobus SPE,35953 ,EGX7476 ,Midiônibus ,2020,P7,0.006575,5.5e-05
D13 ,Alfa Rodobus,86341 ,EOO2J09 ,Midiônibus ,2020,P7,0.006575,5.5e-05
D4 ,Alfa Rodobus SPE,35947 ,DBS2826 ,Miniônibus ,2020,P7,0.006575,5.5e-05
D1 ,D1,15264 ,EHE8537 ,Básico ,2020,P7,0.006575,5.5e-05
D1 ,Norte Buss,16169 ,GCZ4D71 ,Miniônibus ,2020,P7,0.006575,5.5e-05
E4 ,Via Sudeste,52873 ,BVT0J21 ,Articulado ,2020,P7,0.006575,5.5e-05
E4 ,Via Sudeste,52872 ,EML8I79 ,Articulado ,2020,P7,0.006575,5.5e-05
D8 ,Movebuss,55202 ,ENE0674 ,Midiônibus ,2020,P7,0.006575,5.5e-05
E4 ,Via Sudeste,52871 ,EQS7B93 ,Articulado ,2020,P7,0.006575,5.5e-05
E4 ,Via Sudeste,52870 ,CUD4I72 ,Articulado ,2020,P7,0.006575,5.5e-05
D8 ,Movebuss,55200 ,FUS6454 ,Midiônibus ,2020,P7,0.006575,5.5e-05
D1 ,D1,15265 ,DQR9529 ,Básico ,2020,P7,0.006575,5.5e-05
D11 ,Transwolff,78078 ,FNM6408 ,Midiônibus ,2020,P7,0.006575,5.5e-05
D11 ,Transwolff,78429 ,ELU9H82 ,Básico ,2020,P7,0.006575,5.5e-05
D8 ,Movebuss,55193 ,DIS5483 ,Midiônibus ,2020,P7,0.006575,5.5e-05
D1 ,Norte Buss,16165 ,EOO2H04 ,Miniônibus ,2020,P7,0.006575,5.5e-05
D4 ,Alfa Rodobus SPE,35729 ,GFE8327 ,Midiônibus ,2020,P7,0.006575,5.5e-05
D4 ,Alfa Rodobus SPE,35731 ,EEE7114 ,Miniônibus ,2020,P7,0.006575,5.5e-05
D1 ,Norte Buss,16028 ,BZB3498 ,Miniônibus ,2020,P7,0.006575,5.5e-05
D4 ,Alfa Rodobus SPE,35732 ,EOC2836 ,Midiônibus ,2020,P7,0.006575,5.5e-05
D11 ,Transwolff,78450 ,EQN7H49 ,Básico ,2020,P7,0.006575,5.5e-05
D1 ,Norte Buss,16163 ,FSZ4F83 ,Miniônibus ,2020,P7,0.006575,5.5e-05
D1 ,Norte Buss,16161 ,FGC4C91 ,Miniônibus ,2020,P7,0.006575,5.5e-05
D1 ,Norte Buss,16158 ,EEF0F92 ,Miniônibus ,2020,P7,0.006575,5.5e-05
D8 ,Movebuss,55181 ,GAR6175 ,Básico ,2020,P7,0.006575,5.5e-05
D8 ,Movebuss,55180 ,CBO4I20 ,Midiônibus ,2020,P7,0.006575,5.5e-05
D11 ,Transwolff,78096 ,FVV7G43 ,Básico ,2020,P7,0.006575,5.5e-05
D8 ,Movebuss,55178 ,DAT2550 ,Midiônibus ,2020,P7,0.006575,5.5e-05
D1 ,Norte Buss,16154 ,CDS0G35 ,Miniônibus ,2020,P7,0.006575,5.5e-05
D4 ,Alfa Rodobus SPE,35736 ,EMC9639 ,Miniônibus ,2020,P7,0.006575,5.5e-05
D11 ,Transwolff,78114 ,CUM6A19 ,Básico ,2020,P7,0.006575,5.5e-05
D1 ,Norte Buss,16145 ,EXW5565 ,Miniônibus ,2020,P7,0.006575,5.5e-05
D1 ,Norte Buss,16009 ,EJX8299 ,Miniônibus ,2020,P7,0.006575,5.5e-05
D1 ,D1,15181 ,FTQ1C09 ,Miniônibus ,2020,P7,0.006575,5.5e-05
D1 ,D1,15180 ,FVE1A68 ,Miniônibus ,2020,P7,0.006575,5.5e-05
D11 ,Transwolff,78379 ,ECH5789 ,Básico ,2020,P7,0.006575,5.5e-05
D1 ,D1,15174 ,GHN4J35 ,Miniônibus ,2020,P7,0.006575,5.5e-05
D1 ,D1,15179 ,GBQ6I49 ,Miniônibus ,2020,P7,0.006575,5.5e-05
D11 ,Transwolff,78471 ,CUF2F31 ,Básico ,2020,P7,0.006575,5.5e-05
D1 ,D1,15178 ,FXL7C32 ,Miniônibus ,2020,P7,0.006575,5.5e-05
D11 ,Transwolff,78476 ,EQB3269 ,Básico ,2020,P7,0.006575,5.5e-05
D1 ,D1,15176 ,FED7G83 ,Miniônibus ,2020,P7,0.006575,5.5e-05
D11 ,Transwolff,78470 ,BXQ4C39 ,Básico ,2020,P7,0.006575,5.5e-05
D11 ,Transwolff,78469 ,EJJ6059 ,Midiônibus ,2020,P7,0.006575,5.5e-05
D4 ,Alfa Rodobus SPE,35757 ,GJD0106 ,Midiônibus ,2020,P7,0.006575,5.5e-05
D11 ,Transwolff,78371 ,ERE3179 ,Midiônibus ,2020,P7,0.006575,5.5e-05
D1 ,D1,15177 ,BJP9J41 ,Miniônibus ,2020,P7,0.006575,5.5e-05
D11 ,Transwolff,78369 ,DPX3H59 ,Básico ,2020,P7,0.006575,5.5e-05
D1 ,Norte Buss,16024 ,BZG1184 ,Miniônibus ,2020,P7,0.006575,5.5e-05
D8 ,Movebuss,55153 ,GIR1033 ,Básico ,2020,P7,0.006575,5.5e-05
D11 ,Transwolff,78370 ,EQO7249 ,Midiônibus ,2020,P7,0.006575,5.5e-05
D1 ,D1,15183 ,DPI3J81 ,Miniônibus ,2020,P7,0.006575,5.5e-05
D11 ,Transwolff,78388 ,EFJ7388 ,Midiônibus ,2020,P7,0.006575,5.5e-05
D13 ,Alfa Rodobus,86329 ,DIZ1G79 ,Midiônibus ,2020,P7,0.006575,5.5e-05
D11 ,Transwolff,78765 ,EUM9689 ,Midiônibus ,2020,P7,0.006575,5.5e-05
D1 ,D1,15173 ,FCI6J14 ,Miniônibus ,2020,P7,0.006575,5.5e-05
D11 ,Transwolff,78737 ,GBZ2E78 ,Midiônibus ,2020,P7,0.006575,5.5e-05
D11 ,Transwolff,78766 ,EEM5288 ,Básico ,2020,P7,0.006575,5.5e-05
D8 ,Movebuss,55150 ,ELE5360 ,Midiônibus ,2020,P7,0.006575,5.5e-05
D1 ,D1,15184 ,FQM4B77 ,Miniônibus ,2020,P7,0.006575,5.5e-05
D1 ,Norte Buss,16141 ,GEF4671 ,Miniônibus ,2020,P7,0.006575,5.5e-05
D1 ,D1,15182 ,FJG5G72 ,Miniônibus ,2020,P7,0.006575,5.5e-05
D6 ,Allibus,45004 ,DRP8289 ,Miniônibus ,2020,P7,0.006575,5.5e-05
AR2 ,Sambaiba,22755 ,CHM7A55 ,Padron ,2021,P7,0.006575,5.5e-05
D1 ,Norte Buss,16496 ,FTQ4A48 ,Básico ,2021,P7,0.006575,5.5e-05
AR2 ,Sambaiba,22282 ,FCJ2A82 ,Padron ,2021,P7,0.006575,5.5e-05
D4 ,Alfa Rodobus SPE,35946 ,FXW7F47 ,Midiônibus ,2021,P7,0.006575,5.5e-05
D6 ,Allibus,45466 ,FOA1E09 ,Midiônibus ,2021,P7,0.006575,5.5e-05
D4 ,Alfa Rodobus SPE,35907 ,FPO6E05 ,Midiônibus ,2021,P7,0.006575,5.5e-05
AR2 ,Sambaiba,22281 ,BKI2A81 ,Padron ,2021,P7,0.006575,5.5e-05
AR2 ,Sambaiba,22270 ,CUO2A70 ,Padron ,2021,P7,0.006575,5.5e-05
AR2 ,Sambaiba,22283 ,BZA2A83 ,Padron ,2021,P7,0.006575,5.5e-05
AR2 ,Sambaiba,22280 ,CUO2A80 ,Padron ,2021,P7,0.006575,5.5e-05
D2 ,Norte Buss,26267 ,GGS3D24 ,Miniônibus ,2021,P7,0.006575,5.5e-05
E4 ,Via Sudeste,52866 ,BWA8G34 ,Articulado ,2021,P7,0.006575,5.5e-05
AR2 ,Sambaiba,22269 ,BYQ2A69 ,Padron ,2021,P7,0.006575,5.5e-05
AR2 ,Sambaiba,22265 ,BVT2A65 ,Padron ,2021,P7,0.006575,5.5e-05
D5 ,Pêssego,47329 ,EVU4I73 ,Básico ,2021,P7,0.006575,5.5e-05
AR2 ,Sambaiba,22286 ,BYI2A86 ,Padron ,2021,P7,0.006575,5.5e-05
AR2 ,Sambaiba,22266 ,BYJ2A66 ,Padron ,2021,P7,0.006575,5.5e-05
AR2 ,Sambaiba,22267 ,BZB2A67 ,Padron ,2021,P7,0.006575,5.5e-05
E4 ,Via Sudeste,52869 ,DYN6G37 ,Articulado ,2021,P7,0.006575,5.5e-05
D2 ,Norte Buss,26223 ,EMY8G59 ,Básico ,2021,P7,0.006575,5.5e-05
E4 ,Via Sudeste,52868 ,FXG3H96 ,Articulado ,2021,P7,0.006575,5.5e-05
AR2 ,Sambaiba,22284 ,CGK2A84 ,Padron ,2021,P7,0.006575,5.5e-05
E4 ,Via Sudeste,52867 ,BQU3D75 ,Articulado ,2021,P7,0.006575,5.5e-05
D1 ,Norte Buss,16487 ,ENE4C98 ,Básico ,2021,P7,0.006575,5.5e-05
D1 ,Norte Buss,16080 ,FJX4A61 ,Básico ,2021,P7,0.006575,5.5e-05
D6 ,Allibus,45328 ,ENE2G17 ,Midiônibus ,2021,P7,0.006575,5.5e-05
D9 ,A2,68850 ,GAI4A68 ,Midiônibus ,2021,P7,0.006575,5.5e-05
D9 ,A2,68852 ,FYU7E88 ,Midiônibus ,2021,P7,0.006575,5.5e-05
D2 ,Norte Buss,26231 ,FWZ7I16 ,Básico ,2021,P7,0.006575,5.5e-05
E4 ,Via Sudeste,52865 ,FBV5G48 ,Articulado ,2021,P7,0.006575,5.5e-05
AR2 ,Sambaiba,22285 ,BYQ2A85 ,Padron ,2021,P7,0.006575,5.5e-05
AR2 ,Sambaiba,22268 ,BHG2A68 ,Padron ,2021,P7,0.006575,5.5e-05
AR2 ,Sambaiba,22279 ,CUC2A79 ,Padron ,2021,P7,0.006575,5.5e-05
AR2 ,Sambaiba,22277 ,BTA2A77 ,Padron ,2021,P7,0.006575,5.5e-05
AR2 ,Sambaiba,22278 ,BQU2A78 ,Padron ,2021,P7,0.006575,5.5e-05
D10 ,Transwolff,66375 ,FME6A88 ,Midiônibus ,2021,P7,0.006575,5.5e-05
D2 ,Norte Buss,26262 ,FKD3H36 ,Básico ,2021,P7,0.006575,5.5e-05
D6 ,Allibus,45430 ,ELN2G78 ,Midiônibus ,2021,P7,0.006575,5.5e-05
D11 ,Transwolff,78289 ,GBD6C77 ,Midiônibus ,2021,P7,0.006575,5.5e-05
D6 ,Allibus,45435 ,ECH4J19 ,Midiônibus ,2021,P7,0.006575,5.5e-05
D9 ,A2,68885 ,GAE8H37 ,Midiônibus ,2021,P7,0.006575,5.5e-05
D10 ,Transwolff,66390 ,GGQ8F47 ,Midiônibus ,2021,P7,0.006575,5.5e-05
D6 ,Allibus,45458 ,ELU9F98 ,Midiônibus ,2021,P7,0.006575,5.5e-05
D1 ,Norte Buss,16382 ,EJN6I63 ,Básico ,2021,P7,0.006575,5.5e-05
D10 ,Transwolff,66372 ,FXS2C98 ,Midiônibus ,2021,P7,0.006575,5.5e-05
D6 ,Allibus,45442 ,FCX7I33 ,Midiônibus ,2021,P7,0.006575,5.5e-05
D5 ,Pêssego,47401 ,FNY7E27 ,Miniônibus ,2021,P7,0.006575,5.5e-05
D6 ,Allibus,45449 ,FKC3A68 ,Midiônibus ,2021,P7,0.006575,5.5e-05
D11 ,Transwolff,78447 ,ESL4G69 ,Midiônibus ,2021,P7,0.006575,5.5e-05
D8 ,Movebuss,55408 ,FYI5B87 ,Midiônibus ,2021,P7,0.006575,5.5e-05
D4 ,Alfa Rodobus SPE,35918 ,FLT3J24 ,Midiônibus ,2021,P7,0.006575,5.5e-05
AR2 ,Sambaiba,22274 ,CUC2A74 ,Padron ,2021,P7,0.006575,5.5e-05
D6 ,Allibus,45323 ,GJO5D63 ,Midiônibus ,2021,P7,0.006575,5.5e-05
D1 ,Norte Buss,16397 ,GDG6G15 ,Básico ,2021,P7,0.006575,5.5e-05
D9 ,A2,68869 ,FJX9I02 ,Midiônibus ,2021,P7,0.006575,5.5e-05
AR2 ,Sambaiba,22273 ,BXL2A73 ,Padron ,2021,P7,0.006575,5.5e-05
D9 ,A2,68855 ,GCR4I37 ,Midiônibus ,2021,P7,0.006575,5.5e-05
D6 ,Allibus,45427 ,FIW3B48 ,Midiônibus ,2021,P7,0.006575,5.5e-05
AR2 ,Sambaiba,22272 ,BWV2A72 ,Padron ,2021,P7,0.006575,5.5e-05
D1 ,Norte Buss,16376 ,FCC4D54 ,Básico ,2021,P7,0.006575,5.5e-05
D4 ,Alfa Rodobus SPE,35909 ,FMZ8C42 ,Midiônibus ,2021,P7,0.006575,5.5e-05
D2 ,Norte Buss,26242 ,ELU9H58 ,Miniônibus ,2021,P7,0.006575,5.5e-05
D2 ,Spencer,25597 ,ENL8F61 ,Miniônibus ,2021,P7,0.006575,5.5e-05
D2 ,Norte Buss,26245 ,BYQ3B26 ,Básico ,2021,P7,0.006575,5.5e-05
D5 ,Pêssego,47352 ,FSO1F72 ,Midiônibus ,2021,P7,0.006575,5.5e-05
D6 ,Allibus,45461 ,DSV6J34 ,Midiônibus ,2021,P7,0.006575,5.5e-05
D4 ,Alfa Rodobus SPE,35975 ,BUV7G63 ,Midiônibus ,2021,P7,0.006575,5.5e-05
D4 ,Alfa Rodobus SPE,35981 ,GGU9E34 ,Midiônibus ,2021,P7,0.006575,5.5e-05
D1 ,D1,15262 ,GCE8A54 ,Básico ,2021,P7,0.006575,5.5e-05
AR2 ,Sambaiba,22271 ,BZK2A71 ,Padron ,2021,P7,0.006575,5.5e-05
D10 ,Transwolff,66013 ,GBT7C77 ,Midiônibus ,2021,P7,0.006575,5.5e-05
AR2 ,Sambaiba,22276 ,CUH2A76 ,Padron ,2021,P7,0.006575,5.5e-05
D2 ,Spencer,25598 ,FWA7I86 ,Miniônibus ,2021,P7,0.006575,5.5e-05
D2 ,Spencer,25599 ,BYX8D14 ,Miniônibus ,2021,P7,0.006575,5.5e-05
D2 ,Spencer,25643 ,FTN2H18 ,Miniônibus ,2021,P7,0.006575,5.5e-05
D2 ,Spencer,25600 ,ERG1E87 ,Miniônibus ,2021,P7,0.006575,5.5e-05
D10 ,Transwolff,66363 ,GBJ9D58 ,Midiônibus ,2021,P7,0.006575,5.5e-05
AR2 ,Sambaiba,22275 ,DGC2A75 ,Padron ,2021,P7,0.006575,5.5e-05
D2 ,Norte Buss,26253 ,GFJ0F98 ,Miniônibus ,2021,P7,0.006575,5.5e-05
D2 ,Norte Buss,26247 ,FVQ7J85 ,Básico ,2021,P7,0.006575,5.5e-05
AR3 ,Metropole,32601 ,GCH3H96 ,Padron ,2021,P7,0.006575,5.5e-05
E9 ,Gatusa,76369 ,BSX5E04 ,Articulado ,2021,P7,0.006575,5.5e-05
AR3 ,Metropole,32602 ,GHU6F49 ,Padron ,2021,P7,0.006575,5.5e-05
D2 ,Norte Buss,26135 ,EMK5E18 ,Miniônibus ,2021,P7,0.006575,5.5e-05
D11 ,Transwolff,78341 ,GBT4E08 ,Midiônibus ,2021,P7,0.006575,5.5e-05
D1 ,Norte Buss,16022 ,FSR3G83 ,Básico ,2021,P7,0.006575,5.5e-05
D1 ,Norte Buss,16460 ,GGH8J56 ,Básico ,2021,P7,0.006575,5.5e-05
D12 ,Transcap,85698 ,FSG7D56 ,Midiônibus ,2021,P7,0.006575,5.5e-05
D12 ,Transcap,85699 ,GJN0I15 ,Midiônibus ,2021,P7,0.006575,5.5e-05
AR3 ,Metropole,32616 ,GIZ0E57 ,Padron ,2021,P7,0.006575,5.5e-05
D6 ,Allibus,45365 ,FWP5D18 ,Midiônibus ,2021,P7,0.006575,5.5e-05
AR3 ,Metropole,32615 ,GHD6D68 ,Padron ,2021,P7,0.006575,5.5e-05
D5 ,Pêssego,47741 ,CUN5G08 ,Midiônibus ,2021,P7,0.006575,5.5e-05
D6 ,Allibus,45402 ,GBU3J28 ,Midiônibus ,2021,P7,0.006575,5.5e-05
D12 ,Transcap,85700 ,FOI6I85 ,Midiônibus ,2021,P7,0.006575,5.5e-05
AR3 ,Metropole,32614 ,GCK3J18 ,Padron ,2021,P7,0.006575,5.5e-05
D12 ,Transcap,85701 ,GCQ6J84 ,Midiônibus ,2021,P7,0.006575,5.5e-05
D6 ,Allibus,45356 ,COB9H68 ,Midiônibus ,2021,P7,0.006575,5.5e-05
D10 ,Transwolff,66266 ,EZG9A02 ,Midiônibus ,2021,P7,0.006575,5.5e-05
D1 ,Norte Buss,16050 ,GIY6J65 ,Miniônibus ,2021,P7,0.006575,5.5e-05
D12 ,Transcap,85702 ,GII3F91 ,Midiônibus ,2021,P7,0.006575,5.5e-05
D12 ,Transcap,85703 ,EZX2D77 ,Midiônibus ,2021,P7,0.006575,5.5e-05
AR3 ,Metropole,32613 ,GEA7B37 ,Padron ,2021,P7,0.006575,5.5e-05
D5 ,Pêssego,47774 ,EGG2F24 ,Miniônibus ,2021,P7,0.006575,5.5e-05
D6 ,Allibus,45355 ,EWZ8A87 ,Midiônibus ,2021,P7,0.006575,5.5e-05
AR3 ,Metropole,32612 ,GBY6C06 ,Padron ,2021,P7,0.006575,5.5e-05
D12 ,Transcap,85704 ,FRG5C95 ,Midiônibus ,2021,P7,0.006575,5.5e-05
D6 ,Allibus,45407 ,FIM6A37 ,Midiônibus ,2021,P7,0.006575,5.5e-05
D5 ,Pêssego,47637 ,FZL8C68 ,Midiônibus ,2021,P7,0.006575,5.5e-05
D2 ,Norte Buss,26028 ,FYQ3J68 ,Miniônibus ,2021,P7,0.006575,5.5e-05
D5 ,Pêssego,47641 ,GIG6A61 ,Midiônibus ,2021,P7,0.006575,5.5e-05
D10 ,Transwolff,66159 ,EXO5D89 ,Básico ,2021,P7,0.006575,5.5e-05
E9 ,Gatusa,76370 ,DZH9B37 ,Articulado ,2021,P7,0.006575,5.5e-05
E9 ,Gatusa,76371 ,DPZ7B93 ,Articulado ,2021,P7,0.006575,5.5e-05
D6 ,Allibus,45383 ,FZL2H59 ,Midiônibus ,2021,P7,0.006575,5.5e-05
E9 ,Gatusa,76372 ,DSN3G35 ,Articulado ,2021,P7,0.006575,5.5e-05
E9 ,Gatusa,76368 ,BVT4E95 ,Articulado ,2021,P7,0.006575,5.5e-05
D6 ,Allibus,45381 ,DEI4G88 ,Midiônibus ,2021,P7,0.006575,5.5e-05
D10 ,Transwolff,66207 ,DOC1F98 ,Midiônibus ,2021,P7,0.006575,5.5e-05
D10 ,Transwolff,66181 ,GIW3C08 ,Midiônibus ,2021,P7,0.006575,5.5e-05
D10 ,Transwolff,66180 ,EVW2F28 ,Midiônibus ,2021,P7,0.006575,5.5e-05
E9 ,Gatusa,76367 ,BYZ7A31 ,Articulado ,2021,P7,0.006575,5.5e-05
D2 ,Norte Buss,26086 ,FPA6C24 ,Básico ,2021,P7,0.006575,5.5e-05
D2 ,Norte Buss,26119 ,GIN4H25 ,Básico ,2021,P7,0.006575,5.5e-05
D10 ,Transwolff,66217 ,DJA3C09 ,Midiônibus ,2021,P7,0.006575,5.5e-05
D2 ,Norte Buss,26083 ,EQN4C94 ,Básico ,2021,P7,0.006575,5.5e-05
D11 ,Transwolff,78368 ,EOW2D57 ,Midiônibus ,2021,P7,0.006575,5.5e-05
D10 ,Transwolff,66222 ,EWQ5B71 ,Midiônibus ,2021,P7,0.006575,5.5e-05
AR3 ,Metropole,32620 ,GDO8A87 ,Padron ,2021,P7,0.006575,5.5e-05
D6 ,Allibus,45377 ,FWK7G87 ,Midiônibus ,2021,P7,0.006575,5.5e-05
D11 ,Transwolff,78373 ,FWB2D57 ,Midiônibus ,2021,P7,0.006575,5.5e-05
D6 ,Allibus,45395 ,EDG7G64 ,Midiônibus ,2021,P7,0.006575,5.5e-05
D11 ,Transwolff,78377 ,FZC4F75 ,Midiônibus ,2021,P7,0.006575,5.5e-05
AR3 ,Metropole,32619 ,GJH6D27 ,Padron ,2021,P7,0.006575,5.5e-05
AR3 ,Metropole,32618 ,GBB8B78 ,Padron ,2021,P7,0.006575,5.5e-05
D6 ,Allibus,45372 ,DQL6D39 ,Midiônibus ,2021,P7,0.006575,5.5e-05
AR3 ,Metropole,32617 ,GDY5G18 ,Padron ,2021,P7,0.006575,5.5e-05
D1 ,Norte Buss,16464 ,FWN7J54 ,Miniônibus ,2021,P7,0.006575,5.5e-05
AR2 ,Sambaiba,22287 ,CFZ2A87 ,Padron ,2021,P7,0.006575,5.5e-05
D1 ,Norte Buss,16454 ,FFK5B08 ,Básico ,2021,P7,0.006575,5.5e-05
D6 ,Allibus,45410 ,FVJ7F84 ,Midiônibus ,2021,P7,0.006575,5.5e-05
D6 ,Allibus,45342 ,CFZ9A18 ,Midiônibus ,2021,P7,0.006575,5.5e-05
AR3 ,Metropole,32606 ,GCE9J27 ,Padron ,2021,P7,0.006575,5.5e-05
D12 ,Transcap,85711 ,GHB1B91 ,Midiônibus ,2021,P7,0.006575,5.5e-05
AR2 ,Sambaiba,22297 ,BXD2A97 ,Padron ,2021,P7,0.006575,5.5e-05
D6 ,Allibus,45729 ,GFU0F38 ,Miniônibus ,2021,P7,0.006575,5.5e-05
D12 ,Transcap,85712 ,CDR2E95 ,Midiônibus ,2021,P7,0.006575,5.5e-05
D12 ,Transcap,85713 ,FFW2A94 ,Midiônibus ,2021,P7,0.006575,5.5e-05
D2 ,Spencer,25648 ,BZR6D49 ,Miniônibus ,2021,P7,0.006575,5.5e-05
AR2 ,Sambaiba,22295 ,CPZ2A95 ,Padron ,2021,P7,0.006575,5.5e-05
AR2 ,Sambaiba,22294 ,BHW2A94 ,Padron ,2021,P7,0.006575,5.5e-05
D10 ,Transwolff,66344 ,DTA7F73 ,Midiônibus ,2021,P7,0.006575,5.5e-05
D10 ,Transwolff,66104 ,FXD3I47 ,Midiônibus ,2021,P7,0.006575,5.5e-05
AR2 ,Sambaiba,22293 ,BRY2A93 ,Padron ,2021,P7,0.006575,5.5e-05
AR2 ,Sambaiba,22292 ,BOQ2A92 ,Padron ,2021,P7,0.006575,5.5e-05
AR2 ,Sambaiba,22291 ,BPQ2A91 ,Padron ,2021,P7,0.006575,5.5e-05
AR3 ,Metropole,32605 ,GBM2F77 ,Padron ,2021,P7,0.006575,5.5e-05
D2 ,Norte Buss,26188 ,FZG5C85 ,Básico ,2021,P7,0.006575,5.5e-05
AR3 ,Metropole,32604 ,GEM5E05 ,Padron ,2021,P7,0.006575,5.5e-05
D11 ,Transwolff,78436 ,FZO7G88 ,Midiônibus ,2021,P7,0.006575,5.5e-05
AR2 ,Sambaiba,22290 ,CUO2A90 ,Padron ,2021,P7,0.006575,5.5e-05
AR2 ,Sambaiba,22289 ,DGJ2A89 ,Padron ,2021,P7,0.006575,5.5e-05
AR3 ,Metropole,32603 ,GDL4D68 ,Padron ,2021,P7,0.006575,5.5e-05
D10 ,Transwolff,66085 ,FYQ7C98 ,Midiônibus ,2021,P7,0.006575,5.5e-05
D6 ,Allibus,45333 ,FUQ5E67 ,Midiônibus ,2021,P7,0.006575,5.5e-05
AR2 ,Sambaiba,22288 ,DKI2A88 ,Padron ,2021,P7,0.006575,5.5e-05
D12 ,Transcap,85710 ,GCK9A43 ,Midiônibus ,2021,P7,0.006575,5.5e-05
AR3 ,Metropole,32611 ,GJU0J38 ,Padron ,2021,P7,0.006575,5.5e-05
D5 ,Pêssego,47583 ,FXI1G49 ,Básico ,2021,P7,0.006575,5.5e-05
D6 ,Allibus,45343 ,FUD2B98 ,Midiônibus ,2021,P7,0.006575,5.5e-05
AR3 ,Metropole,32610 ,GJU2G48 ,Padron ,2021,P7,0.006575,5.5e-05
D6 ,Allibus,45411 ,EOJ4G98 ,Miniônibus ,2021,P7,0.006575,5.5e-05
D4 ,Alfa Rodobus SPE,35939 ,FWX1D78 ,Midiônibus ,2021,P7,0.006575,5.5e-05
AR3 ,Metropole,32609 ,GJP5G87 ,Padron ,2021,P7,0.006575,5.5e-05
D2 ,Norte Buss,26015 ,GJD7C46 ,Miniônibus ,2021,P7,0.006575,5.5e-05
D6 ,Allibus,45353 ,EMR5J98 ,Midiônibus ,2021,P7,0.006575,5.5e-05
D12 ,Transcap,85705 ,FMT3A84 ,Midiônibus ,2021,P7,0.006575,5.5e-05
D1 ,Norte Buss,16440 ,FCI8E75 ,Básico ,2021,P7,0.006575,5.5e-05
D11 ,Transwolff,78301 ,GDS8J66 ,Midiônibus ,2021,P7,0.006575,5.5e-05
D1 ,Norte Buss,16436 ,BYH9D86 ,Miniônibus ,2021,P7,0.006575,5.5e-05
D12 ,Transcap,85706 ,GIZ6H46 ,Midiônibus ,2021,P7,0.006575,5.5e-05
D10 ,Transwolff,66307 ,FWO5B63 ,Midiônibus ,2021,P7,0.006575,5.5e-05
D10 ,Transwolff,66309 ,DXL2J86 ,Midiônibus ,2021,P7,0.006575,5.5e-05
D10 ,Transwolff,66311 ,FCM5B07 ,Básico ,2021,P7,0.006575,5.5e-05
D10 ,Transwolff,66315 ,GFJ1D48 ,Midiônibus ,2021,P7,0.006575,5.5e-05
D12 ,Transcap,85707 ,GBN3D86 ,Midiônibus ,2021,P7,0.006575,5.5e-05
D1 ,Norte Buss,16429 ,GEF8D82 ,Básico ,2021,P7,0.006575,5.5e-05
D12 ,Transcap,85708 ,FSM0F87 ,Midiônibus ,2021,P7,0.006575,5.5e-05
D5 ,Pêssego,47831 ,FZG4H12 ,Midiônibus ,2021,P7,0.006575,5.5e-05
AR3 ,Metropole,32608 ,GCE9E78 ,Padron ,2021,P7,0.006575,5.5e-05
D5 ,Pêssego,47587 ,GHG9H55 ,Midiônibus ,2021,P7,0.006575,5.5e-05
AR2 ,Sambaiba,22299 ,BPQ2A99 ,Padron ,2021,P7,0.006575,5.5e-05
AR2 ,Sambaiba,22298 ,CUA2A98 ,Padron ,2021,P7,0.006575,5.5e-05
D5 ,Pêssego,47843 ,FWS6C63 ,Midiônibus ,2021,P7,0.006575,5.5e-05
AR3 ,Metropole,32607 ,GIW9B15 ,Padron ,2021,P7,0.006575,5.5e-05
D12 ,Transcap,85709 ,GJD0B62 ,Midiônibus ,2021,P7,0.006575,5.5e-05
AR2 ,Sambaiba,22296 ,DZN2A96 ,Padron ,2021,P7,0.006575,5.5e-05
D6 ,Allibus,45008 ,GBC8D99 ,Midiônibus ,2021,P7,0.006575,5.5e-05
D10 ,Transwolff,66460 ,DYD3F09 ,Básico ,2021,P7,0.006575,5.5e-05
D9 ,A2,68064 ,CUL9E98 ,Midiônibus ,2021,P7,0.006575,5.5e-05
D9 ,A2,68314 ,FPN2B43 ,Midiônibus ,2021,P7,0.006575,5.5e-05
D6 ,Allibus,45635 ,GBX7B04 ,Midiônibus ,2021,P7,0.006575,5.5e-05
D5 ,Pêssego,47039 ,EOC5B68 ,Midiônibus ,2021,P7,0.006575,5.5e-05
D9 ,A2,68069 ,FJN0E51 ,Midiônibus ,2021,P7,0.006575,5.5e-05
D9 ,A2,68072 ,GBJ3E71 ,Midiônibus ,2021,P7,0.006575,5.5e-05
D9 ,A2,68074 ,BZK7G04 ,Midiônibus ,2021,P7,0.006575,5.5e-05
D9 ,A2,68077 ,FWJ8A65 ,Midiônibus ,2021,P7,0.006575,5.5e-05
D11 ,Transwolff,78108 ,GDR1H48 ,Midiônibus ,2021,P7,0.006575,5.5e-05
D9 ,A2,68103 ,FVD9D25 ,Midiônibus ,2021,P7,0.006575,5.5e-05
D9 ,A2,68104 ,GHU5E33 ,Midiônibus ,2021,P7,0.006575,5.5e-05
D6 ,Allibus,45644 ,BXZ5G39 ,Midiônibus ,2021,P7,0.006575,5.5e-05
D1 ,Norte Buss,16151 ,BXE9H76 ,Básico ,2021,P7,0.006575,5.5e-05
D6 ,Allibus,45645 ,ELE5I84 ,Midiônibus ,2021,P7,0.006575,5.5e-05
D6 ,Allibus,45646 ,EVU5J64 ,Midiônibus ,2021,P7,0.006575,5.5e-05
D6 ,Allibus,45647 ,GGO4J38 ,Midiônibus ,2021,P7,0.006575,5.5e-05
D9 ,A2,68117 ,FYH4D86 ,Midiônibus ,2021,P7,0.006575,5.5e-05
D9 ,A2,68167 ,GDB5I84 ,Midiônibus ,2021,P7,0.006575,5.5e-05
D5 ,Pêssego,47001 ,ERA2D84 ,Miniônibus ,2021,P7,0.006575,5.5e-05
D5 ,Pêssego,47002 ,GII3H09 ,Midiônibus ,2021,P7,0.006575,5.5e-05
D9 ,A2,68155 ,FSQ3C94 ,Midiônibus ,2021,P7,0.006575,5.5e-05
D9 ,A2,68283 ,GCA6J44 ,Midiônibus ,2021,P7,0.006575,5.5e-05
D9 ,A2,68143 ,FTY0I41 ,Midiônibus ,2021,P7,0.006575,5.5e-05
D9 ,A2,68055 ,DWM5G21 ,Midiônibus ,2021,P7,0.006575,5.5e-05
D9 ,A2,68138 ,GDR5E64 ,Midiônibus ,2021,P7,0.006575,5.5e-05
D11 ,Transwolff,78045 ,GCZ8D57 ,Midiônibus ,2021,P7,0.006575,5.5e-05
D9 ,A2,68127 ,FAW4E01 ,Midiônibus ,2021,P7,0.006575,5.5e-05
D6 ,Allibus,45650 ,GEJ3F98 ,Midiônibus ,2021,P7,0.006575,5.5e-05
D4 ,Alfa Rodobus SPE,35737 ,GEN9D58 ,Midiônibus ,2021,P7,0.006575,5.5e-05
D9 ,A2,68121 ,FTC4I44 ,Midiônibus ,2021,P7,0.006575,5.5e-05
D8 ,Movebuss,55243 ,GIN1H38 ,Midiônibus ,2021,P7,0.006575,5.5e-05
D9 ,A2,68135 ,FCK4E53 ,Midiônibus ,2021,P7,0.006575,5.5e-05
D5 ,Pêssego,47049 ,FFM8C76 ,Miniônibus ,2021,P7,0.006575,5.5e-05
D9 ,A2,68050 ,BSY3C21 ,Midiônibus ,2021,P7,0.006575,5.5e-05
D4 ,Alfa Rodobus SPE,35751 ,GCY0G56 ,Midiônibus ,2021,P7,0.006575,5.5e-05
D5 ,Pêssego,47071 ,EJV2I46 ,Miniônibus ,2021,P7,0.006575,5.5e-05
D4 ,Alfa Rodobus SPE,35759 ,FPJ8D65 ,Midiônibus ,2021,P7,0.006575,5.5e-05
D9 ,A2,68353 ,GAC5C47 ,Midiônibus ,2021,P7,0.006575,5.5e-05
D9 ,A2,68354 ,EZB3J12 ,Midiônibus ,2021,P7,0.006575,5.5e-05
D9 ,A2,68355 ,FCV3B25 ,Midiônibus ,2021,P7,0.006575,5.5e-05
D9 ,A2,68356 ,FNO6C95 ,Midiônibus ,2021,P7,0.006575,5.5e-05
D9 ,A2,68352 ,CQU2C28 ,Midiônibus ,2021,P7,0.006575,5.5e-05
D9 ,A2,68357 ,GAE3B31 ,Midiônibus ,2021,P7,0.006575,5.5e-05
D5 ,Pêssego,47073 ,FBF6A66 ,Miniônibus ,2021,P7,0.006575,5.5e-05
D10 ,Transwolff,66969 ,EBB2J31 ,Midiônibus ,2021,P7,0.006575,5.5e-05
D9 ,A2,68360 ,GJZ9B04 ,Midiônibus ,2021,P7,0.006575,5.5e-05
D10 ,Transwolff,66967 ,EQV9G49 ,Básico ,2021,P7,0.006575,5.5e-05
D9 ,A2,68361 ,FTA5G21 ,Midiônibus ,2021,P7,0.006575,5.5e-05
D9 ,A2,68362 ,FDS5G32 ,Midiônibus ,2021,P7,0.006575,5.5e-05
D9 ,A2,68358 ,FYB0F04 ,Midiônibus ,2021,P7,0.006575,5.5e-05
D11 ,Transwolff,78062 ,FYD2G58 ,Midiônibus ,2021,P7,0.006575,5.5e-05
D5 ,Pêssego,47070 ,FYW2J17 ,Midiônibus ,2021,P7,0.006575,5.5e-05
D5 ,Pêssego,47066 ,GJW0A97 ,Midiônibus ,2021,P7,0.006575,5.5e-05
D6 ,Allibus,45621 ,GCJ3E78 ,Midiônibus ,2021,P7,0.006575,5.5e-05
D9 ,A2,68028 ,FRH4G69 ,Midiônibus ,2021,P7,0.006575,5.5e-05
D9 ,A2,68024 ,GDQ3B67 ,Midiônibus ,2021,P7,0.006575,5.5e-05
D9 ,A2,68333 ,GCA0C82 ,Midiônibus ,2021,P7,0.006575,5.5e-05
D9 ,A2,68021 ,FHE2E72 ,Midiônibus ,2021,P7,0.006575,5.5e-05
D9 ,A2,68334 ,FSN1C55 ,Midiônibus ,2021,P7,0.006575,5.5e-05
D9 ,A2,68350 ,FPU3D07 ,Midiônibus ,2021,P7,0.006575,5.5e-05
D9 ,A2,68335 ,FUT9J35 ,Midiônibus ,2021,P7,0.006575,5.5e-05
D9 ,A2,68336 ,EVK6H91 ,Midiônibus ,2021,P7,0.006575,5.5e-05
D9 ,A2,68338 ,FNT9B22 ,Midiônibus ,2021,P7,0.006575,5.5e-05
D9 ,A2,68339 ,FCN7I64 ,Midiônibus ,2021,P7,0.006575,5.5e-05
D9 ,A2,68341 ,FJP7C74 ,Midiônibus ,2021,P7,0.006575,5.5e-05
D9 ,A2,68007 ,GFL9J07 ,Midiônibus ,2021,P7,0.006575,5.5e-05
D9 ,A2,68342 ,FMX6D77 ,Midiônibus ,2021,P7,0.006575,5.5e-05
D6 ,Allibus,45614 ,EJL3G29 ,Miniônibus ,2021,P7,0.006575,5.5e-05
D4 ,Alfa Rodobus SPE,35727 ,BYX5H69 ,Midiônibus ,2021,P7,0.006575,5.5e-05
AR2 ,Sambaiba,22819 ,GJL8A19 ,Padron ,2021,P7,0.006575,5.5e-05
AR2 ,Sambaiba,22818 ,BSX8A18 ,Padron ,2021,P7,0.006575,5.5e-05
AR2 ,Sambaiba,22772 ,BSJ7A72 ,Padron ,2021,P7,0.006575,5.5e-05
AR2 ,Sambaiba,22773 ,FNY7A73 ,Padron ,2021,P7,0.006575,5.5e-05
AR2 ,Sambaiba,22774 ,FCL7A74 ,Padron ,2021,P7,0.006575,5.5e-05
AR2 ,Sambaiba,22775 ,CTM7A75 ,Padron ,2021,P7,0.006575,5.5e-05
D6 ,Allibus,45706 ,GDO7H38 ,Midiônibus ,2021,P7,0.006575,5.5e-05
D6 ,Allibus,45751 ,DYI8E09 ,Midiônibus ,2021,P7,0.006575,5.5e-05
AR2 ,Sambaiba,22771 ,BKU7A71 ,Padron ,2021,P7,0.006575,5.5e-05
D6 ,Allibus,45701 ,GDU0B38 ,Miniônibus ,2021,P7,0.006575,5.5e-05
D6 ,Allibus,45761 ,ENE9B29 ,Midiônibus ,2021,P7,0.006575,5.5e-05
D6 ,Allibus,45764 ,FRI9C19 ,Midiônibus ,2021,P7,0.006575,5.5e-05
D4 ,Alfa Rodobus SPE,35721 ,FBT9E81 ,Midiônibus ,2021,P7,0.006575,5.5e-05
D4 ,Alfa Rodobus SPE,35708 ,EJV3G78 ,Midiônibus ,2021,P7,0.006575,5.5e-05
D4 ,Alfa Rodobus SPE,35707 ,EQB6I12 ,Midiônibus ,2021,P7,0.006575,5.5e-05
AR2 ,Sambaiba,22786 ,CQU7A86 ,Padron ,2021,P7,0.006575,5.5e-05
D6 ,Allibus,45677 ,GFN9F28 ,Midiônibus ,2021,P7,0.006575,5.5e-05
D6 ,Allibus,45670 ,GGW6F38 ,Midiônibus ,2021,P7,0.006575,5.5e-05
AR2 ,Sambaiba,22770 ,FWD7A71 ,Padron ,2021,P7,0.006575,5.5e-05
AR2 ,Sambaiba,22768 ,BYZ7A68 ,Padron ,2021,P7,0.006575,5.5e-05
AR2 ,Sambaiba,22756 ,BZA7A66 ,Padron ,2021,P7,0.006575,5.5e-05
AR2 ,Sambaiba,22757 ,BSZ7A57 ,Padron ,2021,P7,0.006575,5.5e-05
D4 ,Alfa Rodobus SPE,35716 ,FZU2I75 ,Midiônibus ,2021,P7,0.006575,5.5e-05
AR2 ,Sambaiba,22758 ,BYG7A58 ,Padron ,2021,P7,0.006575,5.5e-05
D9 ,A2,68265 ,DKU3H58 ,Midiônibus ,2021,P7,0.006575,5.5e-05
AR2 ,Sambaiba,22759 ,EQT7A59 ,Padron ,2021,P7,0.006575,5.5e-05
AR2 ,Sambaiba,22769 ,EQH7A69 ,Padron ,2021,P7,0.006575,5.5e-05
AR2 ,Sambaiba,22760 ,CUQ7A60 ,Padron ,2021,P7,0.006575,5.5e-05
AR2 ,Sambaiba,22762 ,BHX7A62 ,Padron ,2021,P7,0.006575,5.5e-05
AR2 ,Sambaiba,22763 ,EOO7A63 ,Padron ,2021,P7,0.006575,5.5e-05
AR2 ,Sambaiba,22764 ,BLH7A64 ,Padron ,2021,P7,0.006575,5.5e-05
AR2 ,Sambaiba,22765 ,FWY7A65 ,Padron ,2021,P7,0.006575,5.5e-05
AR2 ,Sambaiba,22766 ,DBS7A66 ,Padron ,2021,P7,0.006575,5.5e-05
AR2 ,Sambaiba,22767 ,FRI7A67 ,Padron ,2021,P7,0.006575,5.5e-05
AR2 ,Sambaiba,22761 ,CTC7A61 ,Padron ,2021,P7,0.006575,5.5e-05
D10 ,Transwolff,66961 ,GFN5G77 ,Básico ,2021,P7,0.006575,5.5e-05
AR2 ,Sambaiba,22787 ,BXZ7A87 ,Padron ,2021,P7,0.006575,5.5e-05
AR2 ,Sambaiba,22789 ,DYW7A89 ,Padron ,2021,P7,0.006575,5.5e-05
AR2 ,Sambaiba,22806 ,BPQ8A06 ,Padron ,2021,P7,0.006575,5.5e-05
AR2 ,Sambaiba,22807 ,BSZ8A07 ,Padron ,2021,P7,0.006575,5.5e-05
D6 ,Allibus,45662 ,FCJ5I97 ,Midiônibus ,2021,P7,0.006575,5.5e-05
AR2 ,Sambaiba,22808 ,GAX8A28 ,Padron ,2021,P7,0.006575,5.5e-05
AR2 ,Sambaiba,22809 ,CVI8A09 ,Padron ,2021,P7,0.006575,5.5e-05
AR2 ,Sambaiba,22810 ,CUT8A10 ,Padron ,2021,P7,0.006575,5.5e-05
AR2 ,Sambaiba,22805 ,BZF8A05 ,Padron ,2021,P7,0.006575,5.5e-05
AR2 ,Sambaiba,22811 ,EBR8A11 ,Padron ,2021,P7,0.006575,5.5e-05
AR2 ,Sambaiba,22813 ,EJL8A13 ,Padron ,2021,P7,0.006575,5.5e-05
AR2 ,Sambaiba,22814 ,DKI8A14 ,Padron ,2021,P7,0.006575,5.5e-05
AR2 ,Sambaiba,22815 ,BZB8A15 ,Padron ,2021,P7,0.006575,5.5e-05
AR2 ,Sambaiba,22816 ,FUY8A16 ,Padron ,2021,P7,0.006575,5.5e-05
D9 ,A2,68183 ,GEG7H49 ,Midiônibus ,2021,P7,0.006575,5.5e-05
AR2 ,Sambaiba,22817 ,ELI8A17 ,Padron ,2021,P7,0.006575,5.5e-05
AR2 ,Sambaiba,22812 ,BSZ8A12 ,Padron ,2021,P7,0.006575,5.5e-05
AR2 ,Sambaiba,22788 ,GJM7A88 ,Padron ,2021,P7,0.006575,5.5e-05
AR2 ,Sambaiba,22804 ,EGX8A04 ,Padron ,2021,P7,0.006575,5.5e-05
AR2 ,Sambaiba,22802 ,CBC8A02 ,Padron ,2021,P7,0.006575,5.5e-05
AR2 ,Sambaiba,22790 ,CUO7A90 ,Padron ,2021,P7,0.006575,5.5e-05
AR2 ,Sambaiba,22791 ,BKK7A91 ,Padron ,2021,P7,0.006575,5.5e-05
AR2 ,Sambaiba,22792 ,BKU7A92 ,Padron ,2021,P7,0.006575,5.5e-05
AR2 ,Sambaiba,22793 ,BPQ7A93 ,Padron ,2021,P7,0.006575,5.5e-05
AR2 ,Sambaiba,22794 ,DJM7A94 ,Padron ,2021,P7,0.006575,5.5e-05
AR2 ,Sambaiba,22795 ,CGQ7A95 ,Padron ,2021,P7,0.006575,5.5e-05
AR2 ,Sambaiba,22803 ,BYY8A03 ,Padron ,2021,P7,0.006575,5.5e-05
AR2 ,Sambaiba,22796 ,FCY7A96 ,Padron ,2021,P7,0.006575,5.5e-05
AR2 ,Sambaiba,22798 ,EXN7A98 ,Padron ,2021,P7,0.006575,5.5e-05
AR2 ,Sambaiba,22799 ,EZZ7A99 ,Padron ,2021,P7,0.006575,5.5e-05
D4 ,Alfa Rodobus SPE,35722 ,EWC7E08 ,Midiônibus ,2021,P7,0.006575,5.5e-05
AR2 ,Sambaiba,22800 ,BYQ8A81 ,Padron ,2021,P7,0.006575,5.5e-05
D4 ,Alfa Rodobus SPE,35706 ,FZM0I45 ,Midiônibus ,2021,P7,0.006575,5.5e-05
AR2 ,Sambaiba,22801 ,BZF8A01 ,Padron ,2021,P7,0.006575,5.5e-05
AR2 ,Sambaiba,22797 ,EVX7A97 ,Padron ,2021,P7,0.006575,5.5e-05
D9 ,A2,68363 ,GJZ4B96 ,Midiônibus ,2021,P7,0.006575,5.5e-05
D9 ,A2,68364 ,FUX6E37 ,Midiônibus ,2021,P7,0.006575,5.5e-05
D4 ,Alfa Rodobus SPE,35765 ,CUF9E76 ,Midiônibus ,2021,P7,0.006575,5.5e-05
D6 ,Allibus,45502 ,FGL9C04 ,Miniônibus ,2021,P7,0.006575,5.5e-05
D6 ,Allibus,45493 ,EZU1E84 ,Midiônibus ,2021,P7,0.006575,5.5e-05
D4 ,Alfa Rodobus SPE,35837 ,FPT7I18 ,Midiônibus ,2021,P7,0.006575,5.5e-05
D10 ,Transwolff,66580 ,FCX5I37 ,Midiônibus ,2021,P7,0.006575,5.5e-05
D2 ,Spencer,25166 ,BSX9F96 ,Básico ,2021,P7,0.006575,5.5e-05
D5 ,Pêssego,47271 ,FCV5A46 ,Midiônibus ,2021,P7,0.006575,5.5e-05
D6 ,Allibus,45504 ,GFQ0C27 ,Midiônibus ,2021,P7,0.006575,5.5e-05
D2 ,Spencer,25167 ,CNR3E69 ,Básico ,2021,P7,0.006575,5.5e-05
D2 ,Spencer,25170 ,ENN2G42 ,Básico ,2021,P7,0.006575,5.5e-05
D2 ,Spencer,25171 ,EZY9E95 ,Básico ,2021,P7,0.006575,5.5e-05
D2 ,Spencer,25172 ,FLJ7C31 ,Básico ,2021,P7,0.006575,5.5e-05
D5 ,Pêssego,47276 ,CUI0G39 ,Midiônibus ,2021,P7,0.006575,5.5e-05
D4 ,Alfa Rodobus SPE,35840 ,FZT3E96 ,Midiônibus ,2021,P7,0.006575,5.5e-05
D2 ,Spencer,25174 ,EXC5F43 ,Básico ,2021,P7,0.006575,5.5e-05
D2 ,Spencer,25168 ,EWG4J63 ,Básico ,2021,P7,0.006575,5.5e-05
D2 ,Spencer,25175 ,FGF1F71 ,Básico ,2021,P7,0.006575,5.5e-05
D11 ,Transwolff,78215 ,FVI7B87 ,Midiônibus ,2021,P7,0.006575,5.5e-05
D6 ,Allibus,45524 ,DVK8C18 ,Midiônibus ,2021,P7,0.006575,5.5e-05
D10 ,Transwolff,66696 ,FPK5F14 ,Básico ,2021,P7,0.006575,5.5e-05
D6 ,Allibus,45547 ,GHS1E28 ,Midiônibus ,2021,P7,0.006575,5.5e-05
D9 ,A2,68827 ,FZD7A06 ,Midiônibus ,2021,P7,0.006575,5.5e-05
D6 ,Allibus,45546 ,GJB6A14 ,Miniônibus ,2021,P7,0.006575,5.5e-05
D6 ,Allibus,45545 ,FUK4I44 ,Midiônibus ,2021,P7,0.006575,5.5e-05
D4 ,Alfa Rodobus SPE,35826 ,CAN4I09 ,Midiônibus ,2021,P7,0.006575,5.5e-05
D8 ,Movebuss,55361 ,CFY8C11 ,Midiônibus ,2021,P7,0.006575,5.5e-05
D11 ,Transwolff,78194 ,EXL5D98 ,Midiônibus ,2021,P7,0.006575,5.5e-05
D4 ,Alfa Rodobus SPE,35827 ,GFB1E83 ,Midiônibus ,2021,P7,0.006575,5.5e-05
D1 ,Norte Buss,16104 ,GJE3J04 ,Miniônibus ,2021,P7,0.006575,5.5e-05
D1 ,Norte Buss,16097 ,FXP5A95 ,Básico ,2021,P7,0.006575,5.5e-05
D9 ,A2,68830 ,FOG0H41 ,Midiônibus ,2021,P7,0.006575,5.5e-05
D6 ,Allibus,45525 ,GCL6F07 ,Midiônibus ,2021,P7,0.006575,5.5e-05
D10 ,Transwolff,66621 ,FVH0D37 ,Midiônibus ,2021,P7,0.006575,5.5e-05
D6 ,Allibus,45540 ,GDD3F77 ,Midiônibus ,2021,P7,0.006575,5.5e-05
D6 ,Allibus,45550 ,CKU8E17 ,Midiônibus ,2021,P7,0.006575,5.5e-05
D2 ,Spencer,25176 ,GFK7F08 ,Básico ,2021,P7,0.006575,5.5e-05
D10 ,Transwolff,66536 ,GJF7F95 ,Midiônibus ,2021,P7,0.006575,5.5e-05
D2 ,Spencer,25191 ,FHS6E27 ,Básico ,2021,P7,0.006575,5.5e-05
D2 ,Spencer,25192 ,FVD4I36 ,Básico ,2021,P7,0.006575,5.5e-05
D6 ,Allibus,45471 ,GEV1B38 ,Midiônibus ,2021,P7,0.006575,5.5e-05
D10 ,Transwolff,66489 ,FMS5A85 ,Básico ,2021,P7,0.006575,5.5e-05
D10 ,Transwolff,66487 ,FKQ9C17 ,Básico ,2021,P7,0.006575,5.5e-05
D2 ,Spencer,25193 ,DSX2C25 ,Básico ,2021,P7,0.006575,5.5e-05
D2 ,Spencer,25189 ,GEE9B42 ,Básico ,2021,P7,0.006575,5.5e-05
D2 ,Spencer,25194 ,FKD7G83 ,Básico ,2021,P7,0.006575,5.5e-05
D6 ,Allibus,45470 ,FOM8J38 ,Midiônibus ,2021,P7,0.006575,5.5e-05
D10 ,Transwolff,66475 ,CQU2E39 ,Básico ,2021,P7,0.006575,5.5e-05
D6 ,Allibus,45469 ,FVV4J14 ,Midiônibus ,2021,P7,0.006575,5.5e-05
D6 ,Allibus,45468 ,EGJ6G74 ,Midiônibus ,2021,P7,0.006575,5.5e-05
D8 ,Movebuss,55042 ,ERA6E48 ,Midiônibus ,2021,P7,0.006575,5.5e-05
D5 ,Pêssego,47321 ,CDR5H51 ,Midiônibus ,2021,P7,0.006575,5.5e-05
D2 ,Spencer,25197 ,ECV8J01 ,Miniônibus ,2021,P7,0.006575,5.5e-05
D2 ,Spencer,25177 ,GEB0I64 ,Básico ,2021,P7,0.006575,5.5e-05
D2 ,Spencer,25188 ,BLF7H61 ,Básico ,2021,P7,0.006575,5.5e-05
D2 ,Spencer,25187 ,FVL6E06 ,Básico ,2021,P7,0.006575,5.5e-05
D10 ,Transwolff,66535 ,GHX3A88 ,Básico ,2021,P7,0.006575,5.5e-05
D2 ,Spencer,25178 ,CUB9B09 ,Básico ,2021,P7,0.006575,5.5e-05
D6 ,Allibus,45477 ,CCU2I18 ,Midiônibus ,2021,P7,0.006575,5.5e-05
D1 ,Norte Buss,16085 ,EXT1A31 ,Básico ,2021,P7,0.006575,5.5e-05
D2 ,Spencer,25179 ,DII5I59 ,Básico ,2021,P7,0.006575,5.5e-05
D2 ,Spencer,25180 ,GJL8I48 ,Básico ,2021,P7,0.006575,5.5e-05
D4 ,Alfa Rodobus SPE,35842 ,EVA9E58 ,Midiônibus ,2021,P7,0.006575,5.5e-05
D2 ,Spencer,25181 ,BWW7H49 ,Básico ,2021,P7,0.006575,5.5e-05
D2 ,Spencer,25183 ,CHV5F36 ,Básico ,2021,P7,0.006575,5.5e-05
D2 ,Spencer,25184 ,DZN7G08 ,Básico ,2021,P7,0.006575,5.5e-05
D2 ,Spencer,25185 ,FUQ3I26 ,Básico ,2021,P7,0.006575,5.5e-05
D2 ,Spencer,25186 ,FED0D58 ,Básico ,2021,P7,0.006575,5.5e-05
D1 ,Norte Buss,16349 ,BPJ7J34 ,Básico ,2021,P7,0.006575,5.5e-05
D5 ,Pêssego,47307 ,FFW9H07 ,Midiônibus ,2021,P7,0.006575,5.5e-05
D2 ,Spencer,25182 ,FII4E47 ,Básico ,2021,P7,0.006575,5.5e-05
D8 ,Movebuss,55388 ,FUE2H88 ,Midiônibus ,2021,P7,0.006575,5.5e-05
D4 ,Alfa Rodobus SPE,35819 ,GBN3B44 ,Midiônibus ,2021,P7,0.006575,5.5e-05
D6 ,Allibus,45557 ,GDV7B28 ,Midiônibus ,2021,P7,0.006575,5.5e-05
D9 ,A2,68510 ,FSQ5A95 ,Midiônibus ,2021,P7,0.006575,5.5e-05
D10 ,Transwolff,66865 ,DYF6B62 ,Midiônibus ,2021,P7,0.006575,5.5e-05
D6 ,Allibus,45598 ,FEF9H14 ,Midiônibus ,2021,P7,0.006575,5.5e-05
D6 ,Allibus,45594 ,FYL7G74 ,Midiônibus ,2021,P7,0.006575,5.5e-05
D10 ,Transwolff,66827 ,GFC8D96 ,Básico ,2021,P7,0.006575,5.5e-05
D10 ,Transwolff,66826 ,BRY8F91 ,Básico ,2021,P7,0.006575,5.5e-05
D9 ,A2,68507 ,GFB4I97 ,Midiônibus ,2021,P7,0.006575,5.5e-05
D1 ,Norte Buss,16209 ,GAW9C42 ,Básico ,2021,P7,0.006575,5.5e-05
D12 ,Transcap,85724 ,FKC5H93 ,Básico ,2021,P7,0.006575,5.5e-05
D1 ,Norte Buss,16211 ,CCU2F69 ,Básico ,2021,P7,0.006575,5.5e-05
D12 ,Transcap,85723 ,FZI8D45 ,Básico ,2021,P7,0.006575,5.5e-05
D12 ,Transcap,85722 ,GHW5E87 ,Midiônibus ,2021,P7,0.006575,5.5e-05
D1 ,Norte Buss,16216 ,BYJ1C48 ,Básico ,2021,P7,0.006575,5.5e-05
D11 ,Transwolff,78146 ,FGA5H69 ,Midiônibus ,2021,P7,0.006575,5.5e-05
D6 ,Allibus,45590 ,GAQ7J64 ,Midiônibus ,2021,P7,0.006575,5.5e-05
D12 ,Transcap,85717 ,GDL5H94 ,Midiônibus ,2021,P7,0.006575,5.5e-05
D9 ,A2,68493 ,FIY9H18 ,Midiônibus ,2021,P7,0.006575,5.5e-05
D10 ,Transwolff,66889 ,FUT0C59 ,Básico ,2021,P7,0.006575,5.5e-05
D6 ,Allibus,45609 ,GFV2G38 ,Midiônibus ,2021,P7,0.006575,5.5e-05
D10 ,Transwolff,66947 ,FJN0H64 ,Midiônibus ,2021,P7,0.006575,5.5e-05
D11 ,Transwolff,78020 ,GHT8D47 ,Midiônibus ,2021,P7,0.006575,5.5e-05
D10 ,Transwolff,66942 ,DQU2H15 ,Midiônibus ,2021,P7,0.006575,5.5e-05
D9 ,A2,68396 ,GAV1E82 ,Midiônibus ,2021,P7,0.006575,5.5e-05
D9 ,A2,68397 ,GFH4I74 ,Midiônibus ,2021,P7,0.006575,5.5e-05
D8 ,Movebuss,55282 ,FRU0D94 ,Midiônibus ,2021,P7,0.006575,5.5e-05
D10 ,Transwolff,66926 ,GDN6A97 ,Midiônibus ,2021,P7,0.006575,5.5e-05
D9 ,A2,68420 ,GEC9D16 ,Midiônibus ,2021,P7,0.006575,5.5e-05
D4 ,Alfa Rodobus SPE,35779 ,FTV8E94 ,Midiônibus ,2021,P7,0.006575,5.5e-05
D5 ,Pêssego,47093 ,BYY9F06 ,Miniônibus ,2021,P7,0.006575,5.5e-05
D10 ,Transwolff,66906 ,GDP8D07 ,Básico ,2021,P7,0.006575,5.5e-05
D11 ,Transwolff,78016 ,EMS9C32 ,Midiônibus ,2021,P7,0.006575,5.5e-05
D4 ,Alfa Rodobus SPE,35782 ,FFL1J24 ,Midiônibus ,2021,P7,0.006575,5.5e-05
D10 ,Transwolff,66924 ,GJO2B67 ,Midiônibus ,2021,P7,0.006575,5.5e-05
D1 ,Norte Buss,16270 ,CLH6D67 ,Miniônibus ,2021,P7,0.006575,5.5e-05
D12 ,Transcap,85716 ,FWY5D07 ,Midiônibus ,2021,P7,0.006575,5.5e-05
D11 ,Transwolff,78152 ,GCT5D26 ,Midiônibus ,2021,P7,0.006575,5.5e-05
D10 ,Transwolff,66754 ,GEV2E65 ,Básico ,2021,P7,0.006575,5.5e-05
D11 ,Transwolff,78169 ,FOR4A08 ,Midiônibus ,2021,P7,0.006575,5.5e-05
D10 ,Transwolff,66751 ,FWW8A17 ,Básico ,2021,P7,0.006575,5.5e-05
D10 ,Transwolff,66750 ,GBH6D78 ,Midiônibus ,2021,P7,0.006575,5.5e-05
D9 ,A2,68807 ,FQZ1G78 ,Midiônibus ,2021,P7,0.006575,5.5e-05
D11 ,Transwolff,78171 ,GAT5F63 ,Midiônibus ,2021,P7,0.006575,5.5e-05
D10 ,Transwolff,66756 ,FYP3F98 ,Midiônibus ,2021,P7,0.006575,5.5e-05
D10 ,Transwolff,66746 ,GEX8D95 ,Básico ,2021,P7,0.006575,5.5e-05
D4 ,Alfa Rodobus SPE,35807 ,FDT6E94 ,Midiônibus ,2021,P7,0.006575,5.5e-05
D5 ,Pêssego,47166 ,GED6A16 ,Miniônibus ,2021,P7,0.006575,5.5e-05
D6 ,Allibus,45562 ,EKH8G98 ,Midiônibus ,2021,P7,0.006575,5.5e-05
D9 ,A2,68823 ,FUM2D66 ,Midiônibus ,2021,P7,0.006575,5.5e-05
D9 ,A2,68825 ,EUO2I67 ,Midiônibus ,2021,P7,0.006575,5.5e-05
D1 ,Norte Buss,16264 ,GCR1D28 ,Básico ,2021,P7,0.006575,5.5e-05
D10 ,Transwolff,66743 ,EOF9D88 ,Midiônibus ,2021,P7,0.006575,5.5e-05
D12 ,Transcap,85715 ,GBB4J46 ,Midiônibus ,2021,P7,0.006575,5.5e-05
D10 ,Transwolff,66757 ,GIJ9B86 ,Midiônibus ,2021,P7,0.006575,5.5e-05
D9 ,A2,68780 ,GCN7D26 ,Midiônibus ,2021,P7,0.006575,5.5e-05
D12 ,Transcap,85714 ,GDM1H31 ,Midiônibus ,2021,P7,0.006575,5.5e-05
D9 ,A2,68592 ,EGJ5I66 ,Midiônibus ,2021,P7,0.006575,5.5e-05
D1 ,Norte Buss,16242 ,FQB6J84 ,Básico ,2021,P7,0.006575,5.5e-05
D9 ,A2,68596 ,GGY8F98 ,Midiônibus ,2021,P7,0.006575,5.5e-05
D5 ,Pêssego,47147 ,GBJ9A44 ,Miniônibus ,2021,P7,0.006575,5.5e-05
D10 ,Transwolff,66787 ,BZR8E98 ,Midiônibus ,2021,P7,0.006575,5.5e-05
D9 ,A2,68785 ,GDI5J36 ,Midiônibus ,2021,P7,0.006575,5.5e-05
D9 ,A2,68630 ,FXG9H65 ,Midiônibus ,2021,P7,0.006575,5.5e-05
D6 ,Allibus,45574 ,GHJ5A34 ,Midiônibus ,2021,P7,0.006575,5.5e-05
D9 ,A2,68706 ,FPR7J03 ,Midiônibus ,2021,P7,0.006575,5.5e-05
D9 ,A2,68707 ,FPX0H04 ,Midiônibus ,2021,P7,0.006575,5.5e-05
D4 ,Alfa Rodobus SPE,35796 ,FDZ2C52 ,Midiônibus ,2021,P7,0.006575,5.5e-05
D9 ,A2,68748 ,GAP5D68 ,Midiônibus ,2021,P7,0.006575,5.5e-05
D9 ,A2,68754 ,GHW1D05 ,Midiônibus ,2021,P7,0.006575,5.5e-05
D5 ,Pêssego,47148 ,FCU8J48 ,Miniônibus ,2021,P7,0.006575,5.5e-05
AR2 ,Sambaiba,22263 ,BXD2A63 ,Padron ,2021,P7,0.006575,5.5e-05
AR2 ,Sambaiba,22264 ,BSY2A64 ,Padron ,2021,P7,0.006575,5.5e-05
AR2 ,Sambaiba,22261 ,BQU2A61 ,Padron ,2021,P7,0.006575,5.5e-05
D1 ,D1,15198 ,GHV8A13 ,Miniônibus ,2021,P7,0.006575,5.5e-05
D1 ,D1,15199 ,FUV6H69 ,Miniônibus ,2021,P7,0.006575,5.5e-05
D1 ,D1,15200 ,FHU4A32 ,Miniônibus ,2021,P7,0.006575,5.5e-05
D6 ,Allibus,45101 ,FDR4J83 ,Midiônibus ,2021,P7,0.006575,5.5e-05
D6 ,Allibus,45103 ,DFU5B03 ,Midiônibus ,2021,P7,0.006575,5.5e-05
D6 ,Allibus,45105 ,FKV6J83 ,Midiônibus ,2021,P7,0.006575,5.5e-05
D11 ,Transwolff,78975 ,BYW9D55 ,Midiônibus ,2021,P7,0.006575,5.5e-05
D6 ,Allibus,45106 ,GFS8E57 ,Midiônibus ,2021,P7,0.006575,5.5e-05
D11 ,Transwolff,78976 ,GHF2F28 ,Midiônibus ,2021,P7,0.006575,5.5e-05
D1 ,D1,15202 ,DML8C92 ,Básico ,2021,P7,0.006575,5.5e-05
D6 ,Allibus,45111 ,EZN6F63 ,Midiônibus ,2021,P7,0.006575,5.5e-05
AR4 ,Express,48882 ,GEU6B96 ,Padron ,2021,P7,0.006575,5.5e-05
D6 ,Allibus,45113 ,EFZ0C83 ,Midiônibus ,2021,P7,0.006575,5.5e-05
D11 ,Transwolff,78690 ,ETY1I65 ,Midiônibus ,2021,P7,0.006575,5.5e-05
D1 ,D1,15197 ,FPP2D55 ,Básico ,2021,P7,0.006575,5.5e-05
D11 ,Transwolff,78679 ,EJV9J28 ,Midiônibus ,2021,P7,0.006575,5.5e-05
D11 ,Transwolff,78668 ,GEB3J28 ,Midiônibus ,2021,P7,0.006575,5.5e-05
AR9 ,Transppass,80035 ,GHT6E06 ,Padron ,2021,P7,0.006575,5.5e-05
E3 ,Metropole,31595 ,GFQ2E28 ,Articulado ,2021,P7,0.006575,5.5e-05
E3 ,Metropole,31594 ,GHJ5E27 ,Articulado ,2021,P7,0.006575,5.5e-05
E3 ,Metropole,31593 ,GHA4G67 ,Articulado ,2021,P7,0.006575,5.5e-05
E3 ,Metropole,31592 ,GJA7J85 ,Articulado ,2021,P7,0.006575,5.5e-05
E3 ,Metropole,31591 ,GEI5E66 ,Articulado ,2021,P7,0.006575,5.5e-05
E3 ,Metropole,31590 ,GDY4E47 ,Articulado ,2021,P7,0.006575,5.5e-05
D1 ,D1,15203 ,FMJ9H15 ,Básico ,2021,P7,0.006575,5.5e-05
D6 ,Allibus,45121 ,EMW8H43 ,Midiônibus ,2021,P7,0.006575,5.5e-05
AR9 ,Transppass,80055 ,FGS4I36 ,Padron ,2021,P7,0.006575,5.5e-05
AR2 ,Sambaiba,22262 ,BYW2A62 ,Padron ,2021,P7,0.006575,5.5e-05
AR9 ,Transppass,80057 ,FKH9J16 ,Padron ,2021,P7,0.006575,5.5e-05
D11 ,Transwolff,78599 ,ELK5B89 ,Básico ,2021,P7,0.006575,5.5e-05
D11 ,Transwolff,78669 ,EOJ9C88 ,Midiônibus ,2021,P7,0.006575,5.5e-05
D1 ,D1,15196 ,FYA3J48 ,Básico ,2021,P7,0.006575,5.5e-05
D11 ,Transwolff,78965 ,EXJ8G04 ,Midiônibus ,2021,P7,0.006575,5.5e-05
D11 ,Transwolff,78964 ,GFX6A14 ,Midiônibus ,2021,P7,0.006575,5.5e-05
E3 ,Metropole,31715 ,GGP6H87 ,Padron ,2021,P7,0.006575,5.5e-05
E3 ,Metropole,31714 ,GFO5A58 ,Padron ,2021,P7,0.006575,5.5e-05
E3 ,Metropole,31713 ,GCL8I19 ,Padron ,2021,P7,0.006575,5.5e-05
E3 ,Metropole,31712 ,GCE9B48 ,Padron ,2021,P7,0.006575,5.5e-05
E3 ,Metropole,31711 ,GFB3A36 ,Padron ,2021,P7,0.006575,5.5e-05
E3 ,Metropole,31710 ,GEF7A76 ,Padron ,2021,P7,0.006575,5.5e-05
E3 ,Metropole,31705 ,GDF3F78 ,Padron ,2021,P7,0.006575,5.5e-05
E3 ,Metropole,31704 ,GEI9H19 ,Padron ,2021,P7,0.006575,5.5e-05
E3 ,Metropole,31703 ,GCT2J85 ,Padron ,2021,P7,0.006575,5.5e-05
E3 ,Metropole,31702 ,GAI5I99 ,Padron ,2021,P7,0.006575,5.5e-05
E3 ,Metropole,31701 ,GHQ6H97 ,Padron ,2021,P7,0.006575,5.5e-05
D12 ,Transcap,85687 ,GBB9J27 ,Midiônibus ,2021,P7,0.006575,5.5e-05
AR5 ,Via Sudeste,51455 ,CBQ9H46 ,Padron ,2021,P7,0.006575,5.5e-05
E3 ,Metropole,31668 ,GCO3C07 ,Padron ,2021,P7,0.006575,5.5e-05
E3 ,Metropole,31667 ,GAI0A87 ,Padron ,2021,P7,0.006575,5.5e-05
E3 ,Metropole,31666 ,GJA0H46 ,Padron ,2021,P7,0.006575,5.5e-05
E3 ,Metropole,31665 ,GDM9J54 ,Padron ,2021,P7,0.006575,5.5e-05
D6 ,Allibus,45089 ,FVV6F78 ,Miniônibus ,2021,P7,0.006575,5.5e-05
D11 ,Transwolff,78951 ,GKI3C67 ,Midiônibus ,2021,P7,0.006575,5.5e-05
D11 ,Transwolff,78950 ,ECT1J25 ,Midiônibus ,2021,P7,0.006575,5.5e-05
E3 ,Metropole,31654 ,GDT5I47 ,Padron ,2021,P7,0.006575,5.5e-05
E3 ,Metropole,31655 ,GFK2D16 ,Padron ,2021,P7,0.006575,5.5e-05
E3 ,Metropole,31656 ,EKG2A76 ,Padron ,2021,P7,0.006575,5.5e-05
D11 ,Transwolff,78598 ,EKU5E29 ,Básico ,2021,P7,0.006575,5.5e-05
E3 ,Metropole,31657 ,GJG2D57 ,Padron ,2021,P7,0.006575,5.5e-05
E3 ,Metropole,31659 ,GKI3A58 ,Padron ,2021,P7,0.006575,5.5e-05
E3 ,Metropole,31660 ,GHS5H48 ,Padron ,2021,P7,0.006575,5.5e-05
E3 ,Metropole,31661 ,GCJ7A75 ,Padron ,2021,P7,0.006575,5.5e-05
E3 ,Metropole,31662 ,GEQ2A46 ,Padron ,2021,P7,0.006575,5.5e-05
E3 ,Metropole,31663 ,GCG3F57 ,Padron ,2021,P7,0.006575,5.5e-05
E3 ,Metropole,31664 ,GEP0E25 ,Padron ,2021,P7,0.006575,5.5e-05
E3 ,Metropole,31658 ,FWT4F16 ,Padron ,2021,P7,0.006575,5.5e-05
E7 ,Metropole,73301 ,GFX3J57 ,Articulado ,2021,P7,0.006575,5.5e-05
D3 ,Transunião ,36689 ,BYX9D89 ,Midiônibus ,2021,P7,0.006575,5.5e-05
D3 ,Transunião ,36682 ,FNU8A76 ,Midiônibus ,2021,P7,0.006575,5.5e-05
D1 ,Norte Buss,16745 ,BQU2C82 ,Miniônibus ,2021,P7,0.006575,5.5e-05
D1 ,Norte Buss,16739 ,FDW5B23 ,Básico ,2021,P7,0.006575,5.5e-05
D3 ,Transunião ,36558 ,ECH6F78 ,Midiônibus ,2021,P7,0.006575,5.5e-05
D3 ,Transunião ,36557 ,FJJ3E92 ,Midiônibus ,2021,P7,0.006575,5.5e-05
D6 ,Allibus,45170 ,ESS5G23 ,Midiônibus ,2021,P7,0.006575,5.5e-05
D3 ,Transunião ,36543 ,GKB6B03 ,Midiônibus ,2021,P7,0.006575,5.5e-05
D3 ,Transunião ,36522 ,GFW5I12 ,Midiônibus ,2021,P7,0.006575,5.5e-05
E5 ,Mobibrasil,63628 ,GJV5I06 ,Padron ,2021,P7,0.006575,5.5e-05
E5 ,Mobibrasil,63629 ,GGV0A82 ,Padron ,2021,P7,0.006575,5.5e-05
E5 ,Mobibrasil,63630 ,FFQ9H86 ,Padron ,2021,P7,0.006575,5.5e-05
E5 ,Mobibrasil,63631 ,FZG8B08 ,Padron ,2021,P7,0.006575,5.5e-05
E5 ,Mobibrasil,63632 ,EOO6I76 ,Padron ,2021,P7,0.006575,5.5e-05
E5 ,Mobibrasil,63633 ,GCY2A95 ,Padron ,2021,P7,0.006575,5.5e-05
E5 ,Mobibrasil,63634 ,EZU4I77 ,Padron ,2021,P7,0.006575,5.5e-05
D13 ,Alfa Rodobus,86239 ,BXZ1G53 ,Midiônibus ,2021,P7,0.006575,5.5e-05
E5 ,Mobibrasil,63636 ,FXG3G05 ,Padron ,2021,P7,0.006575,5.5e-05
E5 ,Mobibrasil,63638 ,FJN3F76 ,Padron ,2021,P7,0.006575,5.5e-05
E5 ,Mobibrasil,63639 ,FMK3E16 ,Padron ,2021,P7,0.006575,5.5e-05
E5 ,Mobibrasil,63640 ,EJW5E47 ,Padron ,2021,P7,0.006575,5.5e-05
E5 ,Mobibrasil,63641 ,EUE5H76 ,Padron ,2021,P7,0.006575,5.5e-05
E5 ,Mobibrasil,63642 ,FJU2A27 ,Padron ,2021,P7,0.006575,5.5e-05
D6 ,Allibus,45173 ,CUI5E87 ,Midiônibus ,2021,P7,0.006575,5.5e-05
D6 ,Allibus,45174 ,GCF5H67 ,Midiônibus ,2021,P7,0.006575,5.5e-05
D1 ,Norte Buss,16714 ,FXG2E14 ,Básico ,2021,P7,0.006575,5.5e-05
D1 ,Norte Buss,16711 ,GGA7G07 ,Miniônibus ,2021,P7,0.006575,5.5e-05
D6 ,Allibus,45179 ,FTU7C13 ,Midiônibus ,2021,P7,0.006575,5.5e-05
D1 ,Norte Buss,16672 ,EHN2I42 ,Básico ,2021,P7,0.006575,5.5e-05
AR4 ,Express,48501 ,GII1A86 ,Padron ,2021,P7,0.006575,5.5e-05
D11 ,Transwolff,78513 ,FTB4I38 ,Midiônibus ,2021,P7,0.006575,5.5e-05
D11 ,Transwolff,78509 ,FNG9H14 ,Midiônibus ,2021,P7,0.006575,5.5e-05
E5 ,Mobibrasil,63637 ,FQK7E98 ,Padron ,2021,P7,0.006575,5.5e-05
D3 ,Transunião ,36572 ,GDJ5A82 ,Midiônibus ,2021,P7,0.006575,5.5e-05
D3 ,Transunião ,36573 ,FCJ4C03 ,Midiônibus ,2021,P7,0.006575,5.5e-05
D3 ,Transunião ,36574 ,BVT8F14 ,Midiônibus ,2021,P7,0.006575,5.5e-05
D3 ,Transunião ,36678 ,GGX6F06 ,Midiônibus ,2021,P7,0.006575,5.5e-05
D3 ,Transunião ,36674 ,CFZ6F74 ,Midiônibus ,2021,P7,0.006575,5.5e-05
D1 ,D1,15219 ,EGU9C78 ,Miniônibus ,2021,P7,0.006575,5.5e-05
D1 ,D1,15221 ,CQL8J22 ,Miniônibus ,2021,P7,0.006575,5.5e-05
D6 ,Allibus,45131 ,EUJ0I49 ,Miniônibus ,2021,P7,0.006575,5.5e-05
E5 ,Mobibrasil,63446 ,GHC9C82 ,Padron ,2021,P7,0.006575,5.5e-05
E5 ,Mobibrasil,63447 ,GAL9H04 ,Padron ,2021,P7,0.006575,5.5e-05
E5 ,Mobibrasil,63448 ,GDR5D88 ,Padron ,2021,P7,0.006575,5.5e-05
E5 ,Mobibrasil,63449 ,GHV9D15 ,Padron ,2021,P7,0.006575,5.5e-05
E5 ,Mobibrasil,63471 ,EZG8C41 ,Padron ,2021,P7,0.006575,5.5e-05
E5 ,Mobibrasil,63478 ,ELI4B52 ,Padron ,2021,P7,0.006575,5.5e-05
E5 ,Mobibrasil,63479 ,GBU1H03 ,Padron ,2021,P7,0.006575,5.5e-05
D6 ,Allibus,45149 ,EKQ9H59 ,Miniônibus ,2021,P7,0.006575,5.5e-05
D1 ,D1,15222 ,FOP3D14 ,Miniônibus ,2021,P7,0.006575,5.5e-05
D3 ,Transunião ,36667 ,EXO3G74 ,Midiônibus ,2021,P7,0.006575,5.5e-05
D3 ,Transunião ,36663 ,FZF5G46 ,Midiônibus ,2021,P7,0.006575,5.5e-05
D1 ,D1,15223 ,FOK0J43 ,Miniônibus ,2021,P7,0.006575,5.5e-05
D11 ,Transwolff,78565 ,FZE7G58 ,Midiônibus ,2021,P7,0.006575,5.5e-05
D3 ,Transunião ,36576 ,FVR6C34 ,Midiônibus ,2021,P7,0.006575,5.5e-05
D3 ,Transunião ,36579 ,GDB1F45 ,Midiônibus ,2021,P7,0.006575,5.5e-05
D3 ,Transunião ,36588 ,EKU5C48 ,Midiônibus ,2021,P7,0.006575,5.5e-05
D3 ,Transunião ,36589 ,DSA8F59 ,Midiônibus ,2021,P7,0.006575,5.5e-05
D3 ,Transunião ,36590 ,EZP7G28 ,Midiônibus ,2021,P7,0.006575,5.5e-05
D3 ,Transunião ,36683 ,ENI1C84 ,Midiônibus ,2021,P7,0.006575,5.5e-05
D3 ,Transunião ,36609 ,FNK3H66 ,Midiônibus ,2021,P7,0.006575,5.5e-05
D3 ,Transunião ,36626 ,GJM1D96 ,Midiônibus ,2021,P7,0.006575,5.5e-05
D3 ,Transunião ,36630 ,FQU9A16 ,Midiônibus ,2021,P7,0.006575,5.5e-05
D3 ,Transunião ,36634 ,GDE7E86 ,Midiônibus ,2021,P7,0.006575,5.5e-05
D6 ,Allibus,45154 ,GGQ2E84 ,Miniônibus ,2021,P7,0.006575,5.5e-05
D3 ,Transunião ,36648 ,EIS1C08 ,Midiônibus ,2021,P7,0.006575,5.5e-05
D1 ,D1,15224 ,ENZ7D45 ,Miniônibus ,2021,P7,0.006575,5.5e-05
D3 ,Transunião ,36617 ,FIG2H97 ,Midiônibus ,2021,P7,0.006575,5.5e-05
D1 ,Norte Buss,16616 ,BYW3G14 ,Básico ,2021,P7,0.006575,5.5e-05
E7 ,Metropole,73302 ,GBJ9H47 ,Articulado ,2021,P7,0.006575,5.5e-05
E7 ,Metropole,73304 ,GAS8F06 ,Articulado ,2021,P7,0.006575,5.5e-05
AR5 ,Via Sudeste,51417 ,ENZ2G69 ,Padron ,2021,P7,0.006575,5.5e-05
AR5 ,Via Sudeste,51418 ,FVO6D01 ,Padron ,2021,P7,0.006575,5.5e-05
AR5 ,Via Sudeste,51419 ,ETQ0J92 ,Padron ,2021,P7,0.006575,5.5e-05
AR5 ,Via Sudeste,51420 ,BKU1E81 ,Padron ,2021,P7,0.006575,5.5e-05
AR5 ,Via Sudeste,51421 ,EKU7A82 ,Padron ,2021,P7,0.006575,5.5e-05
AR5 ,Via Sudeste,51422 ,FCU7A13 ,Padron ,2021,P7,0.006575,5.5e-05
AR5 ,Via Sudeste,51423 ,FSD3C94 ,Padron ,2021,P7,0.006575,5.5e-05
AR5 ,Via Sudeste,51424 ,GDW2J55 ,Padron ,2021,P7,0.006575,5.5e-05
AR5 ,Via Sudeste,51425 ,FXO4C76 ,Padron ,2021,P7,0.006575,5.5e-05
AR5 ,Via Sudeste,51426 ,EOJ9E07 ,Padron ,2021,P7,0.006575,5.5e-05
AR5 ,Via Sudeste,51427 ,GHW6C48 ,Padron ,2021,P7,0.006575,5.5e-05
AR5 ,Via Sudeste,51428 ,CUF8B59 ,Padron ,2021,P7,0.006575,5.5e-05
AR5 ,Via Sudeste,51429 ,DYI1A61 ,Padron ,2021,P7,0.006575,5.5e-05
AR5 ,Via Sudeste,51430 ,GDC3G81 ,Padron ,2021,P7,0.006575,5.5e-05
AR5 ,Via Sudeste,51416 ,EDU6B48 ,Padron ,2021,P7,0.006575,5.5e-05
AR5 ,Via Sudeste,51431 ,FCM7J12 ,Padron ,2021,P7,0.006575,5.5e-05
AR5 ,Via Sudeste,51433 ,EEG1G24 ,Padron ,2021,P7,0.006575,5.5e-05
AR5 ,Via Sudeste,51434 ,GEU5I35 ,Padron ,2021,P7,0.006575,5.5e-05
AR5 ,Via Sudeste,51435 ,BHM8J96 ,Padron ,2021,P7,0.006575,5.5e-05
AR5 ,Via Sudeste,51436 ,BRK5F87 ,Padron ,2021,P7,0.006575,5.5e-05
AR5 ,Via Sudeste,51437 ,GEI2C48 ,Padron ,2021,P7,0.006575,5.5e-05
AR5 ,Via Sudeste,51438 ,EKU0A51 ,Padron ,2021,P7,0.006575,5.5e-05
AR5 ,Via Sudeste,51439 ,BZB8A62 ,Padron ,2021,P7,0.006575,5.5e-05
AR5 ,Via Sudeste,51440 ,GJL6B83 ,Padron ,2021,P7,0.006575,5.5e-05
AR5 ,Via Sudeste,51441 ,FYC0H74 ,Padron ,2021,P7,0.006575,5.5e-05
AR5 ,Via Sudeste,51442 ,FVL6B89 ,Padron ,2021,P7,0.006575,5.5e-05
AR5 ,Via Sudeste,51443 ,GHW2E71 ,Padron ,2021,P7,0.006575,5.5e-05
AR5 ,Via Sudeste,51444 ,FOW8A62 ,Padron ,2021,P7,0.006575,5.5e-05
AR5 ,Via Sudeste,51445 ,DEI1E75 ,Padron ,2021,P7,0.006575,5.5e-05
E7 ,Metropole,73490 ,GFE9E96 ,Padron ,2021,P7,0.006575,5.5e-05
AR5 ,Via Sudeste,51432 ,FVF3F13 ,Padron ,2021,P7,0.006575,5.5e-05
AR5 ,Via Sudeste,51415 ,FRY9D67 ,Padron ,2021,P7,0.006575,5.5e-05
AR5 ,Via Sudeste,51414 ,BWO6B26 ,Padron ,2021,P7,0.006575,5.5e-05
AR5 ,Via Sudeste,51413 ,EFG4H95 ,Padron ,2021,P7,0.006575,5.5e-05
D11 ,Transwolff,78772 ,GEN1B68 ,Midiônibus ,2021,P7,0.006575,5.5e-05
D1 ,D1,15170 ,CRW0G77 ,Miniônibus ,2021,P7,0.006575,5.5e-05
D11 ,Transwolff,78775 ,FTJ6J45 ,Básico ,2021,P7,0.006575,5.5e-05
D6 ,Allibus,45017 ,GDS7G37 ,Midiônibus ,2021,P7,0.006575,5.5e-05
D1 ,D1,15169 ,DZN1J98 ,Básico ,2021,P7,0.006575,5.5e-05
D11 ,Transwolff,78786 ,GBA1E83 ,Midiônibus ,2021,P7,0.006575,5.5e-05
D11 ,Transwolff,78787 ,ENE8F86 ,Midiônibus ,2021,P7,0.006575,5.5e-05
D1 ,D1,15168 ,GKE8F48 ,Básico ,2021,P7,0.006575,5.5e-05
D11 ,Transwolff,78740 ,EXN6C98 ,Midiônibus ,2021,P7,0.006575,5.5e-05
D1 ,D1,15187 ,FPV5G81 ,Básico ,2021,P7,0.006575,5.5e-05
D1 ,D1,15188 ,FPP8F17 ,Básico ,2021,P7,0.006575,5.5e-05
D13 ,Alfa Rodobus,86002 ,GDU2J75 ,Midiônibus ,2021,P7,0.006575,5.5e-05
D1 ,D1,15189 ,EPA7E89 ,Básico ,2021,P7,0.006575,5.5e-05
D1 ,D1,15190 ,FIL4F78 ,Básico ,2021,P7,0.006575,5.5e-05
D1 ,D1,15191 ,ESP8A59 ,Básico ,2021,P7,0.006575,5.5e-05
D1 ,D1,15192 ,DZN1B97 ,Básico ,2021,P7,0.006575,5.5e-05
D1 ,D1,15194 ,EFN1D17 ,Básico ,2021,P7,0.006575,5.5e-05
AR5 ,Via Sudeste,51412 ,ELO6H64 ,Padron ,2021,P7,0.006575,5.5e-05
AR5 ,Via Sudeste,51411 ,DQV8D13 ,Padron ,2021,P7,0.006575,5.5e-05
AR5 ,Via Sudeste,51410 ,DYC8G42 ,Padron ,2021,P7,0.006575,5.5e-05
AR5 ,Via Sudeste,51409 ,CKU2A71 ,Padron ,2021,P7,0.006575,5.5e-05
AR5 ,Via Sudeste,51408 ,DRR2F69 ,Padron ,2021,P7,0.006575,5.5e-05
AR5 ,Via Sudeste,51407 ,GFS5F48 ,Padron ,2021,P7,0.006575,5.5e-05
E7 ,Metropole,73489 ,GCB6G15 ,Padron ,2021,P7,0.006575,5.5e-05
AR5 ,Via Sudeste,51406 ,EZY4H17 ,Padron ,2021,P7,0.006575,5.5e-05
AR5 ,Via Sudeste,51404 ,DZO1I95 ,Padron ,2021,P7,0.006575,5.5e-05
AR5 ,Via Sudeste,51403 ,FPC7F34 ,Padron ,2021,P7,0.006575,5.5e-05
AR5 ,Via Sudeste,51402 ,DKH4H93 ,Padron ,2021,P7,0.006575,5.5e-05
AR5 ,Via Sudeste,51401 ,DQH0E01 ,Padron ,2021,P7,0.006575,5.5e-05
AR5 ,Via Sudeste,51400 ,EKD7H42 ,Padron ,2021,P7,0.006575,5.5e-05
D1 ,D1,15195 ,FKM9J26 ,Básico ,2021,P7,0.006575,5.5e-05
AR5 ,Via Sudeste,51405 ,FTD0B56 ,Padron ,2021,P7,0.006575,5.5e-05
E7 ,Metropole,73303 ,GIQ0E35 ,Articulado ,2021,P7,0.006575,5.5e-05
E7 ,Metropole,73488 ,GHS5F68 ,Padron ,2021,P7,0.006575,5.5e-05
E7 ,Metropole,73486 ,GFA2B45 ,Padron ,2021,P7,0.006575,5.5e-05
E6 ,Grajau,61354 ,FYR2A47 ,Articulado ,2021,P7,0.006575,5.5e-05
D11 ,Transwolff,78864 ,FZC5C68 ,Midiônibus ,2021,P7,0.006575,5.5e-05
D6 ,Allibus,45064 ,FLH2F33 ,Midiônibus ,2021,P7,0.006575,5.5e-05
E6 ,Grajau,61353 ,EXE5J26 ,Articulado ,2021,P7,0.006575,5.5e-05
D6 ,Allibus,45066 ,EXD1B99 ,Miniônibus ,2021,P7,0.006575,5.5e-05
E6 ,Grajau,61352 ,BYP7D05 ,Articulado ,2021,P7,0.006575,5.5e-05
E6 ,Grajau,61351 ,GFS4G64 ,Articulado ,2021,P7,0.006575,5.5e-05
E6 ,Grajau,61350 ,FZO5A13 ,Articulado ,2021,P7,0.006575,5.5e-05
E6 ,Grajau,61349 ,EFA3D82 ,Articulado ,2021,P7,0.006575,5.5e-05
E6 ,Grajau,61348 ,GBY7I31 ,Articulado ,2021,P7,0.006575,5.5e-05
E6 ,Grajau,61347 ,GEZ7E39 ,Articulado ,2021,P7,0.006575,5.5e-05
E6 ,Grajau,61346 ,ECJ1H88 ,Articulado ,2021,P7,0.006575,5.5e-05
E6 ,Grajau,61345 ,FGW1D97 ,Articulado ,2021,P7,0.006575,5.5e-05
E6 ,Grajau,61344 ,FQI9I76 ,Articulado ,2021,P7,0.006575,5.5e-05
D11 ,Transwolff,78855 ,FLK6I49 ,Midiônibus ,2021,P7,0.006575,5.5e-05
E6 ,Grajau,61343 ,FCU4A35 ,Articulado ,2021,P7,0.006575,5.5e-05
D11 ,Transwolff,78895 ,FXI1G48 ,Miniônibus ,2021,P7,0.006575,5.5e-05
D6 ,Allibus,45088 ,GDS5H59 ,Midiônibus ,2021,P7,0.006575,5.5e-05
E6 ,Grajau,61341 ,GDW2H83 ,Articulado ,2021,P7,0.006575,5.5e-05
D11 ,Transwolff,78901 ,EWT1H03 ,Miniônibus ,2021,P7,0.006575,5.5e-05
D11 ,Transwolff,78902 ,EGY1E51 ,Miniônibus ,2021,P7,0.006575,5.5e-05
D11 ,Transwolff,78903 ,GGW5C13 ,Miniônibus ,2021,P7,0.006575,5.5e-05
E6 ,Grajau,61340 ,FLS7C24 ,Articulado ,2021,P7,0.006575,5.5e-05
E6 ,Grajau,61339 ,FND8C21 ,Articulado ,2021,P7,0.006575,5.5e-05
E6 ,Grajau,61338 ,DLG8B19 ,Articulado ,2021,P7,0.006575,5.5e-05
D11 ,Transwolff,78921 ,EMN5G03 ,Midiônibus ,2021,P7,0.006575,5.5e-05
AR5 ,Via Sudeste,51454 ,EOB6C35 ,Padron ,2021,P7,0.006575,5.5e-05
D12 ,Transcap,85688 ,FLN3D97 ,Midiônibus ,2021,P7,0.006575,5.5e-05
E7 ,Metropole,73306 ,GEY3A75 ,Articulado ,2021,P7,0.006575,5.5e-05
E7 ,Metropole,73305 ,GAU4J55 ,Articulado ,2021,P7,0.006575,5.5e-05
E6 ,Grajau,61342 ,EHL8D62 ,Articulado ,2021,P7,0.006575,5.5e-05
E6 ,Grajau,61355 ,BYZ8D48 ,Articulado ,2021,P7,0.006575,5.5e-05
AR5 ,Via Sudeste,51453 ,CCU3A44 ,Padron ,2021,P7,0.006575,5.5e-05
AR5 ,Via Sudeste,51452 ,ERA1A53 ,Padron ,2021,P7,0.006575,5.5e-05
E7 ,Metropole,73485 ,GGU9G45 ,Padron ,2021,P7,0.006575,5.5e-05
E7 ,Metropole,73484 ,GJO3C54 ,Padron ,2021,P7,0.006575,5.5e-05
E7 ,Metropole,73482 ,GCU4G95 ,Padron ,2021,P7,0.006575,5.5e-05
E7 ,Metropole,73481 ,GEE7F68 ,Padron ,2021,P7,0.006575,5.5e-05
E7 ,Metropole,73480 ,GAE8E85 ,Padron ,2021,P7,0.006575,5.5e-05
E7 ,Metropole,73479 ,GHH3B17 ,Padron ,2021,P7,0.006575,5.5e-05
E7 ,Metropole,73478 ,GAL7H38 ,Padron ,2021,P7,0.006575,5.5e-05
E7 ,Metropole,73477 ,GBH3E08 ,Padron ,2021,P7,0.006575,5.5e-05
E7 ,Metropole,73476 ,GHQ7F78 ,Padron ,2021,P7,0.006575,5.5e-05
E7 ,Metropole,73475 ,GEY4B58 ,Padron ,2021,P7,0.006575,5.5e-05
E7 ,Metropole,73474 ,GAE5B77 ,Padron ,2021,P7,0.006575,5.5e-05
E7 ,Metropole,73473 ,GDH3F96 ,Padron ,2021,P7,0.006575,5.5e-05
E7 ,Metropole,73472 ,GCU7C37 ,Padron ,2021,P7,0.006575,5.5e-05
E7 ,Metropole,73471 ,FGX8E18 ,Padron ,2021,P7,0.006575,5.5e-05
D12 ,Transcap,85696 ,FYG5G83 ,Midiônibus ,2021,P7,0.006575,5.5e-05
D12 ,Transcap,85695 ,ELO5J44 ,Midiônibus ,2021,P7,0.006575,5.5e-05
D12 ,Transcap,85694 ,FXG7G66 ,Midiônibus ,2021,P7,0.006575,5.5e-05
AR5 ,Via Sudeste,51451 ,DFS3A52 ,Padron ,2021,P7,0.006575,5.5e-05
AR5 ,Via Sudeste,51450 ,FLM7E31 ,Padron ,2021,P7,0.006575,5.5e-05
AR5 ,Via Sudeste,51449 ,CUA1H69 ,Padron ,2021,P7,0.006575,5.5e-05
AR5 ,Via Sudeste,51448 ,BYY7A58 ,Padron ,2021,P7,0.006575,5.5e-05
AR5 ,Via Sudeste,51447 ,CKU7G07 ,Padron ,2021,P7,0.006575,5.5e-05
E6 ,Grajau,61382 ,CUM1D69 ,Articulado ,2021,P7,0.006575,5.5e-05
E7 ,Metropole,73487 ,GGZ3B17 ,Padron ,2021,P7,0.006575,5.5e-05
E6 ,Grajau,61383 ,FLA5E79 ,Articulado ,2021,P7,0.006575,5.5e-05
AR5 ,Via Sudeste,51446 ,FCZ1C76 ,Padron ,2021,P7,0.006575,5.5e-05
D12 ,Transcap,85689 ,GKD6D95 ,Midiônibus ,2021,P7,0.006575,5.5e-05
D12 ,Transcap,85690 ,GGK8C92 ,Midiônibus ,2021,P7,0.006575,5.5e-05
D12 ,Transcap,85691 ,GGU0J98 ,Midiônibus ,2021,P7,0.006575,5.5e-05
D12 ,Transcap,85692 ,FWQ2D75 ,Midiônibus ,2021,P7,0.006575,5.5e-05
D12 ,Transcap,85693 ,FKI1D23 ,Midiônibus ,2021,P7,0.006575,5.5e-05
D6 ,Allibus,45040 ,FZB9G84 ,Miniônibus ,2021,P7,0.006575,5.5e-05
D6 ,Allibus,45193 ,GDA2B48 ,Midiônibus ,2021,P7,0.006575,5.5e-05
D6 ,Allibus,45126 ,FJV7G88 ,Midiônibus ,2021,P7,0.006575,5.5e-05
D6 ,Allibus,45724 ,DAT7A38 ,Midiônibus ,2021,P7,0.006575,5.5e-05
AR3 ,Metropole,32211 ,GBJ5F78 ,Padron ,2021,P7,0.006575,5.5e-05
D3 ,Transunião ,36086 ,DGX1A68 ,Midiônibus ,2021,P7,0.006575,5.5e-05
D3 ,Transunião ,36160 ,BKU2H13 ,Midiônibus ,2021,P7,0.006575,5.5e-05
D3 ,Transunião ,36158 ,GEG1B17 ,Midiônibus ,2021,P7,0.006575,5.5e-05
D6 ,Allibus,45272 ,FMT8G37 ,Midiônibus ,2021,P7,0.006575,5.5e-05
D3 ,Transunião ,36008 ,CUH2G88 ,Midiônibus ,2021,P7,0.006575,5.5e-05
AR6 ,Mobibrasil,64488 ,EFL9D15 ,Padron ,2021,P7,0.006575,5.5e-05
AR6 ,Mobibrasil,64487 ,FXK1C65 ,Padron ,2021,P7,0.006575,5.5e-05
AR6 ,Mobibrasil,64486 ,FYZ6C05 ,Padron ,2021,P7,0.006575,5.5e-05
AR6 ,Mobibrasil,64485 ,FPY0B44 ,Padron ,2021,P7,0.006575,5.5e-05
AR6 ,Mobibrasil,64484 ,FHO9J54 ,Padron ,2021,P7,0.006575,5.5e-05
AR6 ,Mobibrasil,64483 ,FCR4B04 ,Padron ,2021,P7,0.006575,5.5e-05
AR6 ,Mobibrasil,64482 ,GHY9E23 ,Padron ,2021,P7,0.006575,5.5e-05
AR6 ,Mobibrasil,64481 ,EXN8J03 ,Padron ,2021,P7,0.006575,5.5e-05
AR6 ,Mobibrasil,64480 ,DVI0H52 ,Padron ,2021,P7,0.006575,5.5e-05
AR6 ,Mobibrasil,64477 ,GHO5C29 ,Padron ,2021,P7,0.006575,5.5e-05
AR6 ,Mobibrasil,64476 ,DMW4F19 ,Padron ,2021,P7,0.006575,5.5e-05
D3 ,Transunião ,36156 ,FFJ4H96 ,Midiônibus ,2021,P7,0.006575,5.5e-05
D3 ,Transunião ,36151 ,BZL8D45 ,Midiônibus ,2021,P7,0.006575,5.5e-05
D3 ,Transunião ,36150 ,EEI1B28 ,Midiônibus ,2021,P7,0.006575,5.5e-05
D6 ,Allibus,45281 ,FXK6I17 ,Midiônibus ,2021,P7,0.006575,5.5e-05
AR6 ,Mobibrasil,64475 ,EVO0C67 ,Padron ,2021,P7,0.006575,5.5e-05
AR6 ,Mobibrasil,64474 ,BZF9A18 ,Padron ,2021,P7,0.006575,5.5e-05
AR6 ,Mobibrasil,64473 ,DIL8G59 ,Padron ,2021,P7,0.006575,5.5e-05
AR6 ,Mobibrasil,64472 ,EJU4J21 ,Padron ,2021,P7,0.006575,5.5e-05
AR3 ,Metropole,32210 ,GBE7G59 ,Padron ,2021,P7,0.006575,5.5e-05
D3 ,Transunião ,36007 ,DZX6I62 ,Midiônibus ,2021,P7,0.006575,5.5e-05
AR3 ,Metropole,32209 ,GJF7E86 ,Padron ,2021,P7,0.006575,5.5e-05
D3 ,Transunião ,36170 ,DKH7E36 ,Midiônibus ,2021,P7,0.006575,5.5e-05
D2 ,Norte Buss,26387 ,GKG9C96 ,Miniônibus ,2021,P7,0.006575,5.5e-05
D11 ,Transwolff,78490 ,GBP5G38 ,Midiônibus ,2021,P7,0.006575,5.5e-05
D12 ,Transcap,85697 ,FWB6B58 ,Midiônibus ,2021,P7,0.006575,5.5e-05
D3 ,Transunião ,36195 ,EZD1E67 ,Midiônibus ,2021,P7,0.006575,5.5e-05
D2 ,Norte Buss,26374 ,GDQ5J07 ,Miniônibus ,2021,P7,0.006575,5.5e-05
D13 ,Alfa Rodobus,86323 ,GKC0D08 ,Midiônibus ,2021,P7,0.006575,5.5e-05
AR6 ,Mobibrasil,64623 ,FOY2B81 ,Padron ,2021,P7,0.006575,5.5e-05
D2 ,Norte Buss,26366 ,FXN7J81 ,Básico ,2021,P7,0.006575,5.5e-05
D2 ,Norte Buss,26360 ,EDZ6B36 ,Básico ,2021,P7,0.006575,5.5e-05
AR6 ,Mobibrasil,64622 ,ESX0I43 ,Padron ,2021,P7,0.006575,5.5e-05
D3 ,Transunião ,36186 ,GEM1I86 ,Midiônibus ,2021,P7,0.006575,5.5e-05
AR6 ,Mobibrasil,64621 ,ELG3G23 ,Padron ,2021,P7,0.006575,5.5e-05
AR6 ,Mobibrasil,64470 ,FPG8I31 ,Padron ,2021,P7,0.006575,5.5e-05
D2 ,Norte Buss,26354 ,FTO2C96 ,Miniônibus ,2021,P7,0.006575,5.5e-05
AR6 ,Mobibrasil,64620 ,FPD6A93 ,Padron ,2021,P7,0.006575,5.5e-05
D2 ,Norte Buss,26347 ,DRG6H14 ,Miniônibus ,2021,P7,0.006575,5.5e-05
AR6 ,Mobibrasil,64619 ,ESG7J24 ,Padron ,2021,P7,0.006575,5.5e-05
AR6 ,Mobibrasil,64618 ,BXD1H24 ,Padron ,2021,P7,0.006575,5.5e-05
D2 ,Norte Buss,26340 ,BPZ0C43 ,Básico ,2021,P7,0.006575,5.5e-05
AR6 ,Mobibrasil,64617 ,ETQ0G94 ,Padron ,2021,P7,0.006575,5.5e-05
AR6 ,Mobibrasil,64616 ,FDS9I84 ,Padron ,2021,P7,0.006575,5.5e-05
AR6 ,Mobibrasil,64615 ,FMY6B14 ,Padron ,2021,P7,0.006575,5.5e-05
D3 ,Transunião ,36174 ,ENE6B92 ,Midiônibus ,2021,P7,0.006575,5.5e-05
AR6 ,Mobibrasil,64614 ,GCG0G74 ,Padron ,2021,P7,0.006575,5.5e-05
D3 ,Transunião ,36171 ,FWX0A85 ,Midiônibus ,2021,P7,0.006575,5.5e-05
AR6 ,Mobibrasil,64613 ,EKE9F71 ,Padron ,2021,P7,0.006575,5.5e-05
D3 ,Transunião ,36183 ,GFK9D92 ,Midiônibus ,2021,P7,0.006575,5.5e-05
D3 ,Transunião ,36202 ,DWS8H12 ,Midiônibus ,2021,P7,0.006575,5.5e-05
AR6 ,Mobibrasil,64469 ,FGX6F82 ,Padron ,2021,P7,0.006575,5.5e-05
AR6 ,Mobibrasil,64467 ,EXV1B28 ,Padron ,2021,P7,0.006575,5.5e-05
D3 ,Transunião ,36030 ,GAU9J06 ,Midiônibus ,2021,P7,0.006575,5.5e-05
D13 ,Alfa Rodobus,86338 ,GFQ1E36 ,Midiônibus ,2021,P7,0.006575,5.5e-05
D1 ,Norte Buss,16551 ,EQA7C27 ,Básico ,2021,P7,0.006575,5.5e-05
D3 ,Transunião ,36039 ,FWE0J69 ,Midiônibus ,2021,P7,0.006575,5.5e-05
D3 ,Transunião ,36041 ,FPU0E94 ,Midiônibus ,2021,P7,0.006575,5.5e-05
D3 ,Transunião ,36044 ,GJU1H54 ,Midiônibus ,2021,P7,0.006575,5.5e-05
D3 ,Transunião ,36045 ,GGU8G12 ,Midiônibus ,2021,P7,0.006575,5.5e-05
D3 ,Transunião ,36050 ,EZU6C15 ,Midiônibus ,2021,P7,0.006575,5.5e-05
D6 ,Allibus,45310 ,FZZ8A37 ,Midiônibus ,2021,P7,0.006575,5.5e-05
D6 ,Allibus,45307 ,FVJ6B64 ,Midiônibus ,2021,P7,0.006575,5.5e-05
D3 ,Transunião ,36060 ,ECU9D75 ,Midiônibus ,2021,P7,0.006575,5.5e-05
D3 ,Transunião ,36069 ,GFL3A85 ,Midiônibus ,2021,P7,0.006575,5.5e-05
D11 ,Transwolff,78466 ,FVQ6E37 ,Midiônibus ,2021,P7,0.006575,5.5e-05
D3 ,Transunião ,36117 ,FVZ9G47 ,Midiônibus ,2021,P7,0.006575,5.5e-05
D3 ,Transunião ,36076 ,BYP2H49 ,Midiônibus ,2021,P7,0.006575,5.5e-05
D3 ,Transunião ,36114 ,FUP9H33 ,Midiônibus ,2021,P7,0.006575,5.5e-05
D3 ,Transunião ,36108 ,EEH5F03 ,Midiônibus ,2021,P7,0.006575,5.5e-05
D3 ,Transunião ,36079 ,BXD6G97 ,Midiônibus ,2021,P7,0.006575,5.5e-05
D3 ,Transunião ,36107 ,FUS6H54 ,Midiônibus ,2021,P7,0.006575,5.5e-05
D1 ,D1,15255 ,FYD6H62 ,Miniônibus ,2021,P7,0.006575,5.5e-05
D3 ,Transunião ,36083 ,GFY3A89 ,Midiônibus ,2021,P7,0.006575,5.5e-05
D3 ,Transunião ,36092 ,GAO9B26 ,Midiônibus ,2021,P7,0.006575,5.5e-05
D3 ,Transunião ,36090 ,FMS6H36 ,Midiônibus ,2021,P7,0.006575,5.5e-05
AR4 ,Express,48124 ,FMA6D32 ,Padron ,2021,P7,0.006575,5.5e-05
D3 ,Transunião ,36085 ,GCK9F28 ,Midiônibus ,2021,P7,0.006575,5.5e-05
D3 ,Transunião ,36020 ,CTC9D62 ,Midiônibus ,2021,P7,0.006575,5.5e-05
D3 ,Transunião ,36120 ,CKU3H94 ,Midiônibus ,2021,P7,0.006575,5.5e-05
D3 ,Transunião ,36122 ,FCW3F22 ,Midiônibus ,2021,P7,0.006575,5.5e-05
D3 ,Transunião ,36019 ,FXP5F74 ,Midiônibus ,2021,P7,0.006575,5.5e-05
AR6 ,Mobibrasil,64466 ,GKF8J58 ,Padron ,2021,P7,0.006575,5.5e-05
AR6 ,Mobibrasil,64465 ,GIU7G18 ,Padron ,2021,P7,0.006575,5.5e-05
AR6 ,Mobibrasil,64464 ,GIT4H37 ,Padron ,2021,P7,0.006575,5.5e-05
AR6 ,Mobibrasil,64463 ,GJL9C77 ,Padron ,2021,P7,0.006575,5.5e-05
AR6 ,Mobibrasil,64462 ,FCO5B67 ,Padron ,2021,P7,0.006575,5.5e-05
AR6 ,Mobibrasil,64461 ,GKC9I66 ,Padron ,2021,P7,0.006575,5.5e-05
AR6 ,Mobibrasil,64460 ,GAH7E76 ,Padron ,2021,P7,0.006575,5.5e-05
AR6 ,Mobibrasil,64459 ,GHK4E96 ,Padron ,2021,P7,0.006575,5.5e-05
AR6 ,Mobibrasil,64458 ,GIH7A57 ,Padron ,2021,P7,0.006575,5.5e-05
AR6 ,Mobibrasil,64457 ,GIX8G93 ,Padron ,2021,P7,0.006575,5.5e-05
AR6 ,Mobibrasil,64456 ,GIA3A17 ,Padron ,2021,P7,0.006575,5.5e-05
AR6 ,Mobibrasil,64455 ,GEE9I36 ,Padron ,2021,P7,0.006575,5.5e-05
AR6 ,Mobibrasil,64468 ,DWP7F89 ,Padron ,2021,P7,0.006575,5.5e-05
AR6 ,Mobibrasil,64454 ,GHA2J02 ,Padron ,2021,P7,0.006575,5.5e-05
D3 ,Transunião ,36137 ,FIL1E47 ,Midiônibus ,2021,P7,0.006575,5.5e-05
D6 ,Allibus,45288 ,FNM2J37 ,Midiônibus ,2021,P7,0.006575,5.5e-05
D2 ,Norte Buss,26310 ,EBS1J54 ,Básico ,2021,P7,0.006575,5.5e-05
D3 ,Transunião ,36133 ,FVC8I95 ,Midiônibus ,2021,P7,0.006575,5.5e-05
AR6 ,Mobibrasil,64452 ,GEN7D21 ,Padron ,2021,P7,0.006575,5.5e-05
AR6 ,Mobibrasil,64451 ,GGT1D91 ,Padron ,2021,P7,0.006575,5.5e-05
D3 ,Transunião ,36009 ,EFC8E29 ,Midiônibus ,2021,P7,0.006575,5.5e-05
D3 ,Transunião ,36011 ,DET7D11 ,Midiônibus ,2021,P7,0.006575,5.5e-05
D3 ,Transunião ,36014 ,DOM4E39 ,Midiônibus ,2021,P7,0.006575,5.5e-05
D3 ,Transunião ,36131 ,END7J01 ,Midiônibus ,2021,P7,0.006575,5.5e-05
D3 ,Transunião ,36018 ,EAR8I67 ,Midiônibus ,2021,P7,0.006575,5.5e-05
D3 ,Transunião ,36126 ,FJH9H06 ,Midiônibus ,2021,P7,0.006575,5.5e-05
D3 ,Transunião ,36148 ,BWJ8I52 ,Midiônibus ,2021,P7,0.006575,5.5e-05
D3 ,Transunião ,36208 ,GHU7D48 ,Midiônibus ,2021,P7,0.006575,5.5e-05
AR3 ,Metropole,32212 ,GGZ3F87 ,Padron ,2021,P7,0.006575,5.5e-05
D3 ,Transunião ,36209 ,FWI0I22 ,Midiônibus ,2021,P7,0.006575,5.5e-05
D6 ,Allibus,45202 ,FPJ6B53 ,Midiônibus ,2021,P7,0.006575,5.5e-05
E9 ,Gatusa,76096 ,FWL2D17 ,Padron ,2021,P7,0.006575,5.5e-05
E9 ,Gatusa,76097 ,BYW0J24 ,Padron ,2021,P7,0.006575,5.5e-05
D6 ,Allibus,45262 ,GEW8H37 ,Midiônibus ,2021,P7,0.006575,5.5e-05
D6 ,Allibus,45205 ,GCF0H18 ,Midiônibus ,2021,P7,0.006575,5.5e-05
D13 ,Alfa Rodobus,86119 ,BSX4C66 ,Midiônibus ,2021,P7,0.006575,5.5e-05
E9 ,Gatusa,76099 ,FPX4G08 ,Padron ,2021,P7,0.006575,5.5e-05
E9 ,Gatusa,76100 ,FNU3E83 ,Padron ,2021,P7,0.006575,5.5e-05
D13 ,Alfa Rodobus,86120 ,FTS9A24 ,Midiônibus ,2021,P7,0.006575,5.5e-05
D13 ,Alfa Rodobus,86108 ,GGQ7C87 ,Básico ,2021,P7,0.006575,5.5e-05
D13 ,Alfa Rodobus,86121 ,FUS4J96 ,Midiônibus ,2021,P7,0.006575,5.5e-05
D6 ,Allibus,45209 ,GHF9D49 ,Midiônibus ,2021,P7,0.006575,5.5e-05
D13 ,Alfa Rodobus,86122 ,EZY8F67 ,Midiônibus ,2021,P7,0.006575,5.5e-05
D13 ,Alfa Rodobus,86124 ,BTZ1H35 ,Midiônibus ,2021,P7,0.006575,5.5e-05
D13 ,Alfa Rodobus,86125 ,FXP4D17 ,Midiônibus ,2021,P7,0.006575,5.5e-05
D1 ,Norte Buss,16561 ,BZF2E73 ,Miniônibus ,2021,P7,0.006575,5.5e-05
D6 ,Allibus,45211 ,ENE6D53 ,Midiônibus ,2021,P7,0.006575,5.5e-05
D13 ,Alfa Rodobus,86126 ,EXJ5H06 ,Midiônibus ,2021,P7,0.006575,5.5e-05
D13 ,Alfa Rodobus,86127 ,FUO5G18 ,Midiônibus ,2021,P7,0.006575,5.5e-05
D3 ,Transunião ,36333 ,FFD1G73 ,Midiônibus ,2021,P7,0.006575,5.5e-05
D13 ,Alfa Rodobus,86270 ,BZB4J14 ,Midiônibus ,2021,P7,0.006575,5.5e-05
D6 ,Allibus,45225 ,FGS9B87 ,Midiônibus ,2021,P7,0.006575,5.5e-05
D1 ,Norte Buss,16569 ,GCZ5F68 ,Básico ,2021,P7,0.006575,5.5e-05
D3 ,Transunião ,36507 ,EQT1J35 ,Midiônibus ,2021,P7,0.006575,5.5e-05
AR2 ,Sambaiba,22260 ,CUO2A60 ,Padron ,2021,P7,0.006575,5.5e-05
AR2 ,Sambaiba,22259 ,BQU2A59 ,Padron ,2021,P7,0.006575,5.5e-05
AR2 ,Sambaiba,22258 ,FBE2A58 ,Padron ,2021,P7,0.006575,5.5e-05
AR2 ,Sambaiba,22257 ,BYY2A57 ,Padron ,2021,P7,0.006575,5.5e-05
AR2 ,Sambaiba,22256 ,BYQ2A56 ,Padron ,2021,P7,0.006575,5.5e-05
AR2 ,Sambaiba,22255 ,BYI2A55 ,Padron ,2021,P7,0.006575,5.5e-05
E4 ,Via Sudeste,52400 ,FOK5H47 ,Padron ,2021,P7,0.006575,5.5e-05
E4 ,Via Sudeste,52401 ,DSP2I98 ,Padron ,2021,P7,0.006575,5.5e-05
D6 ,Allibus,45196 ,FJQ8E34 ,Miniônibus ,2021,P7,0.006575,5.5e-05
D6 ,Allibus,45201 ,FLD3A63 ,Midiônibus ,2021,P7,0.006575,5.5e-05
E4 ,Via Sudeste,52402 ,CUH8E99 ,Padron ,2021,P7,0.006575,5.5e-05
D13 ,Alfa Rodobus,86105 ,BPH1H78 ,Básico ,2021,P7,0.006575,5.5e-05
D13 ,Alfa Rodobus,86106 ,EBY5I89 ,Básico ,2021,P7,0.006575,5.5e-05
D13 ,Alfa Rodobus,86107 ,GBI9H36 ,Básico ,2021,P7,0.006575,5.5e-05
E4 ,Via Sudeste,52404 ,EJV4B52 ,Padron ,2021,P7,0.006575,5.5e-05
D3 ,Transunião ,36520 ,DDF7D32 ,Midiônibus ,2021,P7,0.006575,5.5e-05
D3 ,Transunião ,36518 ,GDR3F17 ,Midiônibus ,2021,P7,0.006575,5.5e-05
D6 ,Allibus,45197 ,GHV0F08 ,Miniônibus ,2021,P7,0.006575,5.5e-05
D3 ,Transunião ,36513 ,CFD5A14 ,Midiônibus ,2021,P7,0.006575,5.5e-05
D3 ,Transunião ,36508 ,GHZ7E97 ,Midiônibus ,2021,P7,0.006575,5.5e-05
E4 ,Via Sudeste,52403 ,EFY5A41 ,Padron ,2021,P7,0.006575,5.5e-05
D1 ,D1,15250 ,GEM8D08 ,Miniônibus ,2021,P7,0.006575,5.5e-05
E9 ,Gatusa,76098 ,FUR3G28 ,Padron ,2021,P7,0.006575,5.5e-05
AR4 ,Express,48138 ,FUM4F75 ,Padron ,2021,P7,0.006575,5.5e-05
D3 ,Transunião ,36222 ,DGS8A24 ,Midiônibus ,2021,P7,0.006575,5.5e-05
AR4 ,Express,48266 ,GAD0C66 ,Padron ,2021,P7,0.006575,5.5e-05
D6 ,Allibus,45253 ,GCZ4C64 ,Miniônibus ,2021,P7,0.006575,5.5e-05
D3 ,Transunião ,36275 ,FLU6H42 ,Midiônibus ,2021,P7,0.006575,5.5e-05
D3 ,Transunião ,36272 ,FPY0J34 ,Midiônibus ,2021,P7,0.006575,5.5e-05
D3 ,Transunião ,36290 ,GBH1H54 ,Midiônibus ,2021,P7,0.006575,5.5e-05
D3 ,Transunião ,36235 ,GAZ2D26 ,Midiônibus ,2021,P7,0.006575,5.5e-05
D3 ,Transunião ,36229 ,EUZ9F29 ,Midiônibus ,2021,P7,0.006575,5.5e-05
D6 ,Allibus,45257 ,DVI9G89 ,Miniônibus ,2021,P7,0.006575,5.5e-05
D1 ,D1,15252 ,FCY4H86 ,Miniônibus ,2021,P7,0.006575,5.5e-05
D3 ,Transunião ,36263 ,GAI9I43 ,Midiônibus ,2021,P7,0.006575,5.5e-05
D2 ,Norte Buss,26415 ,BRS5H04 ,Básico ,2021,P7,0.006575,5.5e-05
AR6 ,Mobibrasil,64627 ,ELN0G95 ,Padron ,2021,P7,0.006575,5.5e-05
D3 ,Transunião ,36233 ,GED3H25 ,Midiônibus ,2021,P7,0.006575,5.5e-05
D6 ,Allibus,45255 ,FHF1F43 ,Midiônibus ,2021,P7,0.006575,5.5e-05
D3 ,Transunião ,36256 ,FUH5D56 ,Midiônibus ,2021,P7,0.006575,5.5e-05
D3 ,Transunião ,36306 ,CUG1I16 ,Midiônibus ,2021,P7,0.006575,5.5e-05
D3 ,Transunião ,36234 ,BXZ0B24 ,Midiônibus ,2021,P7,0.006575,5.5e-05
D3 ,Transunião ,36254 ,FZR4H94 ,Midiônibus ,2021,P7,0.006575,5.5e-05
D2 ,Norte Buss,26467 ,FTX3B02 ,Básico ,2021,P7,0.006575,5.5e-05
AR6 ,Mobibrasil,64626 ,EEN2B92 ,Padron ,2021,P7,0.006575,5.5e-05
D3 ,Transunião ,36314 ,FYR3D75 ,Midiônibus ,2021,P7,0.006575,5.5e-05
AR6 ,Mobibrasil,64625 ,DOC7B62 ,Padron ,2021,P7,0.006575,5.5e-05
D3 ,Transunião ,36241 ,GFP1J95 ,Midiônibus ,2021,P7,0.006575,5.5e-05
D3 ,Transunião ,36210 ,EYY5I58 ,Midiônibus ,2021,P7,0.006575,5.5e-05
D2 ,Norte Buss,26401 ,FMK7G91 ,Básico ,2021,P7,0.006575,5.5e-05
AR6 ,Mobibrasil,64624 ,GHY1G31 ,Padron ,2021,P7,0.006575,5.5e-05
D3 ,Transunião ,36319 ,DAH9J89 ,Midiônibus ,2021,P7,0.006575,5.5e-05
D3 ,Transunião ,36226 ,GFC9H66 ,Midiônibus ,2021,P7,0.006575,5.5e-05
AR7 ,Nova Paineira,75251 ,EMV6D76 ,Articulado ,2022,P8,0.001112,2.6e-05
D1 ,Norte Buss,16003 ,FYI5E93 ,Miniônibus ,2022,P8,0.001112,2.6e-05
D11 ,Transwolff,78026 ,GFW3B95 ,Midiônibus ,2022,P8,0.001112,2.6e-05
E2 ,Sambaiba,21987 ,CFZ9E87 ,Padron ,2022,P8,0.001112,2.6e-05
E2 ,Sambaiba,21988 ,CVI9E88 ,Padron ,2022,P8,0.001112,2.6e-05
AR7 ,Nova Paineira,75252 ,FOW3D34 ,Articulado ,2022,P8,0.001112,2.6e-05
AR7 ,Nova Paineira,75253 ,FDW6H55 ,Articulado ,2022,P8,0.001112,2.6e-05
E2 ,Sambaiba,21989 ,CVB9E89 ,Padron ,2022,P8,0.001112,2.6e-05
D1 ,Norte Buss,16196 ,GAW5I91 ,Miniônibus ,2022,P8,0.001112,2.6e-05
AR7 ,Nova Paineira,75669 ,BKU9C15 ,Padron ,2022,P8,0.001112,2.6e-05
AR7 ,Nova Paineira,75668 ,EHI0I66 ,Padron ,2022,P8,0.001112,2.6e-05
AR8 ,G Preto,82733 ,FCA6F91 ,Padron ,2022,P8,0.001112,2.6e-05
AR8 ,G Preto,82734 ,FHS7G42 ,Padron ,2022,P8,0.001112,2.6e-05
AR8 ,G Preto,82735 ,GIV9C13 ,Padron ,2022,P8,0.001112,2.6e-05
AR7 ,Nova Paineira,75667 ,DPX7D42 ,Padron ,2022,P8,0.001112,2.6e-05
D1 ,D1,15263 ,GAW6B43 ,Básico ,2022,P8,0.001112,2.6e-05
D1 ,Norte Buss,16543 ,GKE0E95 ,Miniônibus ,2022,P8,0.001112,2.6e-05
AR7 ,Nova Paineira,75250 ,FRC0E73 ,Articulado ,2022,P8,0.001112,2.6e-05
D1 ,Norte Buss,16548 ,DKU6H16 ,Miniônibus ,2022,P8,0.001112,2.6e-05
D11 ,Transwolff,78439 ,EZF9E14 ,Midiônibus ,2022,P8,0.001112,2.6e-05
D9 ,A2,68359 ,FKH9D75 ,Midiônibus ,2022,P8,0.001112,2.6e-05
D1 ,Norte Buss,16139 ,FYW1J47 ,Miniônibus ,2022,P8,0.001112,2.6e-05
D1 ,Norte Buss,16017 ,FZV0J07 ,Miniônibus ,2022,P8,0.001112,2.6e-05
D1 ,D1,15256 ,GBQ9H46 ,Miniônibus ,2022,P8,0.001112,2.6e-05
E2 ,Sambaiba,21999 ,CUZ9E99 ,Padron ,2022,P8,0.001112,2.6e-05
E2 ,Sambaiba,21998 ,CWI9E98 ,Padron ,2022,P8,0.001112,2.6e-05
D11 ,Transwolff,78795 ,GIA8A96 ,Midiônibus ,2022,P8,0.001112,2.6e-05
D11 ,Transwolff,78870 ,FAB5H13 ,Midiônibus ,2022,P8,0.001112,2.6e-05
E2 ,Sambaiba,21997 ,BNV9E97 ,Padron ,2022,P8,0.001112,2.6e-05
E2 ,Sambaiba,21983 ,CSC9E83 ,Padron ,2022,P8,0.001112,2.6e-05
E2 ,Sambaiba,21996 ,BHZ9E96 ,Padron ,2022,P8,0.001112,2.6e-05
E2 ,Sambaiba,21984 ,EKU9E84 ,Padron ,2022,P8,0.001112,2.6e-05
E2 ,Sambaiba,21986 ,CKU9E86 ,Padron ,2022,P8,0.001112,2.6e-05
E2 ,Sambaiba,21995 ,BKU9E95 ,Padron ,2022,P8,0.001112,2.6e-05
D1 ,D1,15257 ,GJV8G18 ,Miniônibus ,2022,P8,0.001112,2.6e-05
E2 ,Sambaiba,21985 ,DGS9E85 ,Padron ,2022,P8,0.001112,2.6e-05
D11 ,Transwolff,78817 ,GCI9F11 ,Midiônibus ,2022,P8,0.001112,2.6e-05
D11 ,Transwolff,78022 ,FEJ5F83 ,Midiônibus ,2022,P8,0.001112,2.6e-05
E2 ,Sambaiba,21994 ,EZT9E94 ,Padron ,2022,P8,0.001112,2.6e-05
D11 ,Transwolff,78853 ,FII9G58 ,Midiônibus ,2022,P8,0.001112,2.6e-05
D11 ,Transwolff,78730 ,FLR9B82 ,Midiônibus ,2022,P8,0.001112,2.6e-05
E2 ,Sambaiba,21993 ,BWJ9E93 ,Padron ,2022,P8,0.001112,2.6e-05
E2 ,Sambaiba,21992 ,BYX9E92 ,Padron ,2022,P8,0.001112,2.6e-05
E2 ,Sambaiba,21991 ,CTH9E91 ,Padron ,2022,P8,0.001112,2.6e-05
D1 ,Norte Buss,16004 ,FPW9I04 ,Miniônibus ,2022,P8,0.001112,2.6e-05
AR7 ,Nova Paineira,75666 ,EHR7H42 ,Padron ,2022,P8,0.001112,2.6e-05
D11 ,Transwolff,78023 ,FFK9A87 ,Midiônibus ,2022,P8,0.001112,2.6e-05
D1 ,D1,15162 ,FJR9F05 ,Miniônibus ,2022,P8,0.001112,2.6e-05
AR8 ,G Preto,82736 ,GDT0I24 ,Padron ,2022,P8,0.001112,2.6e-05
AR7 ,Nova Paineira,75257 ,BSZ6E53 ,Articulado ,2022,P8,0.001112,2.6e-05
AR8 ,G Preto,82738 ,FPO7E51 ,Padron ,2022,P8,0.001112,2.6e-05
AR7 ,Nova Paineira,75652 ,CQJ8J47 ,Padron ,2022,P8,0.001112,2.6e-05
AR7 ,Nova Paineira,75651 ,FQR4D97 ,Padron ,2022,P8,0.001112,2.6e-05
AR7 ,Nova Paineira,75650 ,BRQ6E13 ,Padron ,2022,P8,0.001112,2.6e-05
D1 ,D1,15261 ,EDI0J47 ,Miniônibus ,2022,P8,0.001112,2.6e-05
E7 ,Metropole,73647 ,GGJ3B77 ,Articulado ,2022,P8,0.001112,2.6e-05
E2 ,Sambaiba,21978 ,CYY9E78 ,Padron ,2022,P8,0.001112,2.6e-05
D1 ,Norte Buss,16783 ,GHV1G04 ,Miniônibus ,2022,P8,0.001112,2.6e-05
D1 ,Norte Buss,16784 ,GKB1C44 ,Miniônibus ,2022,P8,0.001112,2.6e-05
AR7 ,Nova Paineira,75459 ,GJZ6B27 ,Padron ,2022,P8,0.001112,2.6e-05
AR7 ,Nova Paineira,75458 ,CGI6B73 ,Padron ,2022,P8,0.001112,2.6e-05
AR7 ,Nova Paineira,75457 ,BZF3E87 ,Padron ,2022,P8,0.001112,2.6e-05
AR7 ,Nova Paineira,75456 ,EZC2E76 ,Padron ,2022,P8,0.001112,2.6e-05
D1 ,Norte Buss,16484 ,GIY2F04 ,Miniônibus ,2022,P8,0.001112,2.6e-05
AR7 ,Nova Paineira,75455 ,FCR8G95 ,Padron ,2022,P8,0.001112,2.6e-05
AR7 ,Nova Paineira,75454 ,DAJ6C67 ,Padron ,2022,P8,0.001112,2.6e-05
E7 ,Metropole,73646 ,FYK4I97 ,Articulado ,2022,P8,0.001112,2.6e-05
AR7 ,Nova Paineira,75453 ,BZF5I02 ,Padron ,2022,P8,0.001112,2.6e-05
AR7 ,Nova Paineira,75452 ,FHE4I87 ,Padron ,2022,P8,0.001112,2.6e-05
AR7 ,Nova Paineira,75451 ,GKH7A02 ,Padron ,2022,P8,0.001112,2.6e-05
AR7 ,Nova Paineira,75450 ,FNO4C25 ,Padron ,2022,P8,0.001112,2.6e-05
E7 ,Metropole,73645 ,GIF3J77 ,Articulado ,2022,P8,0.001112,2.6e-05
D11 ,Transwolff,78080 ,CGQ9I84 ,Midiônibus ,2022,P8,0.001112,2.6e-05
E7 ,Metropole,73644 ,FHQ6D67 ,Articulado ,2022,P8,0.001112,2.6e-05
D11 ,Transwolff,78079 ,FQR4F74 ,Midiônibus ,2022,P8,0.001112,2.6e-05
D11 ,Transwolff,78721 ,GCL7H62 ,Miniônibus ,2022,P8,0.001112,2.6e-05
E7 ,Metropole,73643 ,GJY0I37 ,Articulado ,2022,P8,0.001112,2.6e-05
E2 ,Sambaiba,21990 ,CUZ9E90 ,Padron ,2022,P8,0.001112,2.6e-05
AR7 ,Nova Paineira,75653 ,BKP7D96 ,Padron ,2022,P8,0.001112,2.6e-05
AR7 ,Nova Paineira,75654 ,FOF5D07 ,Padron ,2022,P8,0.001112,2.6e-05
AR7 ,Nova Paineira,75655 ,FRY4J76 ,Padron ,2022,P8,0.001112,2.6e-05
E2 ,Sambaiba,21979 ,CUZ9E79 ,Padron ,2022,P8,0.001112,2.6e-05
AR7 ,Nova Paineira,75665 ,BXD6I74 ,Padron ,2022,P8,0.001112,2.6e-05
AR8 ,G Preto,82739 ,GAH6C32 ,Padron ,2022,P8,0.001112,2.6e-05
AR7 ,Nova Paineira,75664 ,DZB1H02 ,Padron ,2022,P8,0.001112,2.6e-05
AR8 ,G Preto,82740 ,FIM8G23 ,Padron ,2022,P8,0.001112,2.6e-05
AR8 ,G Preto,82741 ,GKI6I74 ,Padron ,2022,P8,0.001112,2.6e-05
AR7 ,Nova Paineira,75663 ,DJL9J87 ,Padron ,2022,P8,0.001112,2.6e-05
AR7 ,Nova Paineira,75662 ,BPO6I55 ,Padron ,2022,P8,0.001112,2.6e-05
AR7 ,Nova Paineira,75661 ,CUJ6I63 ,Padron ,2022,P8,0.001112,2.6e-05
AR7 ,Nova Paineira,75660 ,DBA6H92 ,Padron ,2022,P8,0.001112,2.6e-05
AR7 ,Nova Paineira,75659 ,FPB3D06 ,Padron ,2022,P8,0.001112,2.6e-05
AR8 ,G Preto,82742 ,FQE6F95 ,Padron ,2022,P8,0.001112,2.6e-05
AR8 ,G Preto,82743 ,GFT3I51 ,Articulado ,2022,P8,0.001112,2.6e-05
AR7 ,Nova Paineira,75658 ,FPD3G71 ,Padron ,2022,P8,0.001112,2.6e-05
AR8 ,G Preto,82737 ,GHN4I55 ,Padron ,2022,P8,0.001112,2.6e-05
AR8 ,G Preto,82744 ,FGX7E72 ,Articulado ,2022,P8,0.001112,2.6e-05
AR7 ,Nova Paineira,75656 ,EBG7F61 ,Padron ,2022,P8,0.001112,2.6e-05
AR8 ,G Preto,82745 ,FCV4E53 ,Articulado ,2022,P8,0.001112,2.6e-05
AR8 ,G Preto,82746 ,GFQ8F24 ,Articulado ,2022,P8,0.001112,2.6e-05
D12 ,Transcap,85290 ,BZA8J87 ,Midiônibus ,2022,P8,0.001112,2.6e-05
D1 ,D1,15267 ,ENX7C92 ,Básico ,2022,P8,0.001112,2.6e-05
D1 ,D1,15266 ,ELL5F61 ,Básico ,2022,P8,0.001112,2.6e-05
AR7 ,Nova Paineira,75255 ,CFZ7B82 ,Articulado ,2022,P8,0.001112,2.6e-05
D1 ,Norte Buss,16187 ,FOE7I87 ,Miniônibus ,2022,P8,0.001112,2.6e-05
E2 ,Sambaiba,21982 ,DFG9E82 ,Padron ,2022,P8,0.001112,2.6e-05
E2 ,Sambaiba,21981 ,CSI9E81 ,Padron ,2022,P8,0.001112,2.6e-05
AR7 ,Nova Paineira,75256 ,EXW2G82 ,Articulado ,2022,P8,0.001112,2.6e-05
E7 ,Metropole,73648 ,EZU1F17 ,Articulado ,2022,P8,0.001112,2.6e-05
E2 ,Sambaiba,21980 ,CVE9E80 ,Padron ,2022,P8,0.001112,2.6e-05
AR7 ,Nova Paineira,75657 ,BYL5J31 ,Padron ,2022,P8,0.001112,2.6e-05
AR7 ,Nova Paineira,75254 ,FZV9F15 ,Articulado ,2022,P8,0.001112,2.6e-05
E2 ,Sambaiba,21443 ,FDX4E43 ,Padron ,2022,P8,0.001112,2.6e-05
D11 ,Transwolff,78888 ,GGV8F61 ,Miniônibus ,2022,P8,0.001112,2.6e-05
D11 ,Transwolff,78955 ,GJC4H94 ,Miniônibus ,2022,P8,0.001112,2.6e-05
D11 ,Transwolff,78956 ,FVM1D31 ,Miniônibus ,2022,P8,0.001112,2.6e-05
D11 ,Transwolff,78957 ,EOD9H28 ,Miniônibus ,2022,P8,0.001112,2.6e-05
D11 ,Transwolff,78958 ,FSE1G73 ,Miniônibus ,2022,P8,0.001112,2.6e-05
D11 ,Transwolff,78717 ,FSC1E31 ,Miniônibus ,2022,P8,0.001112,2.6e-05
D11 ,Transwolff,78967 ,GFI3A72 ,Miniônibus ,2022,P8,0.001112,2.6e-05
D11 ,Transwolff,78970 ,FCN4E47 ,Midiônibus ,2022,P8,0.001112,2.6e-05
D11 ,Transwolff,78707 ,FZL7C86 ,Miniônibus ,2022,P8,0.001112,2.6e-05
D11 ,Transwolff,78706 ,FSP6C85 ,Miniônibus ,2022,P8,0.001112,2.6e-05
D1 ,Norte Buss,16118 ,GAD3E28 ,Miniônibus ,2022,P8,0.001112,2.6e-05
D11 ,Transwolff,78704 ,GFJ1C97 ,Miniônibus ,2022,P8,0.001112,2.6e-05
D11 ,Transwolff,78174 ,GFL5E37 ,Midiônibus ,2022,P8,0.001112,2.6e-05
D1 ,D1,15201 ,GJO3I62 ,Miniônibus ,2022,P8,0.001112,2.6e-05
AR2 ,Sambaiba,22561 ,CSL5A61 ,Padron ,2022,P8,0.001112,2.6e-05
D11 ,Transwolff,78486 ,DPZ6C65 ,Midiônibus ,2022,P8,0.001112,2.6e-05
D1 ,Norte Buss,16461 ,GHS6A24 ,Miniônibus ,2022,P8,0.001112,2.6e-05
AR2 ,Sambaiba,22562 ,DKU5A62 ,Padron ,2022,P8,0.001112,2.6e-05
D11 ,Transwolff,78980 ,FYK7C51 ,Miniônibus ,2022,P8,0.001112,2.6e-05
D11 ,Transwolff,78987 ,EBX9D52 ,Miniônibus ,2022,P8,0.001112,2.6e-05
D1 ,Norte Buss,16107 ,FDQ6I17 ,Miniônibus ,2022,P8,0.001112,2.6e-05
D11 ,Transwolff,78703 ,GFP5B27 ,Miniônibus ,2022,P8,0.001112,2.6e-05
D11 ,Transwolff,78324 ,GFI5H98 ,Midiônibus ,2022,P8,0.001112,2.6e-05
D9 ,A2,68712 ,GDF7J21 ,Midiônibus ,2022,P8,0.001112,2.6e-05
D11 ,Transwolff,78953 ,FVQ3I64 ,Miniônibus ,2022,P8,0.001112,2.6e-05
AR2 ,Sambaiba,22555 ,DTC5A55 ,Padron ,2022,P8,0.001112,2.6e-05
E2 ,Sambaiba,21967 ,EWE9E67 ,Padron ,2022,P8,0.001112,2.6e-05
E2 ,Sambaiba,21966 ,EWE9E66 ,Padron ,2022,P8,0.001112,2.6e-05
E2 ,Sambaiba,21965 ,BQU9E65 ,Padron ,2022,P8,0.001112,2.6e-05
E2 ,Sambaiba,21964 ,BYZ9E64 ,Padron ,2022,P8,0.001112,2.6e-05
E2 ,Sambaiba,21963 ,BZF9E63 ,Padron ,2022,P8,0.001112,2.6e-05
D1 ,Norte Buss,16230 ,FVX1E93 ,Miniônibus ,2022,P8,0.001112,2.6e-05
AR2 ,Sambaiba,22556 ,FYH5A56 ,Padron ,2022,P8,0.001112,2.6e-05
D11 ,Transwolff,78162 ,FKG4D68 ,Midiônibus ,2022,P8,0.001112,2.6e-05
D11 ,Transwolff,78954 ,DZI6G13 ,Miniônibus ,2022,P8,0.001112,2.6e-05
AR2 ,Sambaiba,22557 ,FNW5A57 ,Padron ,2022,P8,0.001112,2.6e-05
D1 ,D1,15253 ,GCH7E07 ,Miniônibus ,2022,P8,0.001112,2.6e-05
E9 ,Gatusa,76376 ,BZR8B31 ,Articulado ,2022,P8,0.001112,2.6e-05
AR2 ,Sambaiba,22558 ,GJH5A58 ,Padron ,2022,P8,0.001112,2.6e-05
D9 ,A2,68627 ,GGF4C32 ,Midiônibus ,2022,P8,0.001112,2.6e-05
E9 ,Gatusa,76377 ,FCJ4A03 ,Articulado ,2022,P8,0.001112,2.6e-05
D1 ,Norte Buss,16767 ,FWP9C77 ,Miniônibus ,2022,P8,0.001112,2.6e-05
AR2 ,Sambaiba,22559 ,CUX5A59 ,Padron ,2022,P8,0.001112,2.6e-05
AR2 ,Sambaiba,22560 ,CUZ5A60 ,Padron ,2022,P8,0.001112,2.6e-05
D11 ,Transwolff,78952 ,GFR2I87 ,Miniônibus ,2022,P8,0.001112,2.6e-05
E9 ,Gatusa,76375 ,BSX4J83 ,Articulado ,2022,P8,0.001112,2.6e-05
D1 ,Norte Buss,16276 ,GHH1A66 ,Miniônibus ,2022,P8,0.001112,2.6e-05
D1 ,D1,15205 ,GDK5D72 ,Miniônibus ,2022,P8,0.001112,2.6e-05
D1 ,D1,15207 ,FFC2A44 ,Miniônibus ,2022,P8,0.001112,2.6e-05
D1 ,Norte Buss,16689 ,EEB5F57 ,Miniônibus ,2022,P8,0.001112,2.6e-05
D1 ,D1,15237 ,GCP3I65 ,Miniônibus ,2022,P8,0.001112,2.6e-05
D11 ,Transwolff,78538 ,GEQ4I65 ,Midiônibus ,2022,P8,0.001112,2.6e-05
D1 ,Norte Buss,16364 ,GGM8F34 ,Miniônibus ,2022,P8,0.001112,2.6e-05
D1 ,D1,15238 ,GIL6B18 ,Miniônibus ,2022,P8,0.001112,2.6e-05
D1 ,D1,15239 ,GJU0D56 ,Miniônibus ,2022,P8,0.001112,2.6e-05
D1 ,D1,15240 ,DKC2H34 ,Miniônibus ,2022,P8,0.001112,2.6e-05
D1 ,D1,15241 ,DHE7G18 ,Miniônibus ,2022,P8,0.001112,2.6e-05
D1 ,D1,15245 ,GJG6J86 ,Miniônibus ,2022,P8,0.001112,2.6e-05
D1 ,Norte Buss,16706 ,GAG6A26 ,Miniônibus ,2022,P8,0.001112,2.6e-05
D1 ,D1,15247 ,GIE2C54 ,Miniônibus ,2022,P8,0.001112,2.6e-05
D1 ,Norte Buss,16379 ,GHO6B27 ,Miniônibus ,2022,P8,0.001112,2.6e-05
E2 ,Sambaiba,21445 ,FWR4E45 ,Padron ,2022,P8,0.001112,2.6e-05
E2 ,Sambaiba,21436 ,FDE4E36 ,Padron ,2022,P8,0.001112,2.6e-05
E2 ,Sambaiba,21437 ,EDO4E37 ,Padron ,2022,P8,0.001112,2.6e-05
E2 ,Sambaiba,21438 ,FJO4E38 ,Padron ,2022,P8,0.001112,2.6e-05
E2 ,Sambaiba,21439 ,CVE4E39 ,Padron ,2022,P8,0.001112,2.6e-05
E2 ,Sambaiba,21440 ,CUU4E40 ,Padron ,2022,P8,0.001112,2.6e-05
E2 ,Sambaiba,21441 ,EEX4E41 ,Padron ,2022,P8,0.001112,2.6e-05
E2 ,Sambaiba,21442 ,EII4E42 ,Padron ,2022,P8,0.001112,2.6e-05
D11 ,Transwolff,78510 ,EEU0B21 ,Midiônibus ,2022,P8,0.001112,2.6e-05
D1 ,Norte Buss,16071 ,GJV7C91 ,Miniônibus ,2022,P8,0.001112,2.6e-05
D1 ,Norte Buss,16401 ,FSW2B01 ,Miniônibus ,2022,P8,0.001112,2.6e-05
D1 ,Norte Buss,16573 ,EOE2I43 ,Miniônibus ,2022,P8,0.001112,2.6e-05
D1 ,D1,15208 ,GGZ0F85 ,Miniônibus ,2022,P8,0.001112,2.6e-05
D1 ,Norte Buss,16286 ,GHJ3D86 ,Miniônibus ,2022,P8,0.001112,2.6e-05
D1 ,D1,15209 ,GBD2I46 ,Miniônibus ,2022,P8,0.001112,2.6e-05
D1 ,D1,15210 ,GGR8F67 ,Miniônibus ,2022,P8,0.001112,2.6e-05
D1 ,D1,15212 ,BZB5G83 ,Miniônibus ,2022,P8,0.001112,2.6e-05
D1 ,D1,15213 ,GGR9I98 ,Miniônibus ,2022,P8,0.001112,2.6e-05
D1 ,Norte Buss,16304 ,GFL3J94 ,Miniônibus ,2022,P8,0.001112,2.6e-05
D1 ,Norte Buss,16447 ,FVS0C47 ,Miniônibus ,2022,P8,0.001112,2.6e-05
D1 ,D1,15216 ,GCS7A17 ,Miniônibus ,2022,P8,0.001112,2.6e-05
D1 ,D1,15251 ,GJX0D37 ,Miniônibus ,2022,P8,0.001112,2.6e-05
E7 ,Metropole,73123 ,GHV0J22 ,Articulado ,2022,P8,0.001112,2.6e-05
D1 ,D1,15225 ,GJT8C55 ,Básico ,2022,P8,0.001112,2.6e-05
D1 ,Norte Buss,16427 ,FFB9H47 ,Miniônibus ,2022,P8,0.001112,2.6e-05
D1 ,D1,15226 ,FYE5E37 ,Básico ,2022,P8,0.001112,2.6e-05
D1 ,D1,15227 ,FVI7F04 ,Básico ,2022,P8,0.001112,2.6e-05
D1 ,D1,15228 ,ENU3D76 ,Básico ,2022,P8,0.001112,2.6e-05
D1 ,D1,15229 ,FED3J01 ,Miniônibus ,2022,P8,0.001112,2.6e-05
D1 ,D1,15230 ,GCQ7D56 ,Miniônibus ,2022,P8,0.001112,2.6e-05
D1 ,Norte Buss,16346 ,CUP8B00 ,Miniônibus ,2022,P8,0.001112,2.6e-05
D1 ,D1,15231 ,FNU0H31 ,Miniônibus ,2022,P8,0.001112,2.6e-05
D1 ,Norte Buss,16406 ,GCW9D62 ,Miniônibus ,2022,P8,0.001112,2.6e-05
D11 ,Transwolff,78944 ,GFQ5B46 ,Miniônibus ,2022,P8,0.001112,2.6e-05
D11 ,Transwolff,78943 ,FYH9I36 ,Miniônibus ,2022,P8,0.001112,2.6e-05
D11 ,Transwolff,78942 ,FZU7F38 ,Miniônibus ,2022,P8,0.001112,2.6e-05
D11 ,Transwolff,78941 ,FVX1J94 ,Miniônibus ,2022,P8,0.001112,2.6e-05
D9 ,A2,68418 ,FVG8J32 ,Midiônibus ,2022,P8,0.001112,2.6e-05
D9 ,A2,68419 ,FWF6B82 ,Midiônibus ,2022,P8,0.001112,2.6e-05
D11 ,Transwolff,78915 ,FDB6A57 ,Miniônibus ,2022,P8,0.001112,2.6e-05
D11 ,Transwolff,78916 ,GBV4J94 ,Miniônibus ,2022,P8,0.001112,2.6e-05
D9 ,A2,68422 ,FQJ7E13 ,Midiônibus ,2022,P8,0.001112,2.6e-05
D9 ,A2,68434 ,FOC9H46 ,Midiônibus ,2022,P8,0.001112,2.6e-05
E2 ,Sambaiba,21977 ,EJT9E77 ,Padron ,2022,P8,0.001112,2.6e-05
D12 ,Transcap,85759 ,BYW1I56 ,Midiônibus ,2022,P8,0.001112,2.6e-05
D12 ,Transcap,85758 ,CPI6D67 ,Midiônibus ,2022,P8,0.001112,2.6e-05
D11 ,Transwolff,78913 ,FKQ8F04 ,Miniônibus ,2022,P8,0.001112,2.6e-05
D12 ,Transcap,85757 ,FLK6F66 ,Midiônibus ,2022,P8,0.001112,2.6e-05
D11 ,Transwolff,78924 ,FTQ5F64 ,Miniônibus ,2022,P8,0.001112,2.6e-05
D11 ,Transwolff,78925 ,GGX3J57 ,Miniônibus ,2022,P8,0.001112,2.6e-05
D12 ,Transcap,85755 ,FNR5H32 ,Midiônibus ,2022,P8,0.001112,2.6e-05
D12 ,Transcap,85754 ,BZL4I15 ,Midiônibus ,2022,P8,0.001112,2.6e-05
D12 ,Transcap,85753 ,GBP1F52 ,Midiônibus ,2022,P8,0.001112,2.6e-05
E2 ,Sambaiba,21444 ,FED1E44 ,Padron ,2022,P8,0.001112,2.6e-05
D12 ,Transcap,85751 ,FOY6J25 ,Midiônibus ,2022,P8,0.001112,2.6e-05
E2 ,Sambaiba,21976 ,DTI9E76 ,Padron ,2022,P8,0.001112,2.6e-05
D12 ,Transcap,85750 ,FDE2H06 ,Midiônibus ,2022,P8,0.001112,2.6e-05
D12 ,Transcap,85756 ,DEI8C37 ,Midiônibus ,2022,P8,0.001112,2.6e-05
D11 ,Transwolff,78912 ,EGN5E85 ,Miniônibus ,2022,P8,0.001112,2.6e-05
D9 ,A2,68417 ,FCB2G31 ,Midiônibus ,2022,P8,0.001112,2.6e-05
D9 ,A2,68415 ,GAY8H44 ,Midiônibus ,2022,P8,0.001112,2.6e-05
D11 ,Transwolff,78894 ,GGK5A48 ,Miniônibus ,2022,P8,0.001112,2.6e-05
D11 ,Transwolff,78897 ,EOD8C16 ,Miniônibus ,2022,P8,0.001112,2.6e-05
D11 ,Transwolff,78898 ,FCV3D52 ,Miniônibus ,2022,P8,0.001112,2.6e-05
D9 ,A2,68383 ,FZQ1G12 ,Midiônibus ,2022,P8,0.001112,2.6e-05
D9 ,A2,68388 ,FYE9J83 ,Midiônibus ,2022,P8,0.001112,2.6e-05
D9 ,A2,68393 ,FPV3C25 ,Midiônibus ,2022,P8,0.001112,2.6e-05
D9 ,A2,68394 ,GCZ5D47 ,Midiônibus ,2022,P8,0.001112,2.6e-05
D1 ,D1,15254 ,GDQ9B75 ,Miniônibus ,2022,P8,0.001112,2.6e-05
D9 ,A2,68402 ,FWR5E57 ,Midiônibus ,2022,P8,0.001112,2.6e-05
D9 ,A2,68403 ,GGC8E47 ,Midiônibus ,2022,P8,0.001112,2.6e-05
D9 ,A2,68405 ,CUM8B57 ,Midiônibus ,2022,P8,0.001112,2.6e-05
D11 ,Transwolff,78904 ,FVL5G73 ,Miniônibus ,2022,P8,0.001112,2.6e-05
D9 ,A2,68406 ,GIA9F77 ,Midiônibus ,2022,P8,0.001112,2.6e-05
D9 ,A2,68409 ,GCG7E13 ,Midiônibus ,2022,P8,0.001112,2.6e-05
D9 ,A2,68410 ,GAI0H15 ,Midiônibus ,2022,P8,0.001112,2.6e-05
D9 ,A2,68411 ,GDD4D02 ,Midiônibus ,2022,P8,0.001112,2.6e-05
D9 ,A2,68412 ,FBE9A26 ,Midiônibus ,2022,P8,0.001112,2.6e-05
D11 ,Transwolff,78910 ,FZO7J43 ,Miniônibus ,2022,P8,0.001112,2.6e-05
D9 ,A2,68413 ,FKR3D81 ,Midiônibus ,2022,P8,0.001112,2.6e-05
D11 ,Transwolff,78911 ,EQS1J38 ,Miniônibus ,2022,P8,0.001112,2.6e-05
D9 ,A2,68414 ,GCS0J37 ,Midiônibus ,2022,P8,0.001112,2.6e-05
D12 ,Transcap,85749 ,FJG1H62 ,Midiônibus ,2022,P8,0.001112,2.6e-05
D11 ,Transwolff,78887 ,FVA8C97 ,Miniônibus ,2022,P8,0.001112,2.6e-05
D12 ,Transcap,85748 ,GGM7C24 ,Midiônibus ,2022,P8,0.001112,2.6e-05
D11 ,Transwolff,78932 ,EMW2E01 ,Miniônibus ,2022,P8,0.001112,2.6e-05
D12 ,Transcap,85735 ,EGJ6E33 ,Midiônibus ,2022,P8,0.001112,2.6e-05
D12 ,Transcap,85734 ,FBF2D87 ,Midiônibus ,2022,P8,0.001112,2.6e-05
D12 ,Transcap,85733 ,GBG5E85 ,Midiônibus ,2022,P8,0.001112,2.6e-05
D12 ,Transcap,85732 ,FUM7B64 ,Midiônibus ,2022,P8,0.001112,2.6e-05
D12 ,Transcap,85731 ,FRT3D06 ,Midiônibus ,2022,P8,0.001112,2.6e-05
D12 ,Transcap,85730 ,FRL8C32 ,Midiônibus ,2022,P8,0.001112,2.6e-05
D12 ,Transcap,85729 ,DEU3H25 ,Midiônibus ,2022,P8,0.001112,2.6e-05
D12 ,Transcap,85728 ,FZA6H46 ,Midiônibus ,2022,P8,0.001112,2.6e-05
D11 ,Transwolff,78937 ,GJX0D25 ,Miniônibus ,2022,P8,0.001112,2.6e-05
D12 ,Transcap,85736 ,BNZ3G17 ,Midiônibus ,2022,P8,0.001112,2.6e-05
D12 ,Transcap,85727 ,EKS4H61 ,Midiônibus ,2022,P8,0.001112,2.6e-05
AR2 ,Sambaiba,22552 ,EFL5A52 ,Padron ,2022,P8,0.001112,2.6e-05
AR2 ,Sambaiba,22553 ,EZX5A53 ,Padron ,2022,P8,0.001112,2.6e-05
AR2 ,Sambaiba,22554 ,FKI5A54 ,Padron ,2022,P8,0.001112,2.6e-05
D12 ,Transcap,85726 ,DGE8J24 ,Midiônibus ,2022,P8,0.001112,2.6e-05
D12 ,Transcap,85725 ,GJW5C76 ,Midiônibus ,2022,P8,0.001112,2.6e-05
E2 ,Sambaiba,21969 ,CWQ9E69 ,Padron ,2022,P8,0.001112,2.6e-05
E2 ,Sambaiba,21968 ,CWM9E68 ,Padron ,2022,P8,0.001112,2.6e-05
D11 ,Transwolff,78939 ,FNR0B47 ,Miniônibus ,2022,P8,0.001112,2.6e-05
D11 ,Transwolff,78940 ,FTB4G85 ,Miniônibus ,2022,P8,0.001112,2.6e-05
D11 ,Transwolff,78938 ,FSE7D53 ,Miniônibus ,2022,P8,0.001112,2.6e-05
D11 ,Transwolff,78936 ,FZM6E92 ,Miniônibus ,2022,P8,0.001112,2.6e-05
D12 ,Transcap,85737 ,ERA1C36 ,Midiônibus ,2022,P8,0.001112,2.6e-05
D11 ,Transwolff,78935 ,FIH4C01 ,Miniônibus ,2022,P8,0.001112,2.6e-05
D11 ,Transwolff,78933 ,EZO8G31 ,Miniônibus ,2022,P8,0.001112,2.6e-05
D11 ,Transwolff,78934 ,FWG5H04 ,Miniônibus ,2022,P8,0.001112,2.6e-05
D12 ,Transcap,85746 ,BKY7J17 ,Midiônibus ,2022,P8,0.001112,2.6e-05
E2 ,Sambaiba,21975 ,BSY9E75 ,Padron ,2022,P8,0.001112,2.6e-05
D12 ,Transcap,85745 ,FNO3B03 ,Midiônibus ,2022,P8,0.001112,2.6e-05
D11 ,Transwolff,78128 ,GKI4J38 ,Midiônibus ,2022,P8,0.001112,2.6e-05
D12 ,Transcap,85744 ,EHG9I65 ,Midiônibus ,2022,P8,0.001112,2.6e-05
D12 ,Transcap,85743 ,FPI0F95 ,Midiônibus ,2022,P8,0.001112,2.6e-05
D12 ,Transcap,85742 ,FIB6J36 ,Midiônibus ,2022,P8,0.001112,2.6e-05
D12 ,Transcap,85741 ,FDF8C75 ,Midiônibus ,2022,P8,0.001112,2.6e-05
D12 ,Transcap,85740 ,FNB4H02 ,Midiônibus ,2022,P8,0.001112,2.6e-05
D12 ,Transcap,85739 ,GDK8G41 ,Midiônibus ,2022,P8,0.001112,2.6e-05
E2 ,Sambaiba,21974 ,ECU9E74 ,Padron ,2022,P8,0.001112,2.6e-05
D12 ,Transcap,85738 ,FMY8E43 ,Midiônibus ,2022,P8,0.001112,2.6e-05
E2 ,Sambaiba,21973 ,CNK9E73 ,Padron ,2022,P8,0.001112,2.6e-05
D11 ,Transwolff,78009 ,GDW1F64 ,Midiônibus ,2022,P8,0.001112,2.6e-05
E2 ,Sambaiba,21971 ,CQU9E71 ,Padron ,2022,P8,0.001112,2.6e-05
D1 ,Norte Buss,16130 ,FDX4B77 ,Miniônibus ,2022,P8,0.001112,2.6e-05
AR2 ,Sambaiba,22550 ,CVI2A50 ,Padron ,2022,P8,0.001112,2.6e-05
AR2 ,Sambaiba,22551 ,EIO5A51 ,Padron ,2022,P8,0.001112,2.6e-05
E2 ,Sambaiba,21970 ,CUN9E70 ,Padron ,2022,P8,0.001112,2.6e-05
D11 ,Transwolff,78931 ,GAA6C94 ,Miniônibus ,2022,P8,0.001112,2.6e-05
D12 ,Transcap,85752 ,GJY5A65 ,Midiônibus ,2022,P8,0.001112,2.6e-05
D13 ,Alfa Rodobus,86138 ,FZF3E16 ,Midiônibus ,2022,P8,0.001112,2.6e-05
AR2 ,Sambaiba,22821 ,DFT8A21 ,Padron ,2022,P8,0.001112,2.6e-05
E3 ,Metropole,31729 ,GGN2F53 ,Padron ,2022,P8,0.001112,2.6e-05
E3 ,Metropole,31730 ,GHJ9E16 ,Padron ,2022,P8,0.001112,2.6e-05
E3 ,Metropole,31731 ,GHH2F97 ,Padron ,2022,P8,0.001112,2.6e-05
E3 ,Metropole,31732 ,GIC0I15 ,Padron ,2022,P8,0.001112,2.6e-05
E3 ,Metropole,31733 ,GJC8E86 ,Padron ,2022,P8,0.001112,2.6e-05
E3 ,Metropole,31734 ,GBX4C56 ,Padron ,2022,P8,0.001112,2.6e-05
E3 ,Metropole,31735 ,GIJ9D27 ,Padron ,2022,P8,0.001112,2.6e-05
E3 ,Metropole,31736 ,GFQ5F95 ,Padron ,2022,P8,0.001112,2.6e-05
E3 ,Metropole,31737 ,FVT6J47 ,Padron ,2022,P8,0.001112,2.6e-05
E3 ,Metropole,31738 ,GJQ0B95 ,Padron ,2022,P8,0.001112,2.6e-05
E3 ,Metropole,31739 ,GGZ8J37 ,Padron ,2022,P8,0.001112,2.6e-05
E3 ,Metropole,31740 ,GDV1D46 ,Padron ,2022,P8,0.001112,2.6e-05
E3 ,Metropole,31728 ,GCQ5D15 ,Padron ,2022,P8,0.001112,2.6e-05
E3 ,Metropole,31741 ,GEB1I72 ,Padron ,2022,P8,0.001112,2.6e-05
E3 ,Metropole,31743 ,GFZ8D27 ,Padron ,2022,P8,0.001112,2.6e-05
E3 ,Metropole,31744 ,GBQ4D67 ,Padron ,2022,P8,0.001112,2.6e-05
E3 ,Metropole,31745 ,GJQ2B24 ,Padron ,2022,P8,0.001112,2.6e-05
E3 ,Metropole,31746 ,FXB8D27 ,Padron ,2022,P8,0.001112,2.6e-05
E3 ,Metropole,31747 ,GFZ5C76 ,Padron ,2022,P8,0.001112,2.6e-05
E3 ,Metropole,31748 ,GGL1D97 ,Padron ,2022,P8,0.001112,2.6e-05
E3 ,Metropole,31749 ,GIQ9B76 ,Padron ,2022,P8,0.001112,2.6e-05
E3 ,Metropole,31750 ,GFW7E66 ,Padron ,2022,P8,0.001112,2.6e-05
E3 ,Metropole,31751 ,GDG3G47 ,Padron ,2022,P8,0.001112,2.6e-05
E3 ,Metropole,31752 ,GGE2F36 ,Padron ,2022,P8,0.001112,2.6e-05
AR4 ,Express,48868 ,DEU4D88 ,Padron ,2022,P8,0.001112,2.6e-05
AR4 ,Express,48877 ,FCU3H38 ,Padron ,2022,P8,0.001112,2.6e-05
E3 ,Metropole,31742 ,GBV6D24 ,Padron ,2022,P8,0.001112,2.6e-05
E3 ,Metropole,31727 ,GIQ9G95 ,Padron ,2022,P8,0.001112,2.6e-05
E3 ,Metropole,31726 ,GJJ1B25 ,Padron ,2022,P8,0.001112,2.6e-05
E3 ,Metropole,31725 ,FYY5G08 ,Padron ,2022,P8,0.001112,2.6e-05
E5 ,Mobibrasil,63650 ,DRL9B71 ,Padron ,2022,P8,0.001112,2.6e-05
E5 ,Mobibrasil,63649 ,GBO5C04 ,Padron ,2022,P8,0.001112,2.6e-05
E5 ,Mobibrasil,63648 ,ENE6E41 ,Padron ,2022,P8,0.001112,2.6e-05
E5 ,Mobibrasil,63647 ,GHQ5D77 ,Padron ,2022,P8,0.001112,2.6e-05
E5 ,Mobibrasil,63646 ,EOO0I43 ,Padron ,2022,P8,0.001112,2.6e-05
E5 ,Mobibrasil,63645 ,GKA4F53 ,Padron ,2022,P8,0.001112,2.6e-05
E5 ,Mobibrasil,63644 ,FGD2G66 ,Padron ,2022,P8,0.001112,2.6e-05
E5 ,Mobibrasil,63643 ,ENN0F86 ,Padron ,2022,P8,0.001112,2.6e-05
D2 ,Norte Buss,26490 ,FOM8C84 ,Miniônibus ,2022,P8,0.001112,2.6e-05
D2 ,Norte Buss,26544 ,FAD7J51 ,Miniônibus ,2022,P8,0.001112,2.6e-05
AR4 ,Express,48829 ,ELV1J15 ,Padron ,2022,P8,0.001112,2.6e-05
AR4 ,Express,48830 ,FXO9F74 ,Padron ,2022,P8,0.001112,2.6e-05
AR4 ,Express,48831 ,FOG9I53 ,Padron ,2022,P8,0.001112,2.6e-05
AR4 ,Express,48832 ,GJI6B16 ,Padron ,2022,P8,0.001112,2.6e-05
E3 ,Metropole,31716 ,GDE2E97 ,Padron ,2022,P8,0.001112,2.6e-05
E3 ,Metropole,31717 ,GCN6A85 ,Padron ,2022,P8,0.001112,2.6e-05
E3 ,Metropole,31718 ,GJJ1G36 ,Padron ,2022,P8,0.001112,2.6e-05
E3 ,Metropole,31719 ,GGN5B95 ,Padron ,2022,P8,0.001112,2.6e-05
E3 ,Metropole,31720 ,GFT4B85 ,Padron ,2022,P8,0.001112,2.6e-05
AR4 ,Express,48833 ,FYX4A61 ,Padron ,2022,P8,0.001112,2.6e-05
D6 ,Allibus,45123 ,DCV9G82 ,Miniônibus ,2022,P8,0.001112,2.6e-05
D6 ,Allibus,45115 ,FWQ3C22 ,Miniônibus ,2022,P8,0.001112,2.6e-05
D6 ,Allibus,45114 ,EMQ4E41 ,Miniônibus ,2022,P8,0.001112,2.6e-05
E3 ,Metropole,31721 ,GEL7A38 ,Padron ,2022,P8,0.001112,2.6e-05
E3 ,Metropole,31722 ,GHD3G16 ,Padron ,2022,P8,0.001112,2.6e-05
E3 ,Metropole,31723 ,GKH1J86 ,Padron ,2022,P8,0.001112,2.6e-05
E3 ,Metropole,31724 ,GJF5B76 ,Padron ,2022,P8,0.001112,2.6e-05
AR4 ,Express,48879 ,FSJ3J44 ,Articulado ,2022,P8,0.001112,2.6e-05
E6 ,Grajau,61819 ,FOD8B51 ,Articulado ,2022,P8,0.001112,2.6e-05
E6 ,Grajau,61818 ,FJR4D53 ,Articulado ,2022,P8,0.001112,2.6e-05
AR4 ,Express,48889 ,GII7G45 ,Padron ,2022,P8,0.001112,2.6e-05
E3 ,Metropole,31823 ,GFR3D26 ,Articulado ,2022,P8,0.001112,2.6e-05
E3 ,Metropole,31824 ,GAR8B47 ,Articulado ,2022,P8,0.001112,2.6e-05
E3 ,Metropole,31825 ,GAZ4A27 ,Articulado ,2022,P8,0.001112,2.6e-05
E3 ,Metropole,31826 ,GFJ5B47 ,Articulado ,2022,P8,0.001112,2.6e-05
E3 ,Metropole,31827 ,GHZ5D97 ,Articulado ,2022,P8,0.001112,2.6e-05
E3 ,Metropole,31828 ,GHJ7A25 ,Articulado ,2022,P8,0.001112,2.6e-05
E3 ,Metropole,31829 ,GDV1H64 ,Articulado ,2022,P8,0.001112,2.6e-05
E3 ,Metropole,31830 ,GEB7G65 ,Articulado ,2022,P8,0.001112,2.6e-05
E3 ,Metropole,31831 ,GJO8F34 ,Articulado ,2022,P8,0.001112,2.6e-05
E3 ,Metropole,31832 ,GDL1J35 ,Articulado ,2022,P8,0.001112,2.6e-05
E3 ,Metropole,31833 ,GHP7E87 ,Articulado ,2022,P8,0.001112,2.6e-05
E3 ,Metropole,31834 ,GGP5D77 ,Articulado ,2022,P8,0.001112,2.6e-05
E3 ,Metropole,31835 ,GEW4G86 ,Articulado ,2022,P8,0.001112,2.6e-05
E3 ,Metropole,31836 ,GIN2G64 ,Articulado ,2022,P8,0.001112,2.6e-05
E3 ,Metropole,31837 ,GAK3I14 ,Articulado ,2022,P8,0.001112,2.6e-05
E3 ,Metropole,31838 ,GFY8A54 ,Articulado ,2022,P8,0.001112,2.6e-05
AR4 ,Express,48983 ,GGC9F37 ,Padron ,2022,P8,0.001112,2.6e-05
D6 ,Allibus,45078 ,GII9F21 ,Midiônibus ,2022,P8,0.001112,2.6e-05
D6 ,Allibus,45077 ,ESU8H01 ,Miniônibus ,2022,P8,0.001112,2.6e-05
D6 ,Allibus,45074 ,EHY8J62 ,Miniônibus ,2022,P8,0.001112,2.6e-05
D6 ,Allibus,45071 ,GDP7I27 ,Miniônibus ,2022,P8,0.001112,2.6e-05
D6 ,Allibus,45069 ,BXD9D57 ,Miniônibus ,2022,P8,0.001112,2.6e-05
D6 ,Allibus,45068 ,GCO4H72 ,Miniônibus ,2022,P8,0.001112,2.6e-05
D6 ,Allibus,45062 ,GHZ7G58 ,Miniônibus ,2022,P8,0.001112,2.6e-05
D6 ,Allibus,45053 ,GHS1D01 ,Midiônibus ,2022,P8,0.001112,2.6e-05
D6 ,Allibus,45052 ,DGG3F48 ,Miniônibus ,2022,P8,0.001112,2.6e-05
D6 ,Allibus,45043 ,GAD8I81 ,Miniônibus ,2022,P8,0.001112,2.6e-05
E3 ,Metropole,31822 ,GDQ2E95 ,Articulado ,2022,P8,0.001112,2.6e-05
E5 ,Mobibrasil,63651 ,CRL5C24 ,Padron ,2022,P8,0.001112,2.6e-05
E3 ,Metropole,31821 ,GHX0I36 ,Articulado ,2022,P8,0.001112,2.6e-05
E3 ,Metropole,31819 ,GKB8D06 ,Articulado ,2022,P8,0.001112,2.6e-05
E6 ,Grajau,61817 ,GJD5B42 ,Articulado ,2022,P8,0.001112,2.6e-05
E6 ,Grajau,61816 ,GDY8D41 ,Articulado ,2022,P8,0.001112,2.6e-05
E6 ,Grajau,61815 ,FDR0F62 ,Articulado ,2022,P8,0.001112,2.6e-05
E6 ,Grajau,61814 ,FSX4F01 ,Articulado ,2022,P8,0.001112,2.6e-05
E6 ,Grajau,61813 ,GKE8A31 ,Articulado ,2022,P8,0.001112,2.6e-05
E6 ,Grajau,61812 ,FFK6B94 ,Articulado ,2022,P8,0.001112,2.6e-05
E6 ,Grajau,61811 ,GHG7E53 ,Articulado ,2022,P8,0.001112,2.6e-05
E6 ,Grajau,61810 ,GCU8A76 ,Articulado ,2022,P8,0.001112,2.6e-05
E6 ,Grajau,61809 ,DYY5F67 ,Articulado ,2022,P8,0.001112,2.6e-05
E6 ,Grajau,61808 ,EGX1B52 ,Articulado ,2022,P8,0.001112,2.6e-05
E6 ,Grajau,61807 ,FXK5E27 ,Articulado ,2022,P8,0.001112,2.6e-05
E6 ,Grajau,61806 ,GFN9J23 ,Articulado ,2022,P8,0.001112,2.6e-05
E6 ,Grajau,61805 ,BRY7E55 ,Articulado ,2022,P8,0.001112,2.6e-05
D6 ,Allibus,45098 ,EXN4E13 ,Midiônibus ,2022,P8,0.001112,2.6e-05
D6 ,Allibus,45090 ,FDR6G11 ,Miniônibus ,2022,P8,0.001112,2.6e-05
D6 ,Allibus,45087 ,CTB3C52 ,Midiônibus ,2022,P8,0.001112,2.6e-05
D6 ,Allibus,45086 ,FWV8G88 ,Miniônibus ,2022,P8,0.001112,2.6e-05
D6 ,Allibus,45083 ,FVL4G31 ,Midiônibus ,2022,P8,0.001112,2.6e-05
AR4 ,Express,48980 ,GCZ2E83 ,Padron ,2022,P8,0.001112,2.6e-05
E3 ,Metropole,31811 ,GEJ3I27 ,Articulado ,2022,P8,0.001112,2.6e-05
E3 ,Metropole,31812 ,GAO6I34 ,Articulado ,2022,P8,0.001112,2.6e-05
E3 ,Metropole,31813 ,GFK6E43 ,Articulado ,2022,P8,0.001112,2.6e-05
E3 ,Metropole,31814 ,GFO8B05 ,Articulado ,2022,P8,0.001112,2.6e-05
E3 ,Metropole,31815 ,FPC0C87 ,Articulado ,2022,P8,0.001112,2.6e-05
E3 ,Metropole,31816 ,GHY3D27 ,Articulado ,2022,P8,0.001112,2.6e-05
E3 ,Metropole,31817 ,GCM9D27 ,Articulado ,2022,P8,0.001112,2.6e-05
E3 ,Metropole,31818 ,GIY1G87 ,Articulado ,2022,P8,0.001112,2.6e-05
E3 ,Metropole,31820 ,FSA7G17 ,Articulado ,2022,P8,0.001112,2.6e-05
E5 ,Mobibrasil,63652 ,DMI7D57 ,Padron ,2022,P8,0.001112,2.6e-05
E5 ,Mobibrasil,63653 ,GFL5D42 ,Padron ,2022,P8,0.001112,2.6e-05
E5 ,Mobibrasil,63654 ,GBM8F62 ,Padron ,2022,P8,0.001112,2.6e-05
AR4 ,Express,48249 ,EUI3E27 ,Padron ,2022,P8,0.001112,2.6e-05
D2 ,Norte Buss,26287 ,GFM3D64 ,Miniônibus ,2022,P8,0.001112,2.6e-05
D6 ,Allibus,45260 ,BYP4B61 ,Miniônibus ,2022,P8,0.001112,2.6e-05
D2 ,Norte Buss,26319 ,FMY5C87 ,Midiônibus ,2022,P8,0.001112,2.6e-05
D6 ,Allibus,45242 ,DPX8E82 ,Midiônibus ,2022,P8,0.001112,2.6e-05
D6 ,Allibus,45241 ,FVQ1C37 ,Miniônibus ,2022,P8,0.001112,2.6e-05
AR4 ,Express,48323 ,FXQ4F51 ,Padron ,2022,P8,0.001112,2.6e-05
D13 ,Alfa Rodobus,86131 ,GHR3H47 ,Midiônibus ,2022,P8,0.001112,2.6e-05
AR4 ,Express,48333 ,FVS6J15 ,Padron ,2022,P8,0.001112,2.6e-05
AR4 ,Express,48337 ,FRX0A74 ,Padron ,2022,P8,0.001112,2.6e-05
D6 ,Allibus,45230 ,GCN9E81 ,Midiônibus ,2022,P8,0.001112,2.6e-05
AR4 ,Express,48344 ,ESL5F28 ,Padron ,2022,P8,0.001112,2.6e-05
D6 ,Allibus,45226 ,GIJ0C71 ,Midiônibus ,2022,P8,0.001112,2.6e-05
D6 ,Allibus,45218 ,DGY6J13 ,Midiônibus ,2022,P8,0.001112,2.6e-05
D6 ,Allibus,45214 ,DPN8G71 ,Midiônibus ,2022,P8,0.001112,2.6e-05
D13 ,Alfa Rodobus,86130 ,GAS4I06 ,Midiônibus ,2022,P8,0.001112,2.6e-05
D13 ,Alfa Rodobus,86129 ,GKF8D74 ,Midiônibus ,2022,P8,0.001112,2.6e-05
D13 ,Alfa Rodobus,86128 ,GES9F73 ,Midiônibus ,2022,P8,0.001112,2.6e-05
AR4 ,Express,48388 ,FXN2G51 ,Padron ,2022,P8,0.001112,2.6e-05
D6 ,Allibus,45208 ,EEL6F21 ,Miniônibus ,2022,P8,0.001112,2.6e-05
D6 ,Allibus,45207 ,EMA6C61 ,Midiônibus ,2022,P8,0.001112,2.6e-05
D6 ,Allibus,45206 ,FEI6E31 ,Midiônibus ,2022,P8,0.001112,2.6e-05
D13 ,Alfa Rodobus,86117 ,EOC2J76 ,Midiônibus ,2022,P8,0.001112,2.6e-05
D6 ,Allibus,45204 ,FUK4D41 ,Midiônibus ,2022,P8,0.001112,2.6e-05
D13 ,Alfa Rodobus,86116 ,GEE4B94 ,Midiônibus ,2022,P8,0.001112,2.6e-05
D6 ,Allibus,45195 ,FYJ8G73 ,Midiônibus ,2022,P8,0.001112,2.6e-05
AR4 ,Express,48481 ,DRE9I81 ,Padron ,2022,P8,0.001112,2.6e-05
D2 ,Norte Buss,26275 ,EOP0H75 ,Midiônibus ,2022,P8,0.001112,2.6e-05
D6 ,Allibus,45194 ,EQC3C51 ,Midiônibus ,2022,P8,0.001112,2.6e-05
AR6 ,Mobibrasil,64680 ,GIG7F96 ,Padron ,2022,P8,0.001112,2.6e-05
AR4 ,Express,48245 ,EKU3H03 ,Padron ,2022,P8,0.001112,2.6e-05
D2 ,Norte Buss,26232 ,EIP1H91 ,Midiônibus ,2022,P8,0.001112,2.6e-05
D10 ,Transwolff,66036 ,CFZ4J86 ,Midiônibus ,2022,P8,0.001112,2.6e-05
D6 ,Allibus,45289 ,FZY3J61 ,Midiônibus ,2022,P8,0.001112,2.6e-05
AR4 ,Express,48175 ,EQU4F56 ,Padron ,2022,P8,0.001112,2.6e-05
D2 ,Norte Buss,26235 ,FOQ1B75 ,Midiônibus ,2022,P8,0.001112,2.6e-05
D10 ,Transwolff,66020 ,FWX1E24 ,Midiônibus ,2022,P8,0.001112,2.6e-05
D6 ,Allibus,45284 ,EOD3H17 ,Miniônibus ,2022,P8,0.001112,2.6e-05
D6 ,Allibus,45283 ,DAO1B63 ,Midiônibus ,2022,P8,0.001112,2.6e-05
D12 ,Transcap,85760 ,FPV5A87 ,Midiônibus ,2022,P8,0.001112,2.6e-05
D12 ,Transcap,85761 ,BZA5B07 ,Midiônibus ,2022,P8,0.001112,2.6e-05
D12 ,Transcap,85762 ,CDR9I31 ,Midiônibus ,2022,P8,0.001112,2.6e-05
D12 ,Transcap,85763 ,BHX5I34 ,Midiônibus ,2022,P8,0.001112,2.6e-05
D12 ,Transcap,85764 ,EJF3J61 ,Midiônibus ,2022,P8,0.001112,2.6e-05
D12 ,Transcap,85766 ,DKN1E56 ,Midiônibus ,2022,P8,0.001112,2.6e-05
D12 ,Transcap,85767 ,BHY9G45 ,Midiônibus ,2022,P8,0.001112,2.6e-05
D12 ,Transcap,85768 ,GDY0C63 ,Básico ,2022,P8,0.001112,2.6e-05
D12 ,Transcap,85769 ,FXP3I02 ,Básico ,2022,P8,0.001112,2.6e-05
D12 ,Transcap,85770 ,GBS4H02 ,Básico ,2022,P8,0.001112,2.6e-05
D6 ,Allibus,45282 ,FPL8F77 ,Miniônibus ,2022,P8,0.001112,2.6e-05
AR4 ,Express,48184 ,EZG6A54 ,Padron ,2022,P8,0.001112,2.6e-05
D13 ,Alfa Rodobus,86137 ,EZP9A17 ,Midiônibus ,2022,P8,0.001112,2.6e-05
D6 ,Allibus,45277 ,DDD2G92 ,Miniônibus ,2022,P8,0.001112,2.6e-05
D6 ,Allibus,45275 ,FJN6D42 ,Midiônibus ,2022,P8,0.001112,2.6e-05
D13 ,Alfa Rodobus,86136 ,EOB2F58 ,Midiônibus ,2022,P8,0.001112,2.6e-05
D6 ,Allibus,45268 ,FON7A82 ,Miniônibus ,2022,P8,0.001112,2.6e-05
D6 ,Allibus,45267 ,CCU0D41 ,Miniônibus ,2022,P8,0.001112,2.6e-05
D13 ,Alfa Rodobus,86135 ,GIS4E35 ,Midiônibus ,2022,P8,0.001112,2.6e-05
AR6 ,Mobibrasil,64681 ,GBZ1J64 ,Padron ,2022,P8,0.001112,2.6e-05
D6 ,Allibus,45041 ,CUJ6B91 ,Midiônibus ,2022,P8,0.001112,2.6e-05
AR4 ,Express,48485 ,GIJ6A17 ,Padron ,2022,P8,0.001112,2.6e-05
D13 ,Alfa Rodobus,86099 ,GBW6H85 ,Básico ,2022,P8,0.001112,2.6e-05
AR4 ,Express,48800 ,FWM8I42 ,Padron ,2022,P8,0.001112,2.6e-05
AR4 ,Express,48803 ,FZM1F17 ,Padron ,2022,P8,0.001112,2.6e-05
E5 ,Mobibrasil,63682 ,GAA9E54 ,Padron ,2022,P8,0.001112,2.6e-05
E5 ,Mobibrasil,63679 ,GCQ8C67 ,Padron ,2022,P8,0.001112,2.6e-05
E5 ,Mobibrasil,63678 ,GIQ1I57 ,Padron ,2022,P8,0.001112,2.6e-05
E5 ,Mobibrasil,63677 ,GDV6E23 ,Padron ,2022,P8,0.001112,2.6e-05
E5 ,Mobibrasil,63676 ,GDU9G87 ,Padron ,2022,P8,0.001112,2.6e-05
E5 ,Mobibrasil,63675 ,GHL5F02 ,Padron ,2022,P8,0.001112,2.6e-05
E5 ,Mobibrasil,63674 ,GHT3G05 ,Padron ,2022,P8,0.001112,2.6e-05
E5 ,Mobibrasil,63673 ,GCQ9C22 ,Padron ,2022,P8,0.001112,2.6e-05
E5 ,Mobibrasil,63672 ,GBG1D85 ,Padron ,2022,P8,0.001112,2.6e-05
E5 ,Mobibrasil,63671 ,GBX6C31 ,Padron ,2022,P8,0.001112,2.6e-05
E5 ,Mobibrasil,63670 ,GAF2A63 ,Padron ,2022,P8,0.001112,2.6e-05
E5 ,Mobibrasil,63669 ,GCQ8A04 ,Padron ,2022,P8,0.001112,2.6e-05
E5 ,Mobibrasil,63667 ,GHJ6E92 ,Padron ,2022,P8,0.001112,2.6e-05
E5 ,Mobibrasil,63666 ,GHK3B22 ,Padron ,2022,P8,0.001112,2.6e-05
E5 ,Mobibrasil,63665 ,GDJ6C23 ,Padron ,2022,P8,0.001112,2.6e-05
E5 ,Mobibrasil,63664 ,GKA1C94 ,Padron ,2022,P8,0.001112,2.6e-05
E5 ,Mobibrasil,63663 ,GHN8B56 ,Padron ,2022,P8,0.001112,2.6e-05
E5 ,Mobibrasil,63662 ,GHS6B25 ,Padron ,2022,P8,0.001112,2.6e-05
E5 ,Mobibrasil,63661 ,GHZ8I27 ,Padron ,2022,P8,0.001112,2.6e-05
E5 ,Mobibrasil,63660 ,GCC7J21 ,Padron ,2022,P8,0.001112,2.6e-05
E5 ,Mobibrasil,63659 ,GJS5G64 ,Padron ,2022,P8,0.001112,2.6e-05
E5 ,Mobibrasil,63658 ,GGH8H65 ,Padron ,2022,P8,0.001112,2.6e-05
E5 ,Mobibrasil,63657 ,GDG5B57 ,Padron ,2022,P8,0.001112,2.6e-05
E5 ,Mobibrasil,63656 ,GHK6B11 ,Padron ,2022,P8,0.001112,2.6e-05
E5 ,Mobibrasil,63655 ,GJE2H67 ,Padron ,2022,P8,0.001112,2.6e-05
AR4 ,Express,48799 ,GFY2I61 ,Padron ,2022,P8,0.001112,2.6e-05
AR4 ,Express,48495 ,EEI0F92 ,Padron ,2022,P8,0.001112,2.6e-05
D6 ,Allibus,45142 ,EQY3G11 ,Midiônibus ,2022,P8,0.001112,2.6e-05
D2 ,Norte Buss,26482 ,GDQ1C62 ,Miniônibus ,2022,P8,0.001112,2.6e-05
D13 ,Alfa Rodobus,86098 ,GKA9G02 ,Básico ,2022,P8,0.001112,2.6e-05
D13 ,Alfa Rodobus,86097 ,GJK7C47 ,Básico ,2022,P8,0.001112,2.6e-05
D13 ,Alfa Rodobus,86096 ,GKH8H04 ,Básico ,2022,P8,0.001112,2.6e-05
D6 ,Allibus,45171 ,FOV7A12 ,Midiônibus ,2022,P8,0.001112,2.6e-05
AR4 ,Express,48629 ,EWV3H33 ,Articulado ,2022,P8,0.001112,2.6e-05
D2 ,Norte Buss,26335 ,FII0B55 ,Miniônibus ,2022,P8,0.001112,2.6e-05
AR4 ,Express,48631 ,ERR2E54 ,Articulado ,2022,P8,0.001112,2.6e-05
D6 ,Allibus,45164 ,EZH2H81 ,Miniônibus ,2022,P8,0.001112,2.6e-05
D2 ,Norte Buss,26359 ,FWQ6E96 ,Miniônibus ,2022,P8,0.001112,2.6e-05
D2 ,Norte Buss,26367 ,GGJ6J46 ,Miniônibus ,2022,P8,0.001112,2.6e-05
D6 ,Allibus,45163 ,FOT4C91 ,Midiônibus ,2022,P8,0.001112,2.6e-05
AR4 ,Express,48652 ,FBI4I91 ,Padron ,2022,P8,0.001112,2.6e-05
AR4 ,Express,48667 ,FPE3I43 ,Padron ,2022,P8,0.001112,2.6e-05
D6 ,Allibus,45158 ,FYP7F61 ,Miniônibus ,2022,P8,0.001112,2.6e-05
D6 ,Allibus,45155 ,FWE8C51 ,Miniônibus ,2022,P8,0.001112,2.6e-05
AR4 ,Express,48697 ,FUM7H07 ,Padron ,2022,P8,0.001112,2.6e-05
AR4 ,Express,48698 ,ELY1J53 ,Padron ,2022,P8,0.001112,2.6e-05
D6 ,Allibus,45152 ,FYV4I91 ,Midiônibus ,2022,P8,0.001112,2.6e-05
AR4 ,Express,48714 ,FLT4F63 ,Padron ,2022,P8,0.001112,2.6e-05
AR4 ,Express,48715 ,EUV1G82 ,Padron ,2022,P8,0.001112,2.6e-05
AR4 ,Express,48716 ,GCG8E91 ,Padron ,2022,P8,0.001112,2.6e-05
D2 ,Norte Buss,26378 ,FCW3G48 ,Miniônibus ,2022,P8,0.001112,2.6e-05
AR4 ,Express,48717 ,ENI4E82 ,Padron ,2022,P8,0.001112,2.6e-05
AR4 ,Express,48718 ,GEN8J66 ,Padron ,2022,P8,0.001112,2.6e-05
D12 ,Transcap,85771 ,CNC2E21 ,Básico ,2022,P8,0.001112,2.6e-05
D12 ,Transcap,85772 ,EXR9I62 ,Midiônibus ,2022,P8,0.001112,2.6e-05
D12 ,Transcap,85773 ,EWH2C74 ,Midiônibus ,2022,P8,0.001112,2.6e-05
D6 ,Allibus,45144 ,EZX3G81 ,Miniônibus ,2022,P8,0.001112,2.6e-05
D6 ,Allibus,45038 ,DTE4F61 ,Midiônibus ,2022,P8,0.001112,2.6e-05
D6 ,Allibus,45036 ,FQO8D67 ,Miniônibus ,2022,P8,0.001112,2.6e-05
D6 ,Allibus,45033 ,GDH6J43 ,Midiônibus ,2022,P8,0.001112,2.6e-05
D8 ,Movebuss,55303 ,GAB9A28 ,Midiônibus ,2022,P8,0.001112,2.6e-05
D8 ,Movebuss,55305 ,DYF4B72 ,Midiônibus ,2022,P8,0.001112,2.6e-05
D8 ,Movebuss,55308 ,FOJ8F06 ,Midiônibus ,2022,P8,0.001112,2.6e-05
D8 ,Movebuss,55309 ,CSH7A82 ,Midiônibus ,2022,P8,0.001112,2.6e-05
D8 ,Movebuss,55311 ,GIR3A67 ,Midiônibus ,2022,P8,0.001112,2.6e-05
D8 ,Movebuss,55312 ,GHO5E78 ,Midiônibus ,2022,P8,0.001112,2.6e-05
D8 ,Movebuss,55318 ,GJF3G54 ,Midiônibus ,2022,P8,0.001112,2.6e-05
D8 ,Movebuss,55326 ,FXO9J86 ,Midiônibus ,2022,P8,0.001112,2.6e-05
D8 ,Movebuss,55329 ,GBB5G94 ,Midiônibus ,2022,P8,0.001112,2.6e-05
D8 ,Movebuss,55330 ,FBR1H66 ,Midiônibus ,2022,P8,0.001112,2.6e-05
D8 ,Movebuss,55334 ,FOL1J23 ,Midiônibus ,2022,P8,0.001112,2.6e-05
D8 ,Movebuss,55335 ,BGF9I75 ,Midiônibus ,2022,P8,0.001112,2.6e-05
D8 ,Movebuss,55336 ,FAE2E61 ,Midiônibus ,2022,P8,0.001112,2.6e-05
D8 ,Movebuss,55347 ,CUC2A72 ,Midiônibus ,2022,P8,0.001112,2.6e-05
D8 ,Movebuss,55350 ,GEX0G34 ,Midiônibus ,2022,P8,0.001112,2.6e-05
D8 ,Movebuss,55355 ,EVT1A08 ,Midiônibus ,2022,P8,0.001112,2.6e-05
D8 ,Movebuss,55357 ,ELA5J27 ,Midiônibus ,2022,P8,0.001112,2.6e-05
D8 ,Movebuss,55359 ,GJM9E41 ,Midiônibus ,2022,P8,0.001112,2.6e-05
D8 ,Movebuss,55364 ,GIB7H95 ,Midiônibus ,2022,P8,0.001112,2.6e-05
D8 ,Movebuss,55366 ,FCY5I48 ,Midiônibus ,2022,P8,0.001112,2.6e-05
D8 ,Movebuss,55373 ,GIY9H85 ,Midiônibus ,2022,P8,0.001112,2.6e-05
D8 ,Movebuss,55375 ,BIJ0E21 ,Midiônibus ,2022,P8,0.001112,2.6e-05
D8 ,Movebuss,55377 ,GIM8G53 ,Midiônibus ,2022,P8,0.001112,2.6e-05
D8 ,Movebuss,55381 ,CUA3G78 ,Midiônibus ,2022,P8,0.001112,2.6e-05
D8 ,Movebuss,55385 ,EZE7B63 ,Midiônibus ,2022,P8,0.001112,2.6e-05
D7 ,Transunião,56270 ,DEI0F14 ,Midiônibus ,2022,P8,0.001112,2.6e-05
D7 ,Transunião,56248 ,EFW8H83 ,Midiônibus ,2022,P8,0.001112,2.6e-05
D8 ,Movebuss,55296 ,FYT7A45 ,Midiônibus ,2022,P8,0.001112,2.6e-05
AR3 ,Metropole,32501 ,GES2C17 ,Articulado ,2022,P8,0.001112,2.6e-05
D8 ,Movebuss,55295 ,DUZ4E75 ,Midiônibus ,2022,P8,0.001112,2.6e-05
D8 ,Movebuss,55285 ,BJL6E24 ,Midiônibus ,2022,P8,0.001112,2.6e-05
D8 ,Movebuss,55192 ,GIN4D91 ,Midiônibus ,2022,P8,0.001112,2.6e-05
D13 ,Alfa Rodobus,86367 ,FOV4C63 ,Midiônibus ,2022,P8,0.001112,2.6e-05
D13 ,Alfa Rodobus,86366 ,FJH2C51 ,Midiônibus ,2022,P8,0.001112,2.6e-05
D13 ,Alfa Rodobus,86365 ,CUJ7E95 ,Midiônibus ,2022,P8,0.001112,2.6e-05
D13 ,Alfa Rodobus,86364 ,ELY1E81 ,Midiônibus ,2022,P8,0.001112,2.6e-05
D13 ,Alfa Rodobus,86363 ,ECT8D81 ,Midiônibus ,2022,P8,0.001112,2.6e-05
D13 ,Alfa Rodobus,86362 ,DLA5D42 ,Midiônibus ,2022,P8,0.001112,2.6e-05
D8 ,Movebuss,55197 ,BGO1C47 ,Midiônibus ,2022,P8,0.001112,2.6e-05
D8 ,Movebuss,55201 ,ECE0F08 ,Midiônibus ,2022,P8,0.001112,2.6e-05
D8 ,Movebuss,55217 ,FUF7G92 ,Midiônibus ,2022,P8,0.001112,2.6e-05
D8 ,Movebuss,55218 ,GEZ0D52 ,Midiônibus ,2022,P8,0.001112,2.6e-05
D8 ,Movebuss,55222 ,GDL2B85 ,Midiônibus ,2022,P8,0.001112,2.6e-05
D8 ,Movebuss,55223 ,GEZ7A21 ,Midiônibus ,2022,P8,0.001112,2.6e-05
D8 ,Movebuss,55233 ,FLH4G27 ,Midiônibus ,2022,P8,0.001112,2.6e-05
D8 ,Movebuss,55239 ,GEL9E27 ,Midiônibus ,2022,P8,0.001112,2.6e-05
D8 ,Movebuss,55244 ,EFL9C98 ,Midiônibus ,2022,P8,0.001112,2.6e-05
D8 ,Movebuss,55247 ,FLU6A23 ,Midiônibus ,2022,P8,0.001112,2.6e-05
D8 ,Movebuss,55248 ,FEE5A38 ,Midiônibus ,2022,P8,0.001112,2.6e-05
D8 ,Movebuss,55254 ,GIM6I27 ,Midiônibus ,2022,P8,0.001112,2.6e-05
D8 ,Movebuss,55259 ,GAX0J46 ,Midiônibus ,2022,P8,0.001112,2.6e-05
D8 ,Movebuss,55260 ,FXA9F21 ,Midiônibus ,2022,P8,0.001112,2.6e-05
D8 ,Movebuss,55261 ,DPJ2H41 ,Midiônibus ,2022,P8,0.001112,2.6e-05
D8 ,Movebuss,55267 ,GFE8B92 ,Midiônibus ,2022,P8,0.001112,2.6e-05
D8 ,Movebuss,55276 ,FOF7J05 ,Midiônibus ,2022,P8,0.001112,2.6e-05
D8 ,Movebuss,55277 ,GJO7J42 ,Midiônibus ,2022,P8,0.001112,2.6e-05
D8 ,Movebuss,55278 ,FYC6C47 ,Midiônibus ,2022,P8,0.001112,2.6e-05
D8 ,Movebuss,55281 ,ELU3G04 ,Midiônibus ,2022,P8,0.001112,2.6e-05
D8 ,Movebuss,55291 ,FAY5J57 ,Midiônibus ,2022,P8,0.001112,2.6e-05
D8 ,Movebuss,55189 ,EKQ1B66 ,Midiônibus ,2022,P8,0.001112,2.6e-05
AR3 ,Metropole,32502 ,GBZ7J57 ,Articulado ,2022,P8,0.001112,2.6e-05
D7 ,Transunião,56211 ,DAP4G31 ,Midiônibus ,2022,P8,0.001112,2.6e-05
D8 ,Movebuss,55488 ,FLA3C26 ,Midiônibus ,2022,P8,0.001112,2.6e-05
D8 ,Movebuss,55481 ,FSM3G23 ,Midiônibus ,2022,P8,0.001112,2.6e-05
D8 ,Movebuss,55480 ,FIS2B72 ,Midiônibus ,2022,P8,0.001112,2.6e-05
D8 ,Movebuss,55477 ,GCI9E05 ,Midiônibus ,2022,P8,0.001112,2.6e-05
D8 ,Movebuss,55471 ,FNV1F93 ,Midiônibus ,2022,P8,0.001112,2.6e-05
D8 ,Movebuss,55467 ,ENE9I82 ,Midiônibus ,2022,P8,0.001112,2.6e-05
D8 ,Movebuss,55466 ,FDI4A91 ,Midiônibus ,2022,P8,0.001112,2.6e-05
D8 ,Movebuss,55426 ,GEK7I43 ,Midiônibus ,2022,P8,0.001112,2.6e-05
AR3 ,Metropole,32621 ,GFC8I17 ,Padron ,2022,P8,0.001112,2.6e-05
AR3 ,Metropole,32622 ,GDB6H87 ,Padron ,2022,P8,0.001112,2.6e-05
D8 ,Movebuss,55427 ,GEM0E37 ,Midiônibus ,2022,P8,0.001112,2.6e-05
AR3 ,Metropole,32623 ,GGK0G16 ,Padron ,2022,P8,0.001112,2.6e-05
D8 ,Movebuss,55459 ,EOA1J83 ,Midiônibus ,2022,P8,0.001112,2.6e-05
D8 ,Movebuss,55458 ,GBI8E16 ,Midiônibus ,2022,P8,0.001112,2.6e-05
D8 ,Movebuss,55456 ,FYE1A82 ,Midiônibus ,2022,P8,0.001112,2.6e-05
AR3 ,Metropole,32624 ,GEY8A46 ,Padron ,2022,P8,0.001112,2.6e-05
AR3 ,Metropole,32625 ,GKC2E25 ,Padron ,2022,P8,0.001112,2.6e-05
AR2 ,Sambaiba,22820 ,CUZ8A20 ,Padron ,2022,P8,0.001112,2.6e-05
D8 ,Movebuss,55429 ,FJU5A92 ,Midiônibus ,2022,P8,0.001112,2.6e-05
D8 ,Movebuss,55451 ,GIV5D24 ,Midiônibus ,2022,P8,0.001112,2.6e-05
AR3 ,Metropole,32626 ,GCS0I76 ,Padron ,2022,P8,0.001112,2.6e-05
D8 ,Movebuss,55449 ,GEP3I46 ,Midiônibus ,2022,P8,0.001112,2.6e-05
D8 ,Movebuss,55448 ,EXI8C31 ,Midiônibus ,2022,P8,0.001112,2.6e-05
AR3 ,Metropole,32627 ,GCU1E97 ,Padron ,2022,P8,0.001112,2.6e-05
AR3 ,Metropole,32628 ,GCU2I37 ,Padron ,2022,P8,0.001112,2.6e-05
D8 ,Movebuss,55442 ,GIE0F58 ,Midiônibus ,2022,P8,0.001112,2.6e-05
AR3 ,Metropole,32630 ,GBV6G83 ,Padron ,2022,P8,0.001112,2.6e-05
D8 ,Movebuss,55492 ,GGT9G48 ,Midiônibus ,2022,P8,0.001112,2.6e-05
D7 ,Transunião,56219 ,DDE1D32 ,Midiônibus ,2022,P8,0.001112,2.6e-05
D8 ,Movebuss,55493 ,GGU6H26 ,Midiônibus ,2022,P8,0.001112,2.6e-05
D8 ,Movebuss,55420 ,GBY8J05 ,Midiônibus ,2022,P8,0.001112,2.6e-05
AR3 ,Metropole,32503 ,GDN0A57 ,Articulado ,2022,P8,0.001112,2.6e-05
D8 ,Movebuss,55387 ,BRY9J27 ,Midiônibus ,2022,P8,0.001112,2.6e-05
AR3 ,Metropole,32504 ,EWD9A37 ,Articulado ,2022,P8,0.001112,2.6e-05
AR3 ,Metropole,32505 ,FXP8E17 ,Articulado ,2022,P8,0.001112,2.6e-05
D7 ,Transunião,56204 ,CDR4G57 ,Midiônibus ,2022,P8,0.001112,2.6e-05
D8 ,Movebuss,55390 ,FYM1D03 ,Midiônibus ,2022,P8,0.001112,2.6e-05
D8 ,Movebuss,55394 ,BTR9D75 ,Midiônibus ,2022,P8,0.001112,2.6e-05
D8 ,Movebuss,55558 ,BZR2H54 ,Midiônibus ,2022,P8,0.001112,2.6e-05
D8 ,Movebuss,55557 ,FDS4I11 ,Midiônibus ,2022,P8,0.001112,2.6e-05
D8 ,Movebuss,55556 ,CSL3A54 ,Midiônibus ,2022,P8,0.001112,2.6e-05
D8 ,Movebuss,55555 ,GEQ9A44 ,Midiônibus ,2022,P8,0.001112,2.6e-05
D8 ,Movebuss,55554 ,FMT1B67 ,Midiônibus ,2022,P8,0.001112,2.6e-05
D8 ,Movebuss,55553 ,EUV6C91 ,Midiônibus ,2022,P8,0.001112,2.6e-05
D8 ,Movebuss,55552 ,BRQ5D43 ,Midiônibus ,2022,P8,0.001112,2.6e-05
D8 ,Movebuss,55551 ,FUF8H45 ,Midiônibus ,2022,P8,0.001112,2.6e-05
D8 ,Movebuss,55550 ,BOJ2E11 ,Midiônibus ,2022,P8,0.001112,2.6e-05
D8 ,Movebuss,55395 ,FIL2B76 ,Midiônibus ,2022,P8,0.001112,2.6e-05
D8 ,Movebuss,55403 ,FRE7I43 ,Midiônibus ,2022,P8,0.001112,2.6e-05
D8 ,Movebuss,55404 ,FAU1B46 ,Midiônibus ,2022,P8,0.001112,2.6e-05
D8 ,Movebuss,55412 ,BYX0J85 ,Midiônibus ,2022,P8,0.001112,2.6e-05
D8 ,Movebuss,55413 ,FEF2C91 ,Midiônibus ,2022,P8,0.001112,2.6e-05
D8 ,Movebuss,55514 ,FOO2F04 ,Midiônibus ,2022,P8,0.001112,2.6e-05
D8 ,Movebuss,55513 ,GIE0J25 ,Midiônibus ,2022,P8,0.001112,2.6e-05
D8 ,Movebuss,55508 ,ENI7A55 ,Midiônibus ,2022,P8,0.001112,2.6e-05
D8 ,Movebuss,55506 ,FUV1H47 ,Midiônibus ,2022,P8,0.001112,2.6e-05
D8 ,Movebuss,55502 ,GEE7B05 ,Midiônibus ,2022,P8,0.001112,2.6e-05
D8 ,Movebuss,55499 ,FII2G14 ,Midiônibus ,2022,P8,0.001112,2.6e-05
D8 ,Movebuss,55495 ,BYX4D07 ,Midiônibus ,2022,P8,0.001112,2.6e-05
D10 ,Transwolff,66038 ,EXH7J22 ,Midiônibus ,2022,P8,0.001112,2.6e-05
D8 ,Movebuss,55185 ,FUR7I85 ,Midiônibus ,2022,P8,0.001112,2.6e-05
D8 ,Movebuss,55183 ,FUA7C97 ,Midiônibus ,2022,P8,0.001112,2.6e-05
D13 ,Alfa Rodobus,86174 ,GJK4J26 ,Midiônibus ,2022,P8,0.001112,2.6e-05
D13 ,Alfa Rodobus,86175 ,GJH2A63 ,Midiônibus ,2022,P8,0.001112,2.6e-05
D13 ,Alfa Rodobus,86176 ,GEA6J86 ,Midiônibus ,2022,P8,0.001112,2.6e-05
D13 ,Alfa Rodobus,86177 ,GBS6D75 ,Midiônibus ,2022,P8,0.001112,2.6e-05
E3 ,Metropole,31839 ,GDY7B47 ,Articulado ,2022,P8,0.001112,2.6e-05
E3 ,Metropole,31840 ,GFF6E57 ,Articulado ,2022,P8,0.001112,2.6e-05
E3 ,Metropole,31841 ,GHL0F57 ,Articulado ,2022,P8,0.001112,2.6e-05
E3 ,Metropole,31842 ,GHT8H35 ,Articulado ,2022,P8,0.001112,2.6e-05
E3 ,Metropole,31843 ,GCO1G77 ,Articulado ,2022,P8,0.001112,2.6e-05
E3 ,Metropole,31844 ,GCX1J27 ,Articulado ,2022,P8,0.001112,2.6e-05
E3 ,Metropole,31845 ,GKE9A76 ,Articulado ,2022,P8,0.001112,2.6e-05
E3 ,Metropole,31846 ,GII4E57 ,Articulado ,2022,P8,0.001112,2.6e-05
E3 ,Metropole,31847 ,GGN4A96 ,Articulado ,2022,P8,0.001112,2.6e-05
E3 ,Metropole,31848 ,GBQ4D97 ,Articulado ,2022,P8,0.001112,2.6e-05
E3 ,Metropole,31849 ,GCD7F83 ,Articulado ,2022,P8,0.001112,2.6e-05
E3 ,Metropole,31850 ,GAY3G89 ,Articulado ,2022,P8,0.001112,2.6e-05
E3 ,Metropole,31851 ,GJX3A95 ,Articulado ,2022,P8,0.001112,2.6e-05
E3 ,Metropole,31852 ,GIC5H97 ,Articulado ,2022,P8,0.001112,2.6e-05
E3 ,Metropole,31853 ,GBD1D07 ,Articulado ,2022,P8,0.001112,2.6e-05
E3 ,Metropole,31854 ,GHV6I76 ,Articulado ,2022,P8,0.001112,2.6e-05
E3 ,Metropole,31855 ,GEM1E17 ,Articulado ,2022,P8,0.001112,2.6e-05
E3 ,Metropole,31856 ,GIW6F57 ,Articulado ,2022,P8,0.001112,2.6e-05
E3 ,Metropole,31857 ,GHA3F78 ,Articulado ,2022,P8,0.001112,2.6e-05
E3 ,Metropole,31858 ,GCH8I26 ,Articulado ,2022,P8,0.001112,2.6e-05
E3 ,Metropole,31859 ,GKC4F87 ,Articulado ,2022,P8,0.001112,2.6e-05
E3 ,Metropole,31860 ,GBN2C67 ,Articulado ,2022,P8,0.001112,2.6e-05
E3 ,Metropole,31861 ,GDM7J16 ,Articulado ,2022,P8,0.001112,2.6e-05
D13 ,Alfa Rodobus,86173 ,GDP7A18 ,Midiônibus ,2022,P8,0.001112,2.6e-05
E3 ,Metropole,31862 ,GFT9E46 ,Articulado ,2022,P8,0.001112,2.6e-05
D6 ,Allibus,45009 ,EWY0J01 ,Midiônibus ,2022,P8,0.001112,2.6e-05
D6 ,Allibus,45015 ,FPE6G73 ,Midiônibus ,2022,P8,0.001112,2.6e-05
D6 ,Allibus,45032 ,EKU0A53 ,Midiônibus ,2022,P8,0.001112,2.6e-05
AR5 ,Via Sudeste,51134 ,FCR5E73 ,Padron ,2022,P8,0.001112,2.6e-05
AR5 ,Via Sudeste,51135 ,FNN0I32 ,Padron ,2022,P8,0.001112,2.6e-05
AR5 ,Via Sudeste,51136 ,ECX2E02 ,Padron ,2022,P8,0.001112,2.6e-05
AR5 ,Via Sudeste,51137 ,GCO8D26 ,Padron ,2022,P8,0.001112,2.6e-05
AR5 ,Via Sudeste,51138 ,GIX7B27 ,Padron ,2022,P8,0.001112,2.6e-05
AR5 ,Via Sudeste,51139 ,GFP4I16 ,Padron ,2022,P8,0.001112,2.6e-05
AR5 ,Via Sudeste,51140 ,GCV6F14 ,Padron ,2022,P8,0.001112,2.6e-05
AR5 ,Via Sudeste,51141 ,FVP6J76 ,Padron ,2022,P8,0.001112,2.6e-05
AR5 ,Via Sudeste,51142 ,FNP0B87 ,Padron ,2022,P8,0.001112,2.6e-05
AR5 ,Via Sudeste,51143 ,FWE5A61 ,Padron ,2022,P8,0.001112,2.6e-05
AR5 ,Via Sudeste,51144 ,FUX3D03 ,Padron ,2022,P8,0.001112,2.6e-05
AR5 ,Via Sudeste,51145 ,DKI1F83 ,Padron ,2022,P8,0.001112,2.6e-05
AR5 ,Via Sudeste,51146 ,FWL2H82 ,Padron ,2022,P8,0.001112,2.6e-05
AR5 ,Via Sudeste,51147 ,GCR9D51 ,Padron ,2022,P8,0.001112,2.6e-05
AR5 ,Via Sudeste,51148 ,GGM5D73 ,Padron ,2022,P8,0.001112,2.6e-05
AR5 ,Via Sudeste,51149 ,FNP8G31 ,Padron ,2022,P8,0.001112,2.6e-05
AR5 ,Via Sudeste,51150 ,EVW3I15 ,Padron ,2022,P8,0.001112,2.6e-05
AR5 ,Via Sudeste,51151 ,GGI5G06 ,Padron ,2022,P8,0.001112,2.6e-05
AR5 ,Via Sudeste,51152 ,FWH4E87 ,Padron ,2022,P8,0.001112,2.6e-05
AR5 ,Via Sudeste,51153 ,FJU5I15 ,Padron ,2022,P8,0.001112,2.6e-05
AR5 ,Via Sudeste,51154 ,GHJ4H12 ,Padron ,2022,P8,0.001112,2.6e-05
AR5 ,Via Sudeste,51155 ,GBJ8G11 ,Padron ,2022,P8,0.001112,2.6e-05
AR5 ,Via Sudeste,51156 ,FDW5D22 ,Padron ,2022,P8,0.001112,2.6e-05
AR5 ,Via Sudeste,51157 ,FCS8G71 ,Padron ,2022,P8,0.001112,2.6e-05
AR5 ,Via Sudeste,51158 ,GDR6D56 ,Padron ,2022,P8,0.001112,2.6e-05
D6 ,Allibus,45028 ,BZG0I71 ,Miniônibus ,2022,P8,0.001112,2.6e-05
D6 ,Allibus,45011 ,EMJ9F91 ,Midiônibus ,2022,P8,0.001112,2.6e-05
D8 ,Movebuss,55184 ,BPO4D68 ,Midiônibus ,2022,P8,0.001112,2.6e-05
E3 ,Metropole,31863 ,GCQ0C36 ,Articulado ,2022,P8,0.001112,2.6e-05
D4 ,Alfa Rodobus SPE,35984 ,FPV2C07 ,Midiônibus ,2022,P8,0.001112,2.6e-05
D8 ,Movebuss,55096 ,FYO9E67 ,Midiônibus ,2022,P8,0.001112,2.6e-05
D8 ,Movebuss,55100 ,FXT7C44 ,Midiônibus ,2022,P8,0.001112,2.6e-05
D8 ,Movebuss,55101 ,GIM6E73 ,Midiônibus ,2022,P8,0.001112,2.6e-05
D8 ,Movebuss,55107 ,FIY3J57 ,Midiônibus ,2022,P8,0.001112,2.6e-05
D8 ,Movebuss,55108 ,ETB5D26 ,Midiônibus ,2022,P8,0.001112,2.6e-05
D8 ,Movebuss,55111 ,FMT5F82 ,Midiônibus ,2022,P8,0.001112,2.6e-05
D8 ,Movebuss,55113 ,DON3B82 ,Midiônibus ,2022,P8,0.001112,2.6e-05
D8 ,Movebuss,55114 ,CHO6G22 ,Midiônibus ,2022,P8,0.001112,2.6e-05
D8 ,Movebuss,55116 ,EON0J15 ,Midiônibus ,2022,P8,0.001112,2.6e-05
D8 ,Movebuss,55118 ,DNO4C61 ,Midiônibus ,2022,P8,0.001112,2.6e-05
D8 ,Movebuss,55122 ,DIB7A81 ,Midiônibus ,2022,P8,0.001112,2.6e-05
D8 ,Movebuss,55123 ,GIH8D96 ,Midiônibus ,2022,P8,0.001112,2.6e-05
D4 ,Alfa Rodobus SPE,35791 ,FNC2D64 ,Midiônibus ,2022,P8,0.001112,2.6e-05
D8 ,Movebuss,55125 ,GIP6J57 ,Midiônibus ,2022,P8,0.001112,2.6e-05
D8 ,Movebuss,55126 ,DRI9G84 ,Midiônibus ,2022,P8,0.001112,2.6e-05
D8 ,Movebuss,55129 ,GHU2F38 ,Midiônibus ,2022,P8,0.001112,2.6e-05
D8 ,Movebuss,55130 ,BRY0H98 ,Midiônibus ,2022,P8,0.001112,2.6e-05
D8 ,Movebuss,55131 ,GIQ1H98 ,Midiônibus ,2022,P8,0.001112,2.6e-05
D8 ,Movebuss,55145 ,FEN3H42 ,Midiônibus ,2022,P8,0.001112,2.6e-05
D8 ,Movebuss,55151 ,BRQ5I66 ,Midiônibus ,2022,P8,0.001112,2.6e-05
D8 ,Movebuss,55159 ,EOC3C03 ,Midiônibus ,2022,P8,0.001112,2.6e-05
D8 ,Movebuss,55161 ,FNO6I13 ,Midiônibus ,2022,P8,0.001112,2.6e-05
D8 ,Movebuss,55170 ,CUG4J64 ,Midiônibus ,2022,P8,0.001112,2.6e-05
D8 ,Movebuss,55172 ,GEO9B75 ,Midiônibus ,2022,P8,0.001112,2.6e-05
D8 ,Movebuss,55175 ,GEL7G24 ,Midiônibus ,2022,P8,0.001112,2.6e-05
D8 ,Movebuss,55179 ,ELH8F32 ,Midiônibus ,2022,P8,0.001112,2.6e-05
D8 ,Movebuss,55182 ,GJN2E22 ,Midiônibus ,2022,P8,0.001112,2.6e-05
D8 ,Movebuss,55087 ,BXZ6H15 ,Midiônibus ,2022,P8,0.001112,2.6e-05
E3 ,Metropole,31864 ,GEP3C47 ,Articulado ,2022,P8,0.001112,2.6e-05
D8 ,Movebuss,55086 ,CHL9E87 ,Midiônibus ,2022,P8,0.001112,2.6e-05
D8 ,Movebuss,55076 ,BLS3I46 ,Midiônibus ,2022,P8,0.001112,2.6e-05
D4 ,Alfa Rodobus SPE,35964 ,FSO5G26 ,Midiônibus ,2022,P8,0.001112,2.6e-05
D8 ,Movebuss,55001 ,FXU1I65 ,Midiônibus ,2022,P8,0.001112,2.6e-05
D8 ,Movebuss,55003 ,FEF0B76 ,Midiônibus ,2022,P8,0.001112,2.6e-05
D4 ,Alfa Rodobus SPE,35941 ,FUR8J44 ,Midiônibus ,2022,P8,0.001112,2.6e-05
D8 ,Movebuss,55006 ,GAH9A24 ,Midiônibus ,2022,P8,0.001112,2.6e-05
D8 ,Movebuss,55007 ,GIS9B78 ,Midiônibus ,2022,P8,0.001112,2.6e-05
D4 ,Alfa Rodobus SPE,35930 ,CUG1A47 ,Midiônibus ,2022,P8,0.001112,2.6e-05
D8 ,Movebuss,55011 ,GGE8F72 ,Midiônibus ,2022,P8,0.001112,2.6e-05
D8 ,Movebuss,55019 ,GHG4G34 ,Midiônibus ,2022,P8,0.001112,2.6e-05
D8 ,Movebuss,55021 ,GIK5F76 ,Midiônibus ,2022,P8,0.001112,2.6e-05
D8 ,Movebuss,55023 ,GHQ1A12 ,Midiônibus ,2022,P8,0.001112,2.6e-05
D4 ,Alfa Rodobus SPE,35913 ,GAN3B52 ,Midiônibus ,2022,P8,0.001112,2.6e-05
D4 ,Alfa Rodobus SPE,35912 ,GIZ6C36 ,Midiônibus ,2022,P8,0.001112,2.6e-05
D8 ,Movebuss,55031 ,GHO0G03 ,Midiônibus ,2022,P8,0.001112,2.6e-05
D8 ,Movebuss,55045 ,GIH7E01 ,Midiônibus ,2022,P8,0.001112,2.6e-05
D8 ,Movebuss,55046 ,FJN9H53 ,Midiônibus ,2022,P8,0.001112,2.6e-05
D8 ,Movebuss,55047 ,GGA4G07 ,Midiônibus ,2022,P8,0.001112,2.6e-05
D8 ,Movebuss,55050 ,FNY6E58 ,Midiônibus ,2022,P8,0.001112,2.6e-05
D8 ,Movebuss,55055 ,ENG6D75 ,Midiônibus ,2022,P8,0.001112,2.6e-05
D8 ,Movebuss,55058 ,EJE9I01 ,Midiônibus ,2022,P8,0.001112,2.6e-05
D8 ,Movebuss,55064 ,ENK9B13 ,Midiônibus ,2022,P8,0.001112,2.6e-05
D8 ,Movebuss,55065 ,EMA9D77 ,Midiônibus ,2022,P8,0.001112,2.6e-05
D8 ,Movebuss,55066 ,EOA9B05 ,Midiônibus ,2022,P8,0.001112,2.6e-05
D8 ,Movebuss,55069 ,FUS7I81 ,Midiônibus ,2022,P8,0.001112,2.6e-05
D8 ,Movebuss,55070 ,GAL8G34 ,Midiônibus ,2022,P8,0.001112,2.6e-05
D8 ,Movebuss,55071 ,FZY0G21 ,Midiônibus ,2022,P8,0.001112,2.6e-05
D8 ,Movebuss,55072 ,BYP5E57 ,Midiônibus ,2022,P8,0.001112,2.6e-05
D8 ,Movebuss,55078 ,FOS2H06 ,Midiônibus ,2022,P8,0.001112,2.6e-05
D2 ,Norte Buss,26210 ,CUG5J68 ,Miniônibus ,2022,P8,0.001112,2.6e-05
E5 ,Mobibrasil,63668 ,GCI3H26 ,Padron ,2022,P8,0.001112,2.6e-05
AR3 ,Metropole,32629 ,GEP8B57 ,Padron ,2022,P8,0.001112,2.6e-05
D10 ,Transwolff,66874 ,EET9E71 ,Midiônibus ,2022,P8,0.001112,2.6e-05
D5 ,Pêssego,47586 ,FFL3J23 ,Midiônibus ,2022,P8,0.001112,2.6e-05
D5 ,Pêssego,47588 ,FKZ5A26 ,Midiônibus ,2022,P8,0.001112,2.6e-05
D10 ,Transwolff,66272 ,FUZ2E77 ,Midiônibus ,2022,P8,0.001112,2.6e-05
D10 ,Transwolff,66875 ,GIR5C14 ,Midiônibus ,2022,P8,0.001112,2.6e-05
D10 ,Transwolff,66877 ,FSR2C68 ,Miniônibus ,2022,P8,0.001112,2.6e-05
D10 ,Transwolff,66879 ,FWX8E46 ,Miniônibus ,2022,P8,0.001112,2.6e-05
D10 ,Transwolff,66872 ,GGS3J65 ,Miniônibus ,2022,P8,0.001112,2.6e-05
D6 ,Allibus,45414 ,ECU7D91 ,Miniônibus ,2022,P8,0.001112,2.6e-05
D5 ,Pêssego,47087 ,GCJ7I28 ,Midiônibus ,2022,P8,0.001112,2.6e-05
D5 ,Pêssego,47085 ,FDV2C85 ,Básico ,2022,P8,0.001112,2.6e-05
D6 ,Allibus,45606 ,GBF0G23 ,Midiônibus ,2022,P8,0.001112,2.6e-05
D10 ,Transwolff,66880 ,FXH0B47 ,Miniônibus ,2022,P8,0.001112,2.6e-05
D5 ,Pêssego,47075 ,FXJ9A35 ,Midiônibus ,2022,P8,0.001112,2.6e-05
D5 ,Pêssego,47072 ,GFC8C59 ,Midiônibus ,2022,P8,0.001112,2.6e-05
D5 ,Pêssego,47069 ,FIE5J63 ,Midiônibus ,2022,P8,0.001112,2.6e-05
D6 ,Allibus,45603 ,GKG0E07 ,Miniônibus ,2022,P8,0.001112,2.6e-05
D5 ,Pêssego,47582 ,EKA3B42 ,Midiônibus ,2022,P8,0.001112,2.6e-05
D10 ,Transwolff,66318 ,GIM8E18 ,Midiônibus ,2022,P8,0.001112,2.6e-05
D10 ,Transwolff,66323 ,GCP5A25 ,Midiônibus ,2022,P8,0.001112,2.6e-05
D10 ,Transwolff,66412 ,EXB1C37 ,Midiônibus ,2022,P8,0.001112,2.6e-05
D2 ,Spencer,25623 ,GBX7D45 ,Miniônibus ,2022,P8,0.001112,2.6e-05
D6 ,Allibus,45433 ,DYH6J31 ,Miniônibus ,2022,P8,0.001112,2.6e-05
D10 ,Transwolff,66401 ,EVL3E02 ,Midiônibus ,2022,P8,0.001112,2.6e-05
D10 ,Transwolff,66400 ,FSW0E27 ,Midiônibus ,2022,P8,0.001112,2.6e-05
D5 ,Pêssego,47567 ,DVJ0C97 ,Midiônibus ,2022,P8,0.001112,2.6e-05
D2 ,Spencer,25632 ,FUL2E12 ,Miniônibus ,2022,P8,0.001112,2.6e-05
D2 ,Spencer,25633 ,GCQ6J07 ,Miniônibus ,2022,P8,0.001112,2.6e-05
D5 ,Pêssego,47571 ,FOZ0G37 ,Midiônibus ,2022,P8,0.001112,2.6e-05
D2 ,Spencer,25634 ,GJC9C77 ,Miniônibus ,2022,P8,0.001112,2.6e-05
D2 ,Spencer,25635 ,GCV4F77 ,Miniônibus ,2022,P8,0.001112,2.6e-05
D2 ,Spencer,25647 ,GJY8B93 ,Miniônibus ,2022,P8,0.001112,2.6e-05
D2 ,Spencer,25650 ,FZI9B16 ,Miniônibus ,2022,P8,0.001112,2.6e-05
D2 ,Spencer,25654 ,GAG9C37 ,Miniônibus ,2022,P8,0.001112,2.6e-05
D2 ,Spencer,25666 ,GCM7D34 ,Miniônibus ,2022,P8,0.001112,2.6e-05
D5 ,Pêssego,47105 ,ENI6B39 ,Midiônibus ,2022,P8,0.001112,2.6e-05
D6 ,Allibus,45601 ,GEG8A11 ,Miniônibus ,2022,P8,0.001112,2.6e-05
D10 ,Transwolff,66881 ,GAU0D86 ,Midiônibus ,2022,P8,0.001112,2.6e-05
D5 ,Pêssego,47058 ,FKQ8J47 ,Midiônibus ,2022,P8,0.001112,2.6e-05
D5 ,Pêssego,47056 ,FFY9G47 ,Midiônibus ,2022,P8,0.001112,2.6e-05
D5 ,Pêssego,47054 ,FDQ4A54 ,Midiônibus ,2022,P8,0.001112,2.6e-05
D2 ,Norte Buss,26049 ,FYO8A68 ,Miniônibus ,2022,P8,0.001112,2.6e-05
D6 ,Allibus,45375 ,COT3A42 ,Midiônibus ,2022,P8,0.001112,2.6e-05
D5 ,Pêssego,47716 ,FVT3E26 ,Midiônibus ,2022,P8,0.001112,2.6e-05
D5 ,Pêssego,47721 ,DSL7J31 ,Midiônibus ,2022,P8,0.001112,2.6e-05
D5 ,Pêssego,47732 ,GJI7I87 ,Midiônibus ,2022,P8,0.001112,2.6e-05
D6 ,Allibus,45364 ,BPO0J63 ,Midiônibus ,2022,P8,0.001112,2.6e-05
D6 ,Allibus,45363 ,FJQ2J51 ,Midiônibus ,2022,P8,0.001112,2.6e-05
D5 ,Pêssego,47745 ,EXO6E78 ,Midiônibus ,2022,P8,0.001112,2.6e-05
D5 ,Pêssego,47747 ,EPA2E37 ,Midiônibus ,2022,P8,0.001112,2.6e-05
D10 ,Transwolff,66935 ,EHF6I54 ,Miniônibus ,2022,P8,0.001112,2.6e-05
D5 ,Pêssego,47030 ,ERR9D98 ,Midiônibus ,2022,P8,0.001112,2.6e-05
D10 ,Transwolff,66939 ,EPA5E87 ,Midiônibus ,2022,P8,0.001112,2.6e-05
D6 ,Allibus,45642 ,ECI7G32 ,Midiônibus ,2022,P8,0.001112,2.6e-05
D5 ,Pêssego,47025 ,GHF0C23 ,Básico ,2022,P8,0.001112,2.6e-05
D6 ,Allibus,45359 ,EOM6I01 ,Midiônibus ,2022,P8,0.001112,2.6e-05
D5 ,Pêssego,47013 ,GFZ3I19 ,Midiônibus ,2022,P8,0.001112,2.6e-05
D5 ,Pêssego,47764 ,FCY2D44 ,Midiônibus ,2022,P8,0.001112,2.6e-05
D5 ,Pêssego,47708 ,FMY4C38 ,Midiônibus ,2022,P8,0.001112,2.6e-05
D2 ,Spencer,25622 ,GJB8B38 ,Miniônibus ,2022,P8,0.001112,2.6e-05
D5 ,Pêssego,47707 ,GKC7H97 ,Midiônibus ,2022,P8,0.001112,2.6e-05
D5 ,Pêssego,47697 ,GCQ9I27 ,Midiônibus ,2022,P8,0.001112,2.6e-05
D10 ,Transwolff,66883 ,FCD9A06 ,Midiônibus ,2022,P8,0.001112,2.6e-05
D10 ,Transwolff,66886 ,GGJ8G37 ,Midiônibus ,2022,P8,0.001112,2.6e-05
D6 ,Allibus,45624 ,ELG5B07 ,Miniônibus ,2022,P8,0.001112,2.6e-05
D10 ,Transwolff,66892 ,FZT8G14 ,Midiônibus ,2022,P8,0.001112,2.6e-05
D5 ,Pêssego,47047 ,DPZ6F71 ,Midiônibus ,2022,P8,0.001112,2.6e-05
D5 ,Pêssego,47046 ,FYX4G86 ,Midiônibus ,2022,P8,0.001112,2.6e-05
D5 ,Pêssego,47043 ,EVW5J43 ,Midiônibus ,2022,P8,0.001112,2.6e-05
D10 ,Transwolff,66902 ,GFL0C76 ,Miniônibus ,2022,P8,0.001112,2.6e-05
D5 ,Pêssego,47038 ,GBU8J06 ,Midiônibus ,2022,P8,0.001112,2.6e-05
D5 ,Pêssego,47037 ,GIQ9D27 ,Midiônibus ,2022,P8,0.001112,2.6e-05
D5 ,Pêssego,47610 ,GFT5H98 ,Midiônibus ,2022,P8,0.001112,2.6e-05
D6 ,Allibus,45405 ,FME7J62 ,Midiônibus ,2022,P8,0.001112,2.6e-05
D5 ,Pêssego,47033 ,GHB1G03 ,Básico ,2022,P8,0.001112,2.6e-05
D5 ,Pêssego,47626 ,GHV0J38 ,Midiônibus ,2022,P8,0.001112,2.6e-05
D5 ,Pêssego,47632 ,DXT6J52 ,Midiônibus ,2022,P8,0.001112,2.6e-05
D5 ,Pêssego,47671 ,FXN4C98 ,Midiônibus ,2022,P8,0.001112,2.6e-05
D5 ,Pêssego,47686 ,FFW2B16 ,Midiônibus ,2022,P8,0.001112,2.6e-05
D5 ,Pêssego,47701 ,DWF7I31 ,Midiônibus ,2022,P8,0.001112,2.6e-05
D5 ,Pêssego,47550 ,FVT5D65 ,Midiônibus ,2022,P8,0.001112,2.6e-05
D2 ,Spencer,25612 ,GHU3J08 ,Miniônibus ,2022,P8,0.001112,2.6e-05
D2 ,Spencer,25611 ,GDI4D67 ,Miniônibus ,2022,P8,0.001112,2.6e-05
D5 ,Pêssego,47272 ,FYO7J22 ,Midiônibus ,2022,P8,0.001112,2.6e-05
D6 ,Allibus,45491 ,EAF4I71 ,Miniônibus ,2022,P8,0.001112,2.6e-05
D6 ,Allibus,45489 ,GFV4G81 ,Midiônibus ,2022,P8,0.001112,2.6e-05
D6 ,Allibus,45559 ,EKQ8B32 ,Miniônibus ,2022,P8,0.001112,2.6e-05
D5 ,Pêssego,47171 ,FCQ4F27 ,Midiônibus ,2022,P8,0.001112,2.6e-05
D5 ,Pêssego,47170 ,FRJ6C28 ,Midiônibus ,2022,P8,0.001112,2.6e-05
D6 ,Allibus,45561 ,FPW4D02 ,Midiônibus ,2022,P8,0.001112,2.6e-05
D5 ,Pêssego,47167 ,FSY1B16 ,Midiônibus ,2022,P8,0.001112,2.6e-05
D5 ,Pêssego,47158 ,FVY7E55 ,Básico ,2022,P8,0.001112,2.6e-05
D5 ,Pêssego,47151 ,ECU6E08 ,Midiônibus ,2022,P8,0.001112,2.6e-05
D6 ,Allibus,45478 ,CQU3D52 ,Midiônibus ,2022,P8,0.001112,2.6e-05
D10 ,Transwolff,66781 ,FFV2J17 ,Midiônibus ,2022,P8,0.001112,2.6e-05
D5 ,Pêssego,47146 ,END2A36 ,Midiônibus ,2022,P8,0.001112,2.6e-05
D5 ,Pêssego,47301 ,GCY9D43 ,Básico ,2022,P8,0.001112,2.6e-05
D10 ,Transwolff,66816 ,FRM4I33 ,Midiônibus ,2022,P8,0.001112,2.6e-05
D10 ,Transwolff,66087 ,GHA1H93 ,Midiônibus ,2022,P8,0.001112,2.6e-05
D5 ,Pêssego,47305 ,GGF2D78 ,Midiônibus ,2022,P8,0.001112,2.6e-05
D5 ,Pêssego,47269 ,FOP2A52 ,Midiônibus ,2022,P8,0.001112,2.6e-05
D10 ,Transwolff,66776 ,EWB1E33 ,Midiônibus ,2022,P8,0.001112,2.6e-05
D5 ,Pêssego,47266 ,FOL0C26 ,Midiônibus ,2022,P8,0.001112,2.6e-05
D5 ,Pêssego,47254 ,GCT5C54 ,Midiônibus ,2022,P8,0.001112,2.6e-05
D6 ,Allibus,45539 ,CSM9H91 ,Midiônibus ,2022,P8,0.001112,2.6e-05
D6 ,Allibus,45542 ,FVS5F61 ,Miniônibus ,2022,P8,0.001112,2.6e-05
D5 ,Pêssego,47200 ,EWD0D11 ,Básico ,2022,P8,0.001112,2.6e-05
D5 ,Pêssego,47203 ,FCY6J37 ,Midiônibus ,2022,P8,0.001112,2.6e-05
D6 ,Allibus,45532 ,BPO2J61 ,Midiônibus ,2022,P8,0.001112,2.6e-05
D5 ,Pêssego,47215 ,FWQ4I05 ,Midiônibus ,2022,P8,0.001112,2.6e-05
D5 ,Pêssego,47184 ,EOF3E26 ,Midiônibus ,2022,P8,0.001112,2.6e-05
D5 ,Pêssego,47230 ,ELO5A18 ,Midiônibus ,2022,P8,0.001112,2.6e-05
D5 ,Pêssego,47179 ,FOJ9J76 ,Midiônibus ,2022,P8,0.001112,2.6e-05
D5 ,Pêssego,47234 ,FIG5B47 ,Básico ,2022,P8,0.001112,2.6e-05
D6 ,Allibus,45514 ,FPR9D67 ,Miniônibus ,2022,P8,0.001112,2.6e-05
D5 ,Pêssego,47238 ,GJI8E67 ,Midiônibus ,2022,P8,0.001112,2.6e-05
D6 ,Allibus,45511 ,EVV8C22 ,Midiônibus ,2022,P8,0.001112,2.6e-05
D5 ,Pêssego,47240 ,FQB3H04 ,Básico ,2022,P8,0.001112,2.6e-05
D5 ,Pêssego,47242 ,GHE9C47 ,Básico ,2022,P8,0.001112,2.6e-05
D5 ,Pêssego,47247 ,ETW9H48 ,Midiônibus ,2022,P8,0.001112,2.6e-05
D6 ,Allibus,45556 ,EFC1H21 ,Midiônibus ,2022,P8,0.001112,2.6e-05
D6 ,Allibus,45506 ,DZE7H42 ,Midiônibus ,2022,P8,0.001112,2.6e-05
D5 ,Pêssego,47773 ,EVA8A83 ,Midiônibus ,2022,P8,0.001112,2.6e-05
D5 ,Pêssego,47313 ,GJV4C93 ,Midiônibus ,2022,P8,0.001112,2.6e-05
D6 ,Allibus,45467 ,EST6D71 ,Midiônibus ,2022,P8,0.001112,2.6e-05
D5 ,Pêssego,47547 ,FJV3C18 ,Midiônibus ,2022,P8,0.001112,2.6e-05
D10 ,Transwolff,66606 ,GAT5C27 ,Midiônibus ,2022,P8,0.001112,2.6e-05
D10 ,Transwolff,66587 ,EQC8H67 ,Midiônibus ,2022,P8,0.001112,2.6e-05
D10 ,Transwolff,66574 ,GHU4D02 ,Midiônibus ,2022,P8,0.001112,2.6e-05
D5 ,Pêssego,47115 ,EOO6B94 ,Midiônibus ,2022,P8,0.001112,2.6e-05
D5 ,Pêssego,47110 ,FZH0B97 ,Midiônibus ,2022,P8,0.001112,2.6e-05
D10 ,Transwolff,66529 ,FXU4B53 ,Midiônibus ,2022,P8,0.001112,2.6e-05
D10 ,Transwolff,66528 ,FGA1F65 ,Midiônibus ,2022,P8,0.001112,2.6e-05
D10 ,Transwolff,66496 ,GIW4F56 ,Midiônibus ,2022,P8,0.001112,2.6e-05
D2 ,Spencer,25216 ,FKD0D97 ,Miniônibus ,2022,P8,0.001112,2.6e-05
D10 ,Transwolff,66445 ,FKN8E72 ,Midiônibus ,2022,P8,0.001112,2.6e-05
D2 ,Spencer,25225 ,DXH8C64 ,Miniônibus ,2022,P8,0.001112,2.6e-05
D10 ,Transwolff,66441 ,FUH3H16 ,Midiônibus ,2022,P8,0.001112,2.6e-05
D2 ,Spencer,25233 ,FOQ8B63 ,Miniônibus ,2022,P8,0.001112,2.6e-05
D10 ,Transwolff,66439 ,GHM6A77 ,Midiônibus ,2022,P8,0.001112,2.6e-05
D10 ,Transwolff,66435 ,FZG9D54 ,Midiônibus ,2022,P8,0.001112,2.6e-05
D10 ,Transwolff,66434 ,GCB5C86 ,Midiônibus ,2022,P8,0.001112,2.6e-05
D5 ,Pêssego,47546 ,GDS7E56 ,Midiônibus ,2022,P8,0.001112,2.6e-05
D5 ,Pêssego,47322 ,GFZ1I32 ,Midiônibus ,2022,P8,0.001112,2.6e-05
D10 ,Transwolff,66691 ,GFR7B44 ,Midiônibus ,2022,P8,0.001112,2.6e-05
D5 ,Pêssego,47542 ,GDK1D06 ,Midiônibus ,2022,P8,0.001112,2.6e-05
D5 ,Pêssego,47334 ,GAP9A67 ,Midiônibus ,2022,P8,0.001112,2.6e-05
D10 ,Transwolff,66767 ,GCH0H75 ,Midiônibus ,2022,P8,0.001112,2.6e-05
D6 ,Allibus,45583 ,EQJ3E91 ,Miniônibus ,2022,P8,0.001112,2.6e-05
D5 ,Pêssego,47376 ,FPV4H16 ,Básico ,2022,P8,0.001112,2.6e-05
D6 ,Allibus,45456 ,GIF7G91 ,Midiônibus ,2022,P8,0.001112,2.6e-05
D10 ,Transwolff,66762 ,EOI4E86 ,Midiônibus ,2022,P8,0.001112,2.6e-05
D6 ,Allibus,45591 ,DBN6D81 ,Midiônibus ,2022,P8,0.001112,2.6e-05
D5 ,Pêssego,47383 ,GGA0D82 ,Midiônibus ,2022,P8,0.001112,2.6e-05
D5 ,Pêssego,47385 ,GBJ7J25 ,Midiônibus ,2022,P8,0.001112,2.6e-05
D6 ,Allibus,45597 ,GBT9D32 ,Midiônibus ,2022,P8,0.001112,2.6e-05
D6 ,Allibus,45454 ,EQL5I37 ,Miniônibus ,2022,P8,0.001112,2.6e-05
D5 ,Pêssego,47116 ,GGB9J15 ,Midiônibus ,2022,P8,0.001112,2.6e-05
D10 ,Transwolff,66838 ,GBJ4D74 ,Midiônibus ,2022,P8,0.001112,2.6e-05
D5 ,Pêssego,47393 ,GIR4A13 ,Midiônibus ,2022,P8,0.001112,2.6e-05
D10 ,Transwolff,66748 ,GJN1B75 ,Midiônibus ,2022,P8,0.001112,2.6e-05
D5 ,Pêssego,47395 ,FVK6D95 ,Midiônibus ,2022,P8,0.001112,2.6e-05
D10 ,Transwolff,66747 ,FXT2E66 ,Midiônibus ,2022,P8,0.001112,2.6e-05
D10 ,Transwolff,66719 ,GHU3E16 ,Midiônibus ,2022,P8,0.001112,2.6e-05
D5 ,Pêssego,47780 ,GGQ6J08 ,Midiônibus ,2022,P8,0.001112,2.6e-05
D6 ,Allibus,45623 ,DXD3G91 ,Miniônibus ,2022,P8,0.001112,2.6e-05
D5 ,Pêssego,47813 ,FPX8D98 ,Midiônibus ,2022,P8,0.001112,2.6e-05
D13 ,Alfa Rodobus,86140 ,GAS4I24 ,Midiônibus ,2022,P8,0.001112,2.6e-05
D13 ,Alfa Rodobus,86144 ,GFR7D25 ,Midiônibus ,2022,P8,0.001112,2.6e-05
AR4 ,Express,48078 ,FWO8E25 ,Padron ,2022,P8,0.001112,2.6e-05
AR4 ,Express,48064 ,EJW7F61 ,Padron ,2022,P8,0.001112,2.6e-05
D5 ,Pêssego,47812 ,FYC9A12 ,Midiônibus ,2022,P8,0.001112,2.6e-05
D13 ,Alfa Rodobus,86143 ,GGR4J16 ,Midiônibus ,2022,P8,0.001112,2.6e-05
D5 ,Pêssego,47808 ,GIR5I38 ,Midiônibus ,2022,P8,0.001112,2.6e-05
D6 ,Allibus,45350 ,EKK5H81 ,Midiônibus ,2022,P8,0.001112,2.6e-05
D6 ,Allibus,45708 ,FRO5D52 ,Midiônibus ,2022,P8,0.001112,2.6e-05
D13 ,Alfa Rodobus,86145 ,GEW3F52 ,Midiônibus ,2022,P8,0.001112,2.6e-05
D6 ,Allibus,45352 ,GBI2H91 ,Miniônibus ,2022,P8,0.001112,2.6e-05
D5 ,Pêssego,47799 ,DVS9B84 ,Midiônibus ,2022,P8,0.001112,2.6e-05
D5 ,Pêssego,47791 ,FFV4D58 ,Midiônibus ,2022,P8,0.001112,2.6e-05
AR2 ,Sambaiba,22827 ,CFS8A27 ,Padron ,2022,P8,0.001112,2.6e-05
AR4 ,Express,48102 ,FXM1A43 ,Padron ,2022,P8,0.001112,2.6e-05
D9 ,A2,68022 ,GCC6F93 ,Básico ,2022,P8,0.001112,2.6e-05
D5 ,Pêssego,47789 ,GID4C68 ,Midiônibus ,2022,P8,0.001112,2.6e-05
D2 ,Norte Buss,26157 ,GJY2I47 ,Miniônibus ,2022,P8,0.001112,2.6e-05
D13 ,Alfa Rodobus,86170 ,GJQ1G57 ,Midiônibus ,2022,P8,0.001112,2.6e-05
D2 ,Norte Buss,26142 ,FQE1F87 ,Miniônibus ,2022,P8,0.001112,2.6e-05
D5 ,Pêssego,47804 ,CUG1G48 ,Midiônibus ,2022,P8,0.001112,2.6e-05
D13 ,Alfa Rodobus,86172 ,GFA5A14 ,Midiônibus ,2022,P8,0.001112,2.6e-05
D5 ,Pêssego,47827 ,EXE9I76 ,Midiônibus ,2022,P8,0.001112,2.6e-05
D2 ,Norte Buss,26080 ,FGA5J17 ,Midiônibus ,2022,P8,0.001112,2.6e-05
D9 ,A2,68120 ,FQH4E45 ,Midiônibus ,2022,P8,0.001112,2.6e-05
AR4 ,Express,48021 ,EVA0J72 ,Padron ,2022,P8,0.001112,2.6e-05
AR2 ,Sambaiba,22832 ,BPT8A32 ,Padron ,2022,P8,0.001112,2.6e-05
AR2 ,Sambaiba,22831 ,BPO8A31 ,Padron ,2022,P8,0.001112,2.6e-05
AR4 ,Express,48030 ,GGM2E23 ,Padron ,2022,P8,0.001112,2.6e-05
AR2 ,Sambaiba,22830 ,CUZ8A30 ,Padron ,2022,P8,0.001112,2.6e-05
AR2 ,Sambaiba,22829 ,CUZ8A29 ,Padron ,2022,P8,0.001112,2.6e-05
AR2 ,Sambaiba,22828 ,CUZ8A28 ,Padron ,2022,P8,0.001112,2.6e-05
D10 ,Transwolff,66966 ,GHD0A83 ,Miniônibus ,2022,P8,0.001112,2.6e-05
D6 ,Allibus,45309 ,GDS5D27 ,Miniônibus ,2022,P8,0.001112,2.6e-05
D10 ,Transwolff,66970 ,GKA4A78 ,Midiônibus ,2022,P8,0.001112,2.6e-05
D13 ,Alfa Rodobus,86148 ,DIE1J39 ,Midiônibus ,2022,P8,0.001112,2.6e-05
D13 ,Alfa Rodobus,86147 ,FPT7H95 ,Midiônibus ,2022,P8,0.001112,2.6e-05
AR4 ,Express,48031 ,FJH1F95 ,Padron ,2022,P8,0.001112,2.6e-05
D6 ,Allibus,45667 ,EDS3B22 ,Miniônibus ,2022,P8,0.001112,2.6e-05
AR4 ,Express,48087 ,GIJ5H71 ,Padron ,2022,P8,0.001112,2.6e-05
D6 ,Allibus,45671 ,GHW0F93 ,Midiônibus ,2022,P8,0.001112,2.6e-05
AR4 ,Express,48088 ,FUG9C86 ,Padron ,2022,P8,0.001112,2.6e-05
D6 ,Allibus,45311 ,DSV3F81 ,Miniônibus ,2022,P8,0.001112,2.6e-05
D13 ,Alfa Rodobus,86146 ,FQQ2I67 ,Midiônibus ,2022,P8,0.001112,2.6e-05
AR4 ,Express,48062 ,FRG3J65 ,Padron ,2022,P8,0.001112,2.6e-05
D10 ,Transwolff,66132 ,GIE7B65 ,Midiônibus ,2022,P8,0.001112,2.6e-05
D13 ,Alfa Rodobus,86171 ,GAQ7H98 ,Midiônibus ,2022,P8,0.001112,2.6e-05
AR4 ,Express,48146 ,FHO1C63 ,Padron ,2022,P8,0.001112,2.6e-05
AR2 ,Sambaiba,22825 ,CUF8A25 ,Padron ,2022,P8,0.001112,2.6e-05
D2 ,Norte Buss,26106 ,FMZ4G26 ,Miniônibus ,2022,P8,0.001112,2.6e-05
D2 ,Norte Buss,26178 ,DTW6D91 ,Midiônibus ,2022,P8,0.001112,2.6e-05
D6 ,Allibus,45765 ,ESV5H68 ,Miniônibus ,2022,P8,0.001112,2.6e-05
D6 ,Allibus,45700 ,CUM4B67 ,Miniônibus ,2022,P8,0.001112,2.6e-05
D6 ,Allibus,45327 ,GCR7H61 ,Midiônibus ,2022,P8,0.001112,2.6e-05
D6 ,Allibus,45297 ,EGS5C41 ,Miniônibus ,2022,P8,0.001112,2.6e-05
AR4 ,Express,48049 ,GJT4J37 ,Padron ,2022,P8,0.001112,2.6e-05
D6 ,Allibus,45296 ,CQU8H01 ,Miniônibus ,2022,P8,0.001112,2.6e-05
D13 ,Alfa Rodobus,86142 ,GJF1C78 ,Midiônibus ,2022,P8,0.001112,2.6e-05
D2 ,Norte Buss,26076 ,GHO7I96 ,Midiônibus ,2022,P8,0.001112,2.6e-05
D13 ,Alfa Rodobus,86141 ,GJU5J97 ,Midiônibus ,2022,P8,0.001112,2.6e-05
D10 ,Transwolff,66100 ,GBQ6B67 ,Midiônibus ,2022,P8,0.001112,2.6e-05
AR2 ,Sambaiba,22824 ,CUG8A24 ,Padron ,2022,P8,0.001112,2.6e-05
AR2 ,Sambaiba,22823 ,CUI8A23 ,Padron ,2022,P8,0.001112,2.6e-05
AR2 ,Sambaiba,22822 ,CCU8A22 ,Padron ,2022,P8,0.001112,2.6e-05
D10 ,Transwolff,66090 ,FMH6F67 ,Midiônibus ,2022,P8,0.001112,2.6e-05
D10 ,Transwolff,66228 ,GFA8B56 ,Midiônibus ,2022,P8,0.001112,2.6e-05
D6 ,Allibus,45656 ,ENZ3H22 ,Midiônibus ,2022,P8,0.001112,2.6e-05
D10 ,Transwolff,66187 ,GHV2E51 ,Midiônibus ,2022,P8,0.001112,2.6e-05
AR2 ,Sambaiba,22826 ,CUN8A26 ,Padron ,2022,P8,0.001112,2.6e-05
D13 ,Alfa Rodobus,86149 ,GEW5H18 ,Midiônibus ,2022,P8,0.001112,2.6e-05
D6 ,Allibus,45766 ,EZY7D12 ,Miniônibus ,2022,P8,0.001112,2.6e-05
AR4 ,Express,48077 ,ENU4I26 ,Padron ,2022,P8,0.001112,2.6e-05
AR4 ,Express,48042 ,GEK6J58 ,Padron ,2022,P8,0.001112,2.6e-05
D10 ,Transwolff,66165 ,FWQ8D83 ,Midiônibus ,2022,P8,0.001112,2.6e-05
D13 ,Alfa Rodobus,86139 ,FZP2E55 ,Midiônibus ,2022,P8,0.001112,2.6e-05
AR4 ,Express,48069 ,EPG5J14 ,Padron ,2022,P8,0.001112,2.6e-05
AR4 ,Express,48104 ,ECM7A36 ,Padron ,2022,P8,0.001112,2.6e-05
AR4 ,Express,48105 ,FWL9B27 ,Padron ,2022,P8,0.001112,2.6e-05
D6 ,Allibus,45655 ,FGA0G62 ,Miniônibus ,2022,P8,0.001112,2.6e-05
D6 ,Allibus,45303 ,FOC6E32 ,Midiônibus ,2022,P8,0.001112,2.6e-05
D6 ,Allibus,45302 ,FKN4F51 ,Midiônibus ,2022,P8,0.001112,2.6e-05
D2 ,Norte Buss,26109 ,BXD4E68 ,Miniônibus ,2022,P8,0.001112,2.6e-05
D3 ,Transunião ,36072 ,GEA7F54 ,Midiônibus ,2023,P8,0.001112,2.6e-05
D4 ,Alfa Rodobus SPE,35990 ,FCS3E76 ,Midiônibus ,2023,P8,0.001112,2.6e-05
D4 ,Alfa Rodobus SPE,35993 ,FFC6J53 ,Midiônibus ,2023,P8,0.001112,2.6e-05
AR1 ,Brigida,10219 ,GBQ5I71 ,Padron ,2023,P8,0.001112,2.6e-05
D3 ,Transunião ,36026 ,FZX1I95 ,Midiônibus ,2023,P8,0.001112,2.6e-05
D3 ,Transunião ,36052 ,FRL7C32 ,Midiônibus ,2023,P8,0.001112,2.6e-05
D3 ,Transunião ,36058 ,ECU4E87 ,Midiônibus ,2023,P8,0.001112,2.6e-05
AR3 ,Metropole,32638 ,GDY7J36 ,Padron ,2023,P8,0.001112,2.6e-05
D3 ,Transunião ,36022 ,FUT8I24 ,Midiônibus ,2023,P8,0.001112,2.6e-05
D4 ,Alfa Rodobus SPE,35991 ,ENI0F86 ,Midiônibus ,2023,P8,0.001112,2.6e-05
D8 ,Movebuss,55419 ,GFQ5B02 ,Midiônibus ,2023,P8,0.001112,2.6e-05
D3 ,Transunião ,36091 ,FCV7F24 ,Midiônibus ,2023,P8,0.001112,2.6e-05
AR1 ,Brigida,10221 ,FFE5F91 ,Padron ,2023,P8,0.001112,2.6e-05
D8 ,Movebuss,55416 ,BPO2F84 ,Midiônibus ,2023,P8,0.001112,2.6e-05
D4 ,Alfa Rodobus SPE,35992 ,FYY5H52 ,Midiônibus ,2023,P8,0.001112,2.6e-05
D3 ,Transunião ,36082 ,EZZ8J84 ,Midiônibus ,2023,P8,0.001112,2.6e-05
D4 ,Alfa Rodobus SPE,35994 ,FCA2D37 ,Midiônibus ,2023,P8,0.001112,2.6e-05
D3 ,Transunião ,36068 ,EWC4H76 ,Midiônibus ,2023,P8,0.001112,2.6e-05
AR1 ,Brigida,10220 ,GFM5B64 ,Padron ,2023,P8,0.001112,2.6e-05
D3 ,Transunião ,36028 ,FTW2I94 ,Midiônibus ,2023,P8,0.001112,2.6e-05
D8 ,Movebuss,55314 ,GJE9F32 ,Midiônibus ,2023,P8,0.001112,2.6e-05
AR1 ,Brigida,10223 ,FPL8G64 ,Padron ,2023,P8,0.001112,2.6e-05
E4 ,Via Sudeste,52920 ,FCG1D94 ,Articulado ,2023,P8,0.001112,2.6e-05
AR1 ,Brigida,10224 ,EZD3H31 ,Padron ,2023,P8,0.001112,2.6e-05
AR1 ,Brigida,10225 ,EMR2I51 ,Padron ,2023,P8,0.001112,2.6e-05
AR3 ,Metropole,32639 ,GFL6E12 ,Padron ,2023,P8,0.001112,2.6e-05
D1 ,Norte Buss,16413 ,FPW2G33 ,Miniônibus ,2023,P8,0.001112,2.6e-05
AR3 ,Metropole,32640 ,GEN8B76 ,Padron ,2023,P8,0.001112,2.6e-05
AR1 ,Brigida,10226 ,GBG0J73 ,Padron ,2023,P8,0.001112,2.6e-05
AR1 ,Brigida,10227 ,GCB5D24 ,Padron ,2023,P8,0.001112,2.6e-05
AR3 ,Metropole,32641 ,GBT1A76 ,Padron ,2023,P8,0.001112,2.6e-05
AR3 ,Metropole,32642 ,GHU3C36 ,Padron ,2023,P8,0.001112,2.6e-05
AR3 ,Metropole,32643 ,GBW7E86 ,Padron ,2023,P8,0.001112,2.6e-05
D8 ,Movebuss,55407 ,FOL7F23 ,Midiônibus ,2023,P8,0.001112,2.6e-05
AR3 ,Metropole,32644 ,GKI2D53 ,Padron ,2023,P8,0.001112,2.6e-05
AR3 ,Metropole,32645 ,GGB9F12 ,Padron ,2023,P8,0.001112,2.6e-05
E4 ,Via Sudeste,52921 ,GGB3E11 ,Articulado ,2023,P8,0.001112,2.6e-05
E4 ,Via Sudeste,52919 ,FXO3E53 ,Articulado ,2023,P8,0.001112,2.6e-05
AR1 ,Brigida,10222 ,GCT0G13 ,Padron ,2023,P8,0.001112,2.6e-05
E4 ,Via Sudeste,52918 ,FWS6E51 ,Articulado ,2023,P8,0.001112,2.6e-05
E4 ,Via Sudeste,52916 ,GAI4C72 ,Articulado ,2023,P8,0.001112,2.6e-05
E4 ,Via Sudeste,52901 ,FVF1F33 ,Articulado ,2023,P8,0.001112,2.6e-05
E4 ,Via Sudeste,52902 ,BLD5F42 ,Articulado ,2023,P8,0.001112,2.6e-05
E4 ,Via Sudeste,52903 ,BYQ1F84 ,Articulado ,2023,P8,0.001112,2.6e-05
E4 ,Via Sudeste,52904 ,FOK7F16 ,Articulado ,2023,P8,0.001112,2.6e-05
E4 ,Via Sudeste,52905 ,GEY4D07 ,Articulado ,2023,P8,0.001112,2.6e-05
E4 ,Via Sudeste,52906 ,CUN7I08 ,Articulado ,2023,P8,0.001112,2.6e-05
E4 ,Via Sudeste,52907 ,GDQ9J72 ,Articulado ,2023,P8,0.001112,2.6e-05
E4 ,Via Sudeste,52908 ,CUR2B10 ,Articulado ,2023,P8,0.001112,2.6e-05
E4 ,Via Sudeste,52909 ,FHF2I42 ,Articulado ,2023,P8,0.001112,2.6e-05
E4 ,Via Sudeste,52910 ,FEF5B13 ,Articulado ,2023,P8,0.001112,2.6e-05
E4 ,Via Sudeste,52911 ,DKU2A74 ,Articulado ,2023,P8,0.001112,2.6e-05
E4 ,Via Sudeste,52912 ,EJQ0H15 ,Articulado ,2023,P8,0.001112,2.6e-05
E4 ,Via Sudeste,52913 ,BQU4C06 ,Articulado ,2023,P8,0.001112,2.6e-05
E4 ,Via Sudeste,52914 ,EWJ1E82 ,Articulado ,2023,P8,0.001112,2.6e-05
E4 ,Via Sudeste,52915 ,FQX9D03 ,Articulado ,2023,P8,0.001112,2.6e-05
E4 ,Via Sudeste,52917 ,FXY6F52 ,Articulado ,2023,P8,0.001112,2.6e-05
D3 ,Transunião ,36093 ,CQU4B34 ,Midiônibus ,2023,P8,0.001112,2.6e-05
AR1 ,Brigida,10208 ,FQC6E72 ,Padron ,2023,P8,0.001112,2.6e-05
AR3 ,Metropole,32637 ,GFQ1I23 ,Padron ,2023,P8,0.001112,2.6e-05
D3 ,Transunião ,36595 ,GDY6B85 ,Midiônibus ,2023,P8,0.001112,2.6e-05
D3 ,Transunião ,36580 ,FRJ8B94 ,Midiônibus ,2023,P8,0.001112,2.6e-05
D3 ,Transunião ,36575 ,FZW3J51 ,Midiônibus ,2023,P8,0.001112,2.6e-05
D3 ,Transunião ,36560 ,GBA1E24 ,Midiônibus ,2023,P8,0.001112,2.6e-05
D3 ,Transunião ,36559 ,GBD3G04 ,Midiônibus ,2023,P8,0.001112,2.6e-05
D3 ,Transunião ,36554 ,EPT6A04 ,Midiônibus ,2023,P8,0.001112,2.6e-05
D3 ,Transunião ,36548 ,GFT1E24 ,Midiônibus ,2023,P8,0.001112,2.6e-05
D3 ,Transunião ,36529 ,BRQ1G54 ,Midiônibus ,2023,P8,0.001112,2.6e-05
D3 ,Transunião ,36523 ,FOR5G94 ,Midiônibus ,2023,P8,0.001112,2.6e-05
D3 ,Transunião ,36330 ,FJU9I84 ,Midiônibus ,2023,P8,0.001112,2.6e-05
D3 ,Transunião ,36325 ,FVN6D34 ,Midiônibus ,2023,P8,0.001112,2.6e-05
D3 ,Transunião ,36293 ,FSV7I92 ,Midiônibus ,2023,P8,0.001112,2.6e-05
D3 ,Transunião ,36281 ,FNW9D14 ,Midiônibus ,2023,P8,0.001112,2.6e-05
D3 ,Transunião ,36218 ,EVA7A15 ,Midiônibus ,2023,P8,0.001112,2.6e-05
D3 ,Transunião ,36200 ,GEX3G84 ,Midiônibus ,2023,P8,0.001112,2.6e-05
D3 ,Transunião ,36612 ,FPN9I74 ,Midiônibus ,2023,P8,0.001112,2.6e-05
D3 ,Transunião ,36620 ,FVN4G66 ,Midiônibus ,2023,P8,0.001112,2.6e-05
D3 ,Transunião ,36628 ,FPR3G14 ,Midiônibus ,2023,P8,0.001112,2.6e-05
D3 ,Transunião ,36636 ,FUQ4A26 ,Midiônibus ,2023,P8,0.001112,2.6e-05
D5 ,Pêssego,47195 ,EUS3J41 ,Midiônibus ,2023,P8,0.001112,2.6e-05
D6 ,Allibus,45013 ,GDK7H32 ,Midiônibus ,2023,P8,0.001112,2.6e-05
D5 ,Pêssego,47185 ,FNO6F83 ,Midiônibus ,2023,P8,0.001112,2.6e-05
D6 ,Allibus,45007 ,GKC1F43 ,Midiônibus ,2023,P8,0.001112,2.6e-05
D6 ,Allibus,45006 ,BZF7D21 ,Miniônibus ,2023,P8,0.001112,2.6e-05
D6 ,Allibus,45005 ,GHQ3D92 ,Midiônibus ,2023,P8,0.001112,2.6e-05
D6 ,Allibus,45003 ,FYD8F05 ,Midiônibus ,2023,P8,0.001112,2.6e-05
D3 ,Transunião ,36177 ,GBO3G92 ,Midiônibus ,2023,P8,0.001112,2.6e-05
D3 ,Transunião ,36687 ,EGX2F46 ,Midiônibus ,2023,P8,0.001112,2.6e-05
D6 ,Allibus,45553 ,GCK5J24 ,Midiônibus ,2023,P8,0.001112,2.6e-05
D3 ,Transunião ,36670 ,GHG9A72 ,Midiônibus ,2023,P8,0.001112,2.6e-05
AR1 ,Brigida,10201 ,GGH6B91 ,Padron ,2023,P8,0.001112,2.6e-05
AR3 ,Metropole,32631 ,GJH2I93 ,Padron ,2023,P8,0.001112,2.6e-05
AR1 ,Brigida,10202 ,GAD9A72 ,Padron ,2023,P8,0.001112,2.6e-05
D3 ,Transunião ,36668 ,FBF2D85 ,Midiônibus ,2023,P8,0.001112,2.6e-05
D6 ,Allibus,45554 ,GCY1G03 ,Miniônibus ,2023,P8,0.001112,2.6e-05
D3 ,Transunião ,36677 ,FQM0I34 ,Midiônibus ,2023,P8,0.001112,2.6e-05
AR1 ,Brigida,10218 ,FPG3D83 ,Padron ,2023,P8,0.001112,2.6e-05
D3 ,Transunião ,36165 ,GDJ4E24 ,Midiônibus ,2023,P8,0.001112,2.6e-05
AR3 ,Metropole,32632 ,GJW2H45 ,Padron ,2023,P8,0.001112,2.6e-05
AR3 ,Metropole,32635 ,GFQ6B36 ,Padron ,2023,P8,0.001112,2.6e-05
D5 ,Pêssego,47127 ,GBB4D76 ,Midiônibus ,2023,P8,0.001112,2.6e-05
AR1 ,Brigida,10212 ,FLJ4A02 ,Padron ,2023,P8,0.001112,2.6e-05
AR1 ,Brigida,10213 ,FWM5A31 ,Padron ,2023,P8,0.001112,2.6e-05
D6 ,Allibus,45593 ,GDI7E52 ,Midiônibus ,2023,P8,0.001112,2.6e-05
AR1 ,Brigida,10214 ,FVT5D74 ,Padron ,2023,P8,0.001112,2.6e-05
AR1 ,Brigida,10215 ,GJX2A42 ,Padron ,2023,P8,0.001112,2.6e-05
D3 ,Transunião ,36153 ,ENZ8F46 ,Midiônibus ,2023,P8,0.001112,2.6e-05
AR3 ,Metropole,32636 ,GDP3B26 ,Padron ,2023,P8,0.001112,2.6e-05
AR1 ,Brigida,10216 ,GHS9F83 ,Padron ,2023,P8,0.001112,2.6e-05
AR1 ,Brigida,10217 ,ELO2I42 ,Padron ,2023,P8,0.001112,2.6e-05
D3 ,Transunião ,36130 ,GIG5B44 ,Midiônibus ,2023,P8,0.001112,2.6e-05
D3 ,Transunião ,36115 ,FVD5G31 ,Midiônibus ,2023,P8,0.001112,2.6e-05
D3 ,Transunião ,36103 ,EVW9C74 ,Midiônibus ,2023,P8,0.001112,2.6e-05
D3 ,Transunião ,36100 ,FVF1H33 ,Midiônibus ,2023,P8,0.001112,2.6e-05
AR1 ,Brigida,10211 ,GBN1H82 ,Padron ,2023,P8,0.001112,2.6e-05
AR1 ,Brigida,10210 ,GGJ3C42 ,Padron ,2023,P8,0.001112,2.6e-05
D6 ,Allibus,45588 ,GDK3A24 ,Miniônibus ,2023,P8,0.001112,2.6e-05
D6 ,Allibus,45587 ,GAW7F64 ,Midiônibus ,2023,P8,0.001112,2.6e-05
D5 ,Pêssego,47173 ,FVC8F62 ,Midiônibus ,2023,P8,0.001112,2.6e-05
AR3 ,Metropole,32633 ,GJA5G36 ,Padron ,2023,P8,0.001112,2.6e-05
D5 ,Pêssego,47165 ,FIE4F13 ,Midiônibus ,2023,P8,0.001112,2.6e-05
D6 ,Allibus,45564 ,GFE6J66 ,Midiônibus ,2023,P8,0.001112,2.6e-05
AR1 ,Brigida,10203 ,GFM5J62 ,Padron ,2023,P8,0.001112,2.6e-05
D6 ,Allibus,45570 ,GAI1H78 ,Midiônibus ,2023,P8,0.001112,2.6e-05
AR1 ,Brigida,10204 ,FZB3F42 ,Padron ,2023,P8,0.001112,2.6e-05
D3 ,Transunião ,36155 ,GJW7D84 ,Midiônibus ,2023,P8,0.001112,2.6e-05
D6 ,Allibus,45575 ,GGY9B24 ,Midiônibus ,2023,P8,0.001112,2.6e-05
AR1 ,Brigida,10205 ,FWZ6D62 ,Padron ,2023,P8,0.001112,2.6e-05
D6 ,Allibus,45578 ,GEK3H81 ,Miniônibus ,2023,P8,0.001112,2.6e-05
AR1 ,Brigida,10206 ,FYV6B82 ,Padron ,2023,P8,0.001112,2.6e-05
D6 ,Allibus,45579 ,GJO8A85 ,Miniônibus ,2023,P8,0.001112,2.6e-05
AR1 ,Brigida,10207 ,GCN9G52 ,Padron ,2023,P8,0.001112,2.6e-05
AR1 ,Brigida,10209 ,FQW4H72 ,Padron ,2023,P8,0.001112,2.6e-05
D5 ,Pêssego,47133 ,GII1D82 ,Midiônibus ,2023,P8,0.001112,2.6e-05
AR3 ,Metropole,32634 ,GJW6G72 ,Padron ,2023,P8,0.001112,2.6e-05
AR1 ,Brigida,10228 ,GAW0J14 ,Padron ,2023,P8,0.001112,2.6e-05
E4 ,Via Sudeste,52934 ,DCU2A36 ,Articulado ,2023,P8,0.001112,2.6e-05
E4 ,Via Sudeste,52922 ,FPA8E92 ,Articulado ,2023,P8,0.001112,2.6e-05
AR8 ,G Preto,82750 ,GAC9C06 ,Padron ,2023,P8,0.001112,2.6e-05
D8 ,Movebuss,55177 ,FTC5J83 ,Midiônibus ,2023,P8,0.001112,2.6e-05
AR8 ,G Preto,82751 ,FRJ7H23 ,Padron ,2023,P8,0.001112,2.6e-05
AR8 ,G Preto,82752 ,FWX2E21 ,Padron ,2023,P8,0.001112,2.6e-05
D8 ,Movebuss,55352 ,GAX1I51 ,Midiônibus ,2023,P8,0.001112,2.6e-05
AR8 ,G Preto,82753 ,GBX4F05 ,Padron ,2023,P8,0.001112,2.6e-05
AR8 ,G Preto,82754 ,GBO1D91 ,Padron ,2023,P8,0.001112,2.6e-05
AR8 ,G Preto,82755 ,GGA7F73 ,Padron ,2023,P8,0.001112,2.6e-05
D8 ,Movebuss,55173 ,FTD8F77 ,Midiônibus ,2023,P8,0.001112,2.6e-05
AR8 ,G Preto,82756 ,FUA5F02 ,Padron ,2023,P8,0.001112,2.6e-05
AR8 ,G Preto,82757 ,DZS6G62 ,Padron ,2023,P8,0.001112,2.6e-05
D8 ,Movebuss,55194 ,BKM5B92 ,Midiônibus ,2023,P8,0.001112,2.6e-05
D8 ,Movebuss,55196 ,GJU8A15 ,Midiônibus ,2023,P8,0.001112,2.6e-05
AR8 ,G Preto,82758 ,GIN2I13 ,Padron ,2023,P8,0.001112,2.6e-05
AR8 ,G Preto,82759 ,BZF0F96 ,Padron ,2023,P8,0.001112,2.6e-05
AR8 ,G Preto,82760 ,GDV7D85 ,Padron ,2023,P8,0.001112,2.6e-05
AR8 ,G Preto,82761 ,DEI4A64 ,Padron ,2023,P8,0.001112,2.6e-05
AR8 ,G Preto,82762 ,EMV3G65 ,Padron ,2023,P8,0.001112,2.6e-05
D8 ,Movebuss,55191 ,DOM5F72 ,Midiônibus ,2023,P8,0.001112,2.6e-05
AR8 ,G Preto,82763 ,CUK3J24 ,Padron ,2023,P8,0.001112,2.6e-05
AR8 ,G Preto,82749 ,GIC6H05 ,Padron ,2023,P8,0.001112,2.6e-05
AR8 ,G Preto,82748 ,GCV7D54 ,Padron ,2023,P8,0.001112,2.6e-05
D8 ,Movebuss,55121 ,FRO3B51 ,Midiônibus ,2023,P8,0.001112,2.6e-05
D6 ,Allibus,45633 ,FZC3E75 ,Midiônibus ,2023,P8,0.001112,2.6e-05
D6 ,Allibus,45634 ,GEK2H53 ,Midiônibus ,2023,P8,0.001112,2.6e-05
D8 ,Movebuss,55127 ,FYT3J46 ,Midiônibus ,2023,P8,0.001112,2.6e-05
D8 ,Movebuss,55371 ,GEH3H74 ,Midiônibus ,2023,P8,0.001112,2.6e-05
D8 ,Movebuss,55370 ,GII9H45 ,Midiônibus ,2023,P8,0.001112,2.6e-05
D8 ,Movebuss,55133 ,FUN3D71 ,Midiônibus ,2023,P8,0.001112,2.6e-05
D8 ,Movebuss,55134 ,GIF6G11 ,Midiônibus ,2023,P8,0.001112,2.6e-05
D8 ,Movebuss,55171 ,GBO1F66 ,Midiônibus ,2023,P8,0.001112,2.6e-05
D8 ,Movebuss,55137 ,GIG0E65 ,Midiônibus ,2023,P8,0.001112,2.6e-05
D6 ,Allibus,45638 ,GFS2G35 ,Midiônibus ,2023,P8,0.001112,2.6e-05
D8 ,Movebuss,55368 ,GAJ6D65 ,Midiônibus ,2023,P8,0.001112,2.6e-05
D8 ,Movebuss,55367 ,FEE1B92 ,Midiônibus ,2023,P8,0.001112,2.6e-05
D5 ,Pêssego,47034 ,DHU8A12 ,Midiônibus ,2023,P8,0.001112,2.6e-05
D8 ,Movebuss,55158 ,FXI5F73 ,Midiônibus ,2023,P8,0.001112,2.6e-05
AR8 ,G Preto,82747 ,GBX5I82 ,Padron ,2023,P8,0.001112,2.6e-05
D8 ,Movebuss,55162 ,BXD2D42 ,Midiônibus ,2023,P8,0.001112,2.6e-05
D8 ,Movebuss,55164 ,EDS5J04 ,Midiônibus ,2023,P8,0.001112,2.6e-05
D8 ,Movebuss,55142 ,GAR4I53 ,Midiônibus ,2023,P8,0.001112,2.6e-05
AR8 ,G Preto,82764 ,GCD9F05 ,Padron ,2023,P8,0.001112,2.6e-05
D8 ,Movebuss,55198 ,CUG7A45 ,Midiônibus ,2023,P8,0.001112,2.6e-05
AR8 ,G Preto,82765 ,GCR8H42 ,Padron ,2023,P8,0.001112,2.6e-05
D8 ,Movebuss,55264 ,GIY6C01 ,Midiônibus ,2023,P8,0.001112,2.6e-05
AR8 ,G Preto,82779 ,GJV3A94 ,Padron ,2023,P8,0.001112,2.6e-05
D8 ,Movebuss,55270 ,FYN3C95 ,Midiônibus ,2023,P8,0.001112,2.6e-05
D8 ,Movebuss,55272 ,FLN3B22 ,Midiônibus ,2023,P8,0.001112,2.6e-05
D8 ,Movebuss,55340 ,FLO3G52 ,Midiônibus ,2023,P8,0.001112,2.6e-05
AR8 ,G Preto,82780 ,GCV9G01 ,Padron ,2023,P8,0.001112,2.6e-05
D6 ,Allibus,45639 ,GDY2A52 ,Miniônibus ,2023,P8,0.001112,2.6e-05
D8 ,Movebuss,55337 ,EOA9F33 ,Midiônibus ,2023,P8,0.001112,2.6e-05
AR8 ,G Preto,82778 ,GFP8J35 ,Padron ,2023,P8,0.001112,2.6e-05
D6 ,Allibus,45641 ,GEI7J14 ,Miniônibus ,2023,P8,0.001112,2.6e-05
D8 ,Movebuss,55302 ,FRV4I73 ,Midiônibus ,2023,P8,0.001112,2.6e-05
D5 ,Pêssego,47017 ,FQJ9F43 ,Midiônibus ,2023,P8,0.001112,2.6e-05
D6 ,Allibus,45648 ,GGJ4I92 ,Midiônibus ,2023,P8,0.001112,2.6e-05
D6 ,Allibus,45659 ,FGA3A43 ,Miniônibus ,2023,P8,0.001112,2.6e-05
D6 ,Allibus,45658 ,FVV8A35 ,Midiônibus ,2023,P8,0.001112,2.6e-05
D5 ,Pêssego,47012 ,GJZ9F81 ,Midiônibus ,2023,P8,0.001112,2.6e-05
D5 ,Pêssego,47007 ,EVS2H43 ,Midiônibus ,2023,P8,0.001112,2.6e-05
D6 ,Allibus,45652 ,GIB7I93 ,Miniônibus ,2023,P8,0.001112,2.6e-05
D5 ,Pêssego,47004 ,FGO7I15 ,Midiônibus ,2023,P8,0.001112,2.6e-05
AR8 ,G Preto,82777 ,FGD6G63 ,Padron ,2023,P8,0.001112,2.6e-05
AR8 ,G Preto,82776 ,GEW2A56 ,Padron ,2023,P8,0.001112,2.6e-05
D8 ,Movebuss,55255 ,GKC6E37 ,Midiônibus ,2023,P8,0.001112,2.6e-05
D8 ,Movebuss,55208 ,FRO4D03 ,Midiônibus ,2023,P8,0.001112,2.6e-05
D8 ,Movebuss,55209 ,GIX5C92 ,Midiônibus ,2023,P8,0.001112,2.6e-05
D8 ,Movebuss,55215 ,DMM4H24 ,Midiônibus ,2023,P8,0.001112,2.6e-05
AR8 ,G Preto,82766 ,GHN8D01 ,Padron ,2023,P8,0.001112,2.6e-05
AR8 ,G Preto,82767 ,GEQ6D52 ,Padron ,2023,P8,0.001112,2.6e-05
AR8 ,G Preto,82768 ,GEC2A46 ,Padron ,2023,P8,0.001112,2.6e-05
AR8 ,G Preto,82769 ,GFH8E36 ,Padron ,2023,P8,0.001112,2.6e-05
D8 ,Movebuss,55227 ,EPA0B96 ,Midiônibus ,2023,P8,0.001112,2.6e-05
D8 ,Movebuss,55231 ,GJO2I65 ,Midiônibus ,2023,P8,0.001112,2.6e-05
AR8 ,G Preto,82770 ,GEN5D24 ,Padron ,2023,P8,0.001112,2.6e-05
D8 ,Movebuss,55237 ,FMY9F63 ,Midiônibus ,2023,P8,0.001112,2.6e-05
D8 ,Movebuss,55238 ,GIM0F37 ,Midiônibus ,2023,P8,0.001112,2.6e-05
AR8 ,G Preto,82771 ,GJW4D01 ,Padron ,2023,P8,0.001112,2.6e-05
D8 ,Movebuss,55240 ,GEU7J85 ,Midiônibus ,2023,P8,0.001112,2.6e-05
AR8 ,G Preto,82772 ,GBR6D02 ,Padron ,2023,P8,0.001112,2.6e-05
D8 ,Movebuss,55245 ,FYQ5B46 ,Midiônibus ,2023,P8,0.001112,2.6e-05
AR8 ,G Preto,82773 ,GJQ0B03 ,Padron ,2023,P8,0.001112,2.6e-05
AR8 ,G Preto,82774 ,GJU2G03 ,Padron ,2023,P8,0.001112,2.6e-05
AR8 ,G Preto,82775 ,GDP7B84 ,Padron ,2023,P8,0.001112,2.6e-05
D6 ,Allibus,45631 ,GCD2H86 ,Midiônibus ,2023,P8,0.001112,2.6e-05
AR1 ,Brigida,10229 ,FCY5G52 ,Padron ,2023,P8,0.001112,2.6e-05
D8 ,Movebuss,55383 ,EDI5I03 ,Midiônibus ,2023,P8,0.001112,2.6e-05
D6 ,Allibus,45673 ,FQH9E54 ,Miniônibus ,2023,P8,0.001112,2.6e-05
E4 ,Via Sudeste,52943 ,GDQ3E81 ,Articulado ,2023,P8,0.001112,2.6e-05
E4 ,Via Sudeste,52944 ,GAV4E92 ,Articulado ,2023,P8,0.001112,2.6e-05
E4 ,Via Sudeste,52945 ,GIR1B46 ,Articulado ,2023,P8,0.001112,2.6e-05
AR3 ,Metropole,32649 ,GIJ2H15 ,Padron ,2023,P8,0.001112,2.6e-05
E4 ,Via Sudeste,52946 ,GCD9H12 ,Articulado ,2023,P8,0.001112,2.6e-05
D8 ,Movebuss,55396 ,ESS4F93 ,Midiônibus ,2023,P8,0.001112,2.6e-05
E4 ,Via Sudeste,52947 ,GBH0I84 ,Articulado ,2023,P8,0.001112,2.6e-05
D5 ,Pêssego,47109 ,BRY4C36 ,Midiônibus ,2023,P8,0.001112,2.6e-05
E4 ,Via Sudeste,52942 ,GCE6I05 ,Articulado ,2023,P8,0.001112,2.6e-05
D5 ,Pêssego,47107 ,FGX2A34 ,Midiônibus ,2023,P8,0.001112,2.6e-05
D5 ,Pêssego,47104 ,FYI2H95 ,Midiônibus ,2023,P8,0.001112,2.6e-05
D5 ,Pêssego,47103 ,FFJ5I04 ,Midiônibus ,2023,P8,0.001112,2.6e-05
D8 ,Movebuss,55010 ,FWF4A85 ,Midiônibus ,2023,P8,0.001112,2.6e-05
D8 ,Movebuss,55012 ,GGJ4A75 ,Midiônibus ,2023,P8,0.001112,2.6e-05
D8 ,Movebuss,55016 ,FJU3F05 ,Midiônibus ,2023,P8,0.001112,2.6e-05
D8 ,Movebuss,55017 ,FXB4B03 ,Midiônibus ,2023,P8,0.001112,2.6e-05
D8 ,Movebuss,55018 ,FYE1A83 ,Midiônibus ,2023,P8,0.001112,2.6e-05
D6 ,Allibus,45602 ,GDN3I84 ,Miniônibus ,2023,P8,0.001112,2.6e-05
D5 ,Pêssego,47106 ,GJY6A92 ,Midiônibus ,2023,P8,0.001112,2.6e-05
AR1 ,Brigida,10230 ,FMI2J42 ,Padron ,2023,P8,0.001112,2.6e-05
E4 ,Via Sudeste,52941 ,GIE5A34 ,Articulado ,2023,P8,0.001112,2.6e-05
E4 ,Via Sudeste,52939 ,GJN4D06 ,Articulado ,2023,P8,0.001112,2.6e-05
AR3 ,Metropole,32646 ,GJA9B43 ,Padron ,2023,P8,0.001112,2.6e-05
E4 ,Via Sudeste,52923 ,FYU8D65 ,Articulado ,2023,P8,0.001112,2.6e-05
AR3 ,Metropole,32647 ,GFI7D24 ,Padron ,2023,P8,0.001112,2.6e-05
E4 ,Via Sudeste,52924 ,FZZ5C24 ,Articulado ,2023,P8,0.001112,2.6e-05
E4 ,Via Sudeste,52925 ,EOW0I43 ,Articulado ,2023,P8,0.001112,2.6e-05
E4 ,Via Sudeste,52926 ,FTD1E66 ,Articulado ,2023,P8,0.001112,2.6e-05
AR3 ,Metropole,32648 ,GGJ1I86 ,Padron ,2023,P8,0.001112,2.6e-05
E4 ,Via Sudeste,52927 ,CUI1J87 ,Articulado ,2023,P8,0.001112,2.6e-05
E4 ,Via Sudeste,52940 ,DTE6B23 ,Articulado ,2023,P8,0.001112,2.6e-05
E4 ,Via Sudeste,52928 ,DYV3G71 ,Articulado ,2023,P8,0.001112,2.6e-05
E4 ,Via Sudeste,52930 ,EXB8I93 ,Articulado ,2023,P8,0.001112,2.6e-05
E4 ,Via Sudeste,52931 ,GGC3C63 ,Articulado ,2023,P8,0.001112,2.6e-05
E4 ,Via Sudeste,52932 ,BXD1J34 ,Articulado ,2023,P8,0.001112,2.6e-05
E4 ,Via Sudeste,52933 ,ESQ1G15 ,Articulado ,2023,P8,0.001112,2.6e-05
E4 ,Via Sudeste,52935 ,DEI1B57 ,Articulado ,2023,P8,0.001112,2.6e-05
E4 ,Via Sudeste,52936 ,CUH1D43 ,Articulado ,2023,P8,0.001112,2.6e-05
E4 ,Via Sudeste,52937 ,DYS7G81 ,Articulado ,2023,P8,0.001112,2.6e-05
E4 ,Via Sudeste,52938 ,EBB0J32 ,Articulado ,2023,P8,0.001112,2.6e-05
E4 ,Via Sudeste,52929 ,FFK5G32 ,Articulado ,2023,P8,0.001112,2.6e-05
D6 ,Allibus,45711 ,GDA3I01 ,Miniônibus ,2023,P8,0.001112,2.6e-05
D8 ,Movebuss,55022 ,ELO7I62 ,Midiônibus ,2023,P8,0.001112,2.6e-05
D6 ,Allibus,45710 ,GFT8G91 ,Midiônibus ,2023,P8,0.001112,2.6e-05
D6 ,Allibus,45678 ,GEX5C31 ,Miniônibus ,2023,P8,0.001112,2.6e-05
D6 ,Allibus,45607 ,GEZ2H13 ,Midiônibus ,2023,P8,0.001112,2.6e-05
D8 ,Movebuss,55067 ,FYT5C47 ,Midiônibus ,2023,P8,0.001112,2.6e-05
D6 ,Allibus,45676 ,FXE2E05 ,Midiônibus ,2023,P8,0.001112,2.6e-05
D6 ,Allibus,45675 ,FPI8A55 ,Miniônibus ,2023,P8,0.001112,2.6e-05
D6 ,Allibus,45612 ,GAN8A46 ,Midiônibus ,2023,P8,0.001112,2.6e-05
D5 ,Pêssego,47065 ,FUY2B36 ,Midiônibus ,2023,P8,0.001112,2.6e-05
D8 ,Movebuss,55080 ,FXA3C54 ,Midiônibus ,2023,P8,0.001112,2.6e-05
D6 ,Allibus,45679 ,GIJ9G63 ,Midiônibus ,2023,P8,0.001112,2.6e-05
D8 ,Movebuss,55081 ,FZF0B24 ,Midiônibus ,2023,P8,0.001112,2.6e-05
D6 ,Allibus,45618 ,GGV1F92 ,Midiônibus ,2023,P8,0.001112,2.6e-05
D8 ,Movebuss,55088 ,ECO8F12 ,Midiônibus ,2023,P8,0.001112,2.6e-05
D8 ,Movebuss,55094 ,FOA7I63 ,Midiônibus ,2023,P8,0.001112,2.6e-05
D6 ,Allibus,45767 ,GFR9C32 ,Midiônibus ,2023,P8,0.001112,2.6e-05
D6 ,Allibus,45674 ,GCM1I71 ,Midiônibus ,2023,P8,0.001112,2.6e-05
D8 ,Movebuss,55105 ,FUJ1I46 ,Midiônibus ,2023,P8,0.001112,2.6e-05
D5 ,Pêssego,47053 ,GCO9H42 ,Midiônibus ,2023,P8,0.001112,2.6e-05
D6 ,Allibus,45019 ,GDC7I14 ,Midiônibus ,2023,P8,0.001112,2.6e-05
D6 ,Allibus,45617 ,GFJ0D75 ,Miniônibus ,2023,P8,0.001112,2.6e-05
D8 ,Movebuss,55063 ,FQQ9B24 ,Midiônibus ,2023,P8,0.001112,2.6e-05
D6 ,Allibus,45680 ,GEG2F34 ,Miniônibus ,2023,P8,0.001112,2.6e-05
D8 ,Movebuss,55056 ,FOR4F61 ,Midiônibus ,2023,P8,0.001112,2.6e-05
D6 ,Allibus,45709 ,GGR7G06 ,Midiônibus ,2023,P8,0.001112,2.6e-05
D8 ,Movebuss,55026 ,EVE1I92 ,Midiônibus ,2023,P8,0.001112,2.6e-05
D6 ,Allibus,45707 ,GHX3G83 ,Midiônibus ,2023,P8,0.001112,2.6e-05
D6 ,Allibus,45705 ,GKE9J33 ,Miniônibus ,2023,P8,0.001112,2.6e-05
D8 ,Movebuss,55030 ,FOE4A34 ,Midiônibus ,2023,P8,0.001112,2.6e-05
D6 ,Allibus,45703 ,GKE1H25 ,Midiônibus ,2023,P8,0.001112,2.6e-05
D8 ,Movebuss,55032 ,GAU0C66 ,Midiônibus ,2023,P8,0.001112,2.6e-05
D8 ,Movebuss,55037 ,GIM8I02 ,Midiônibus ,2023,P8,0.001112,2.6e-05
D8 ,Movebuss,55039 ,BRY4B03 ,Midiônibus ,2023,P8,0.001112,2.6e-05
D8 ,Movebuss,55041 ,FEJ8I92 ,Midiônibus ,2023,P8,0.001112,2.6e-05
D6 ,Allibus,45697 ,GEE4J85 ,Midiônibus ,2023,P8,0.001112,2.6e-05
D5 ,Pêssego,47094 ,FRZ4D54 ,Midiônibus ,2023,P8,0.001112,2.6e-05
D6 ,Allibus,45604 ,GEC8E45 ,Midiônibus ,2023,P8,0.001112,2.6e-05
D8 ,Movebuss,55048 ,BYZ5I44 ,Midiônibus ,2023,P8,0.001112,2.6e-05
D5 ,Pêssego,47088 ,FPW8H25 ,Midiônibus ,2023,P8,0.001112,2.6e-05
D8 ,Movebuss,55051 ,DMT3G05 ,Midiônibus ,2023,P8,0.001112,2.6e-05
D8 ,Movebuss,55053 ,EPA1G71 ,Midiônibus ,2023,P8,0.001112,2.6e-05
D8 ,Movebuss,55054 ,GEH9E42 ,Midiônibus ,2023,P8,0.001112,2.6e-05
D8 ,Movebuss,55393 ,EVW3J05 ,Midiônibus ,2023,P8,0.001112,2.6e-05
D8 ,Movebuss,55115 ,GED9I52 ,Midiônibus ,2023,P8,0.001112,2.6e-05
D6 ,Allibus,45020 ,GHK5B03 ,Midiônibus ,2023,P8,0.001112,2.6e-05
D6 ,Allibus,45295 ,FXQ1H85 ,Midiônibus ,2023,P8,0.001112,2.6e-05
D6 ,Allibus,45024 ,FFI9G14 ,Miniônibus ,2023,P8,0.001112,2.6e-05
AR4 ,Express,48721 ,GDB1F61 ,Padron ,2023,P8,0.001112,2.6e-05
E1 ,Brigida,11817 ,GHL4D14 ,Padron ,2023,P8,0.001112,2.6e-05
D6 ,Allibus,45148 ,GDM3I63 ,Midiônibus ,2023,P8,0.001112,2.6e-05
E1 ,Brigida,11818 ,GGK2C32 ,Padron ,2023,P8,0.001112,2.6e-05
D6 ,Allibus,45360 ,GHW7B01 ,Midiônibus ,2023,P8,0.001112,2.6e-05
D6 ,Allibus,45143 ,GJO8G52 ,Midiônibus ,2023,P8,0.001112,2.6e-05
E1 ,Brigida,11819 ,GAN5A83 ,Padron ,2023,P8,0.001112,2.6e-05
E1 ,Brigida,11820 ,GBW3E93 ,Padron ,2023,P8,0.001112,2.6e-05
E1 ,Brigida,11821 ,GID3J31 ,Padron ,2023,P8,0.001112,2.6e-05
E1 ,Brigida,11822 ,BYW8B03 ,Padron ,2023,P8,0.001112,2.6e-05
E1 ,Brigida,11823 ,FYZ7A82 ,Padron ,2023,P8,0.001112,2.6e-05
E1 ,Brigida,11824 ,EQG8B02 ,Padron ,2023,P8,0.001112,2.6e-05
E1 ,Brigida,11825 ,GGH7I32 ,Padron ,2023,P8,0.001112,2.6e-05
E1 ,Brigida,11826 ,FCZ3G51 ,Padron ,2023,P8,0.001112,2.6e-05
E1 ,Brigida,11827 ,GEV4A52 ,Padron ,2023,P8,0.001112,2.6e-05
D5 ,Pêssego,47753 ,FPL3D86 ,Midiônibus ,2023,P8,0.001112,2.6e-05
D6 ,Allibus,45138 ,GFD5F45 ,Miniônibus ,2023,P8,0.001112,2.6e-05
D6 ,Allibus,45135 ,CRX8B65 ,Midiônibus ,2023,P8,0.001112,2.6e-05
D6 ,Allibus,45133 ,GJH0A94 ,Miniônibus ,2023,P8,0.001112,2.6e-05
D6 ,Allibus,45132 ,FDE2J93 ,Miniônibus ,2023,P8,0.001112,2.6e-05
D6 ,Allibus,45361 ,GIW2J21 ,Midiônibus ,2023,P8,0.001112,2.6e-05
E1 ,Brigida,11816 ,GJG3B11 ,Padron ,2023,P8,0.001112,2.6e-05
AR4 ,Express,48720 ,EWU7C94 ,Padron ,2023,P8,0.001112,2.6e-05
E1 ,Brigida,11815 ,DKH7H81 ,Padron ,2023,P8,0.001112,2.6e-05
E1 ,Brigida,11814 ,GEA0D41 ,Padron ,2023,P8,0.001112,2.6e-05
D5 ,Pêssego,47828 ,GIF8E65 ,Midiônibus ,2023,P8,0.001112,2.6e-05
D5 ,Pêssego,47819 ,DKH4E45 ,Midiônibus ,2023,P8,0.001112,2.6e-05
D6 ,Allibus,45162 ,CCU2A95 ,Miniônibus ,2023,P8,0.001112,2.6e-05
D5 ,Pêssego,47816 ,GDB7F53 ,Midiônibus ,2023,P8,0.001112,2.6e-05
D6 ,Allibus,45157 ,GCU0I46 ,Midiônibus ,2023,P8,0.001112,2.6e-05
E1 ,Brigida,11801 ,FWL3B72 ,Padron ,2023,P8,0.001112,2.6e-05
E1 ,Brigida,11802 ,GBF8I42 ,Padron ,2023,P8,0.001112,2.6e-05
E1 ,Brigida,11803 ,GIT8G64 ,Padron ,2023,P8,0.001112,2.6e-05
D5 ,Pêssego,47781 ,FPC0B45 ,Midiônibus ,2023,P8,0.001112,2.6e-05
E1 ,Brigida,11804 ,FZA3D62 ,Padron ,2023,P8,0.001112,2.6e-05
E1 ,Brigida,11828 ,FLP3F93 ,Padron ,2023,P8,0.001112,2.6e-05
E1 ,Brigida,11805 ,GFT2E34 ,Padron ,2023,P8,0.001112,2.6e-05
E1 ,Brigida,11807 ,BJW9G43 ,Padron ,2023,P8,0.001112,2.6e-05
E1 ,Brigida,11808 ,EOB8G13 ,Padron ,2023,P8,0.001112,2.6e-05
E1 ,Brigida,11809 ,BWW3F13 ,Padron ,2023,P8,0.001112,2.6e-05
E1 ,Brigida,11810 ,GGR5D44 ,Padron ,2023,P8,0.001112,2.6e-05
D5 ,Pêssego,47765 ,FOW0C66 ,Midiônibus ,2023,P8,0.001112,2.6e-05
D6 ,Allibus,45358 ,GEI6B94 ,Midiônibus ,2023,P8,0.001112,2.6e-05
AR4 ,Express,48719 ,DKK7E42 ,Padron ,2023,P8,0.001112,2.6e-05
E1 ,Brigida,11811 ,GGE0J23 ,Padron ,2023,P8,0.001112,2.6e-05
E1 ,Brigida,11812 ,FWC2F94 ,Padron ,2023,P8,0.001112,2.6e-05
E1 ,Brigida,11813 ,FPY7J21 ,Padron ,2023,P8,0.001112,2.6e-05
E1 ,Brigida,11806 ,FTZ6D94 ,Padron ,2023,P8,0.001112,2.6e-05
D5 ,Pêssego,47829 ,CQI2F86 ,Midiônibus ,2023,P8,0.001112,2.6e-05
E1 ,Brigida,11829 ,ESL5E84 ,Padron ,2023,P8,0.001112,2.6e-05
E1 ,Brigida,11830 ,FXX2E85 ,Padron ,2023,P8,0.001112,2.6e-05
D6 ,Allibus,45390 ,GAI3E26 ,Midiônibus ,2023,P8,0.001112,2.6e-05
D5 ,Pêssego,47661 ,BXZ0B61 ,Midiônibus ,2023,P8,0.001112,2.6e-05
D5 ,Pêssego,47660 ,CGS3B62 ,Midiônibus ,2023,P8,0.001112,2.6e-05
D5 ,Pêssego,47658 ,FZI8C33 ,Midiônibus ,2023,P8,0.001112,2.6e-05
D6 ,Allibus,45397 ,GBT4C31 ,Miniônibus ,2023,P8,0.001112,2.6e-05
D5 ,Pêssego,47636 ,DBF4A36 ,Midiônibus ,2023,P8,0.001112,2.6e-05
D6 ,Allibus,45400 ,GFM8G25 ,Midiônibus ,2023,P8,0.001112,2.6e-05
D6 ,Allibus,45401 ,GIQ3B33 ,Midiônibus ,2023,P8,0.001112,2.6e-05
D5 ,Pêssego,47615 ,FWU3E85 ,Midiônibus ,2023,P8,0.001112,2.6e-05
D6 ,Allibus,45403 ,GHJ0H16 ,Midiônibus ,2023,P8,0.001112,2.6e-05
D6 ,Allibus,45404 ,GJH7C75 ,Midiônibus ,2023,P8,0.001112,2.6e-05
D6 ,Allibus,45408 ,DCU5C85 ,Midiônibus ,2023,P8,0.001112,2.6e-05
D6 ,Allibus,45409 ,GHS1C73 ,Midiônibus ,2023,P8,0.001112,2.6e-05
E1 ,Brigida,11848 ,CUN5J47 ,Padron ,2023,P8,0.001112,2.6e-05
E1 ,Brigida,11849 ,CUH5F27 ,Padron ,2023,P8,0.001112,2.6e-05
E1 ,Brigida,11850 ,FOY4D22 ,Padron ,2023,P8,0.001112,2.6e-05
E1 ,Brigida,11851 ,CUJ1G87 ,Padron ,2023,P8,0.001112,2.6e-05
E1 ,Brigida,11852 ,CUJ7B97 ,Padron ,2023,P8,0.001112,2.6e-05
E1 ,Brigida,11853 ,FQM4D81 ,Padron ,2023,P8,0.001112,2.6e-05
E1 ,Brigida,11854 ,FHE9E84 ,Padron ,2023,P8,0.001112,2.6e-05
E1 ,Brigida,11855 ,GIW5G84 ,Padron ,2023,P8,0.001112,2.6e-05
D6 ,Allibus,45389 ,DTE8H21 ,Miniônibus ,2023,P8,0.001112,2.6e-05
D6 ,Allibus,45387 ,GCZ1D04 ,Midiônibus ,2023,P8,0.001112,2.6e-05
D6 ,Allibus,45382 ,GCS6J15 ,Midiônibus ,2023,P8,0.001112,2.6e-05
D8 ,Movebuss,55436 ,FIM2E23 ,Midiônibus ,2023,P8,0.001112,2.6e-05
E1 ,Brigida,11831 ,FVW4F61 ,Padron ,2023,P8,0.001112,2.6e-05
E1 ,Brigida,11832 ,FWN0D12 ,Padron ,2023,P8,0.001112,2.6e-05
E1 ,Brigida,11833 ,FVE1G03 ,Padron ,2023,P8,0.001112,2.6e-05
E1 ,Brigida,11834 ,FJU6E94 ,Padron ,2023,P8,0.001112,2.6e-05
E1 ,Brigida,11835 ,FTB6D24 ,Padron ,2023,P8,0.001112,2.6e-05
E1 ,Brigida,11836 ,GFM9J35 ,Padron ,2023,P8,0.001112,2.6e-05
E1 ,Brigida,11837 ,GBM8B41 ,Padron ,2023,P8,0.001112,2.6e-05
E1 ,Brigida,11838 ,GFX6B33 ,Padron ,2023,P8,0.001112,2.6e-05
E1 ,Brigida,11839 ,GAA8C32 ,Padron ,2023,P8,0.001112,2.6e-05
E1 ,Brigida,11840 ,EXE7C02 ,Padron ,2023,P8,0.001112,2.6e-05
D5 ,Pêssego,47749 ,GDJ0H16 ,Midiônibus ,2023,P8,0.001112,2.6e-05
E1 ,Brigida,11841 ,FAD5B42 ,Padron ,2023,P8,0.001112,2.6e-05
E1 ,Brigida,11843 ,FSF2G75 ,Padron ,2023,P8,0.001112,2.6e-05
E1 ,Brigida,11844 ,FZD6H93 ,Padron ,2023,P8,0.001112,2.6e-05
E1 ,Brigida,11845 ,EOB4C81 ,Padron ,2023,P8,0.001112,2.6e-05
D6 ,Allibus,45130 ,GFU7G01 ,Miniônibus ,2023,P8,0.001112,2.6e-05
D6 ,Allibus,45127 ,DYF1D32 ,Miniônibus ,2023,P8,0.001112,2.6e-05
E1 ,Brigida,11846 ,CUN4H87 ,Padron ,2023,P8,0.001112,2.6e-05
E1 ,Brigida,11847 ,GBJ6F71 ,Padron ,2023,P8,0.001112,2.6e-05
D5 ,Pêssego,47727 ,GJY0D82 ,Midiônibus ,2023,P8,0.001112,2.6e-05
D6 ,Allibus,45371 ,GCS6G43 ,Midiônibus ,2023,P8,0.001112,2.6e-05
D5 ,Pêssego,47714 ,GJN4D74 ,Midiônibus ,2023,P8,0.001112,2.6e-05
E1 ,Brigida,11842 ,FJF9G34 ,Padron ,2023,P8,0.001112,2.6e-05
E1 ,Brigida,11856 ,FJG5C43 ,Padron ,2023,P8,0.001112,2.6e-05
D6 ,Allibus,45165 ,GIV0I91 ,Midiônibus ,2023,P8,0.001112,2.6e-05
D5 ,Pêssego,47833 ,EZZ9F64 ,Midiônibus ,2023,P8,0.001112,2.6e-05
D6 ,Allibus,45264 ,GER8G64 ,Miniônibus ,2023,P8,0.001112,2.6e-05
AR4 ,Express,48244 ,FOL8C12 ,Padron ,2023,P8,0.001112,2.6e-05
AR4 ,Express,48247 ,FYM7I01 ,Padron ,2023,P8,0.001112,2.6e-05
D6 ,Allibus,45316 ,FKC6H35 ,Miniônibus ,2023,P8,0.001112,2.6e-05
AR4 ,Express,48073 ,GCY2C23 ,Padron ,2023,P8,0.001112,2.6e-05
D6 ,Allibus,45317 ,GAZ5B65 ,Midiônibus ,2023,P8,0.001112,2.6e-05
D6 ,Allibus,45319 ,CUL5A93 ,Miniônibus ,2023,P8,0.001112,2.6e-05
AR4 ,Express,48262 ,BQU4E25 ,Padron ,2023,P8,0.001112,2.6e-05
D6 ,Allibus,45258 ,GJO7E33 ,Midiônibus ,2023,P8,0.001112,2.6e-05
AR4 ,Express,48268 ,CUA3A54 ,Padron ,2023,P8,0.001112,2.6e-05
AR4 ,Express,48272 ,GHW9F31 ,Padron ,2023,P8,0.001112,2.6e-05
D6 ,Allibus,45254 ,GHG8C91 ,Midiônibus ,2023,P8,0.001112,2.6e-05
D6 ,Allibus,45251 ,GHR8G14 ,Midiônibus ,2023,P8,0.001112,2.6e-05
D6 ,Allibus,45250 ,GHW2G73 ,Midiônibus ,2023,P8,0.001112,2.6e-05
D6 ,Allibus,45249 ,GDI5F84 ,Miniônibus ,2023,P8,0.001112,2.6e-05
D6 ,Allibus,45247 ,GFY5I41 ,Midiônibus ,2023,P8,0.001112,2.6e-05
D6 ,Allibus,45244 ,GJA4D11 ,Midiônibus ,2023,P8,0.001112,2.6e-05
AR4 ,Express,48294 ,FPX8D45 ,Padron ,2023,P8,0.001112,2.6e-05
D6 ,Allibus,45321 ,FSI4B52 ,Miniônibus ,2023,P8,0.001112,2.6e-05
D6 ,Allibus,45239 ,GFK6I83 ,Miniônibus ,2023,P8,0.001112,2.6e-05
AR4 ,Express,48305 ,GEN4D25 ,Padron ,2023,P8,0.001112,2.6e-05
AR4 ,Express,48241 ,FPR6E14 ,Padron ,2023,P8,0.001112,2.6e-05
D6 ,Allibus,45265 ,GGU6C02 ,Miniônibus ,2023,P8,0.001112,2.6e-05
D6 ,Allibus,45315 ,DTU7C25 ,Midiônibus ,2023,P8,0.001112,2.6e-05
AR4 ,Express,48227 ,EFV6B92 ,Padron ,2023,P8,0.001112,2.6e-05
AR4 ,Express,48156 ,ENE9G34 ,Padron ,2023,P8,0.001112,2.6e-05
AR4 ,Express,48164 ,GJJ7D41 ,Padron ,2023,P8,0.001112,2.6e-05
AR4 ,Express,48165 ,GGE9C72 ,Padron ,2023,P8,0.001112,2.6e-05
AR4 ,Express,48148 ,FIL3E01 ,Padron ,2023,P8,0.001112,2.6e-05
D6 ,Allibus,45299 ,GJG0J22 ,Miniônibus ,2023,P8,0.001112,2.6e-05
D6 ,Allibus,45300 ,GHY8E15 ,Midiônibus ,2023,P8,0.001112,2.6e-05
AR4 ,Express,48180 ,CUF3J45 ,Padron ,2023,P8,0.001112,2.6e-05
D6 ,Allibus,45301 ,GGY0I96 ,Miniônibus ,2023,P8,0.001112,2.6e-05
D6 ,Allibus,45305 ,GJP5J82 ,Miniônibus ,2023,P8,0.001112,2.6e-05
D6 ,Allibus,45306 ,GJB1E51 ,Midiônibus ,2023,P8,0.001112,2.6e-05
D6 ,Allibus,45238 ,GBY7A15 ,Midiônibus ,2023,P8,0.001112,2.6e-05
D6 ,Allibus,45278 ,GDQ7A73 ,Midiônibus ,2023,P8,0.001112,2.6e-05
D6 ,Allibus,45274 ,DKH3I61 ,Miniônibus ,2023,P8,0.001112,2.6e-05
D6 ,Allibus,45273 ,GCF9I05 ,Midiônibus ,2023,P8,0.001112,2.6e-05
D6 ,Allibus,45271 ,GHB3J95 ,Midiônibus ,2023,P8,0.001112,2.6e-05
AR4 ,Express,48080 ,EBU7D42 ,Padron ,2023,P8,0.001112,2.6e-05
AR4 ,Express,48207 ,EPU3H37 ,Padron ,2023,P8,0.001112,2.6e-05
AR4 ,Express,48208 ,BZB4I76 ,Padron ,2023,P8,0.001112,2.6e-05
AR4 ,Express,48210 ,FZB8B02 ,Padron ,2023,P8,0.001112,2.6e-05
AR4 ,Express,48212 ,BXZ6B56 ,Padron ,2023,P8,0.001112,2.6e-05
D6 ,Allibus,45270 ,GGL8I02 ,Midiônibus ,2023,P8,0.001112,2.6e-05
AR4 ,Express,48222 ,CAG0H46 ,Padron ,2023,P8,0.001112,2.6e-05
D6 ,Allibus,45313 ,FQL9D66 ,Midiônibus ,2023,P8,0.001112,2.6e-05
D6 ,Allibus,45348 ,GEV7C05 ,Miniônibus ,2023,P8,0.001112,2.6e-05
D6 ,Allibus,45237 ,GJY8G62 ,Miniônibus ,2023,P8,0.001112,2.6e-05
AR4 ,Express,48328 ,FPO3C06 ,Padron ,2023,P8,0.001112,2.6e-05
D6 ,Allibus,45189 ,GFX9C46 ,Midiônibus ,2023,P8,0.001112,2.6e-05
D6 ,Allibus,45188 ,GEC6G73 ,Miniônibus ,2023,P8,0.001112,2.6e-05
D6 ,Allibus,45185 ,GJT6C85 ,Midiônibus ,2023,P8,0.001112,2.6e-05
D5 ,Pêssego,47858 ,GAJ7D23 ,Midiônibus ,2023,P8,0.001112,2.6e-05
D6 ,Allibus,45183 ,GFS4C75 ,Midiônibus ,2023,P8,0.001112,2.6e-05
D6 ,Allibus,45182 ,GFG4B25 ,Midiônibus ,2023,P8,0.001112,2.6e-05
D6 ,Allibus,45180 ,GCK6D76 ,Midiônibus ,2023,P8,0.001112,2.6e-05
D6 ,Allibus,45338 ,GFP3I12 ,Midiônibus ,2023,P8,0.001112,2.6e-05
D5 ,Pêssego,47847 ,FWD8C41 ,Midiônibus ,2023,P8,0.001112,2.6e-05
D5 ,Pêssego,47841 ,GHQ4J51 ,Midiônibus ,2023,P8,0.001112,2.6e-05
D6 ,Allibus,45178 ,GJW0E62 ,Midiônibus ,2023,P8,0.001112,2.6e-05
D6 ,Allibus,45176 ,GJO9D76 ,Midiônibus ,2023,P8,0.001112,2.6e-05
D13 ,Alfa Rodobus,86050 ,BYZ7D61 ,Midiônibus ,2023,P8,0.001112,2.6e-05
D6 ,Allibus,45172 ,GJI6D93 ,Miniônibus ,2023,P8,0.001112,2.6e-05
D5 ,Pêssego,47838 ,FZD5C62 ,Midiônibus ,2023,P8,0.001112,2.6e-05
D13 ,Alfa Rodobus,86049 ,FRN7B42 ,Midiônibus ,2023,P8,0.001112,2.6e-05
D13 ,Alfa Rodobus,86047 ,GHJ9F23 ,Midiônibus ,2023,P8,0.001112,2.6e-05
D13 ,Alfa Rodobus,86046 ,FQE2H84 ,Midiônibus ,2023,P8,0.001112,2.6e-05
D13 ,Alfa Rodobus,86045 ,FUJ6C56 ,Midiônibus ,2023,P8,0.001112,2.6e-05
D6 ,Allibus,45166 ,GJX6J03 ,Midiônibus ,2023,P8,0.001112,2.6e-05
D6 ,Allibus,45344 ,GJX2J65 ,Midiônibus ,2023,P8,0.001112,2.6e-05
E8 ,Transppass,81071 ,GEU4B45 ,Articulado ,2023,P8,0.001112,2.6e-05
E8 ,Transppass,81072 ,GEY6B26 ,Articulado ,2023,P8,0.001112,2.6e-05
D6 ,Allibus,45337 ,GEH0G71 ,Miniônibus ,2023,P8,0.001112,2.6e-05
D6 ,Allibus,45190 ,BZB5H34 ,Miniônibus ,2023,P8,0.001112,2.6e-05
D6 ,Allibus,45233 ,GEY6B16 ,Midiônibus ,2023,P8,0.001112,2.6e-05
D6 ,Allibus,45324 ,GIT0F35 ,Miniônibus ,2023,P8,0.001112,2.6e-05
AR4 ,Express,48055 ,ECH4J75 ,Padron ,2023,P8,0.001112,2.6e-05
AR4 ,Express,48054 ,EGJ5B27 ,Padron ,2023,P8,0.001112,2.6e-05
D6 ,Allibus,45227 ,GJO6D93 ,Midiônibus ,2023,P8,0.001112,2.6e-05
D6 ,Allibus,45326 ,GCZ0C65 ,Midiônibus ,2023,P8,0.001112,2.6e-05
D6 ,Allibus,45224 ,GFL1G36 ,Midiônibus ,2023,P8,0.001112,2.6e-05
D6 ,Allibus,45220 ,GDJ0E92 ,Midiônibus ,2023,P8,0.001112,2.6e-05
D6 ,Allibus,45219 ,GJK8C63 ,Miniônibus ,2023,P8,0.001112,2.6e-05
D6 ,Allibus,45215 ,GHK2D63 ,Midiônibus ,2023,P8,0.001112,2.6e-05
AR4 ,Express,48318 ,EXU7D24 ,Padron ,2023,P8,0.001112,2.6e-05
D6 ,Allibus,45213 ,GEP2D01 ,Midiônibus ,2023,P8,0.001112,2.6e-05
D6 ,Allibus,45210 ,GEI3I14 ,Midiônibus ,2023,P8,0.001112,2.6e-05
AR4 ,Express,48040 ,FIW7B47 ,Padron ,2023,P8,0.001112,2.6e-05
AR4 ,Express,48018 ,FYU4G54 ,Padron ,2023,P8,0.001112,2.6e-05
D6 ,Allibus,45200 ,GEG3I16 ,Midiônibus ,2023,P8,0.001112,2.6e-05
D6 ,Allibus,45330 ,GHK9B24 ,Midiônibus ,2023,P8,0.001112,2.6e-05
D6 ,Allibus,45332 ,FJG9G12 ,Miniônibus ,2023,P8,0.001112,2.6e-05
D6 ,Allibus,45334 ,GIE6E15 ,Midiônibus ,2023,P8,0.001112,2.6e-05
AR4 ,Express,48005 ,FPN8F22 ,Padron ,2023,P8,0.001112,2.6e-05
D6 ,Allibus,45192 ,GHA2C93 ,Midiônibus ,2023,P8,0.001112,2.6e-05
D6 ,Allibus,45191 ,GGL1D52 ,Miniônibus ,2023,P8,0.001112,2.6e-05
D6 ,Allibus,45212 ,GFA6D74 ,Midiônibus ,2023,P8,0.001112,2.6e-05
D6 ,Allibus,45023 ,GBD4C41 ,Midiônibus ,2023,P8,0.001112,2.6e-05
E1 ,Brigida,11857 ,GJD5B14 ,Padron ,2023,P8,0.001112,2.6e-05
E1 ,Brigida,11859 ,FMG5H43 ,Padron ,2023,P8,0.001112,2.6e-05
D6 ,Allibus,45099 ,GEL1F76 ,Midiônibus ,2023,P8,0.001112,2.6e-05
D6 ,Allibus,45440 ,GFI6J26 ,Midiônibus ,2023,P8,0.001112,2.6e-05
D6 ,Allibus,45444 ,GHN0D54 ,Midiônibus ,2023,P8,0.001112,2.6e-05
D5 ,Pêssego,47402 ,FKS1J94 ,Midiônibus ,2023,P8,0.001112,2.6e-05
D5 ,Pêssego,47398 ,FMJ5D83 ,Midiônibus ,2023,P8,0.001112,2.6e-05
D5 ,Pêssego,47396 ,GJB9E23 ,Midiônibus ,2023,P8,0.001112,2.6e-05
D6 ,Allibus,45453 ,GJP7B82 ,Midiônibus ,2023,P8,0.001112,2.6e-05
D6 ,Allibus,45095 ,FYJ7H35 ,Midiônibus ,2023,P8,0.001112,2.6e-05
D6 ,Allibus,45092 ,GFV9D13 ,Midiônibus ,2023,P8,0.001112,2.6e-05
AR4 ,Express,48929 ,GIB3B74 ,Padron ,2023,P8,0.001112,2.6e-05
AR4 ,Express,48950 ,FOJ2F31 ,Padron ,2023,P8,0.001112,2.6e-05
D5 ,Pêssego,47381 ,FSQ9G24 ,Midiônibus ,2023,P8,0.001112,2.6e-05
D6 ,Allibus,45455 ,GDY6C23 ,Miniônibus ,2023,P8,0.001112,2.6e-05
D6 ,Allibus,45460 ,GJP4D64 ,Miniônibus ,2023,P8,0.001112,2.6e-05
D6 ,Allibus,45462 ,GFA4J86 ,Midiônibus ,2023,P8,0.001112,2.6e-05
D6 ,Allibus,45463 ,GFZ7I31 ,Midiônibus ,2023,P8,0.001112,2.6e-05
D5 ,Pêssego,47335 ,FIY5E74 ,Midiônibus ,2023,P8,0.001112,2.6e-05
D5 ,Pêssego,47330 ,FWD4J45 ,Midiônibus ,2023,P8,0.001112,2.6e-05
D5 ,Pêssego,47308 ,DFT1H72 ,Midiônibus ,2023,P8,0.001112,2.6e-05
D5 ,Pêssego,47302 ,ESV2G95 ,Midiônibus ,2023,P8,0.001112,2.6e-05
D6 ,Allibus,45476 ,GBP3H25 ,Midiônibus ,2023,P8,0.001112,2.6e-05
D6 ,Allibus,45102 ,FVA2A16 ,Midiônibus ,2023,P8,0.001112,2.6e-05
D6 ,Allibus,45104 ,GBX4A24 ,Midiônibus ,2023,P8,0.001112,2.6e-05
D6 ,Allibus,45109 ,GCI0E26 ,Midiônibus ,2023,P8,0.001112,2.6e-05
D6 ,Allibus,45110 ,GHA1E55 ,Midiônibus ,2023,P8,0.001112,2.6e-05
AR9 ,Transppass,80009 ,GJK8H16 ,Padron ,2023,P8,0.001112,2.6e-05
AR9 ,Transppass,80008 ,GAG7G85 ,Padron ,2023,P8,0.001112,2.6e-05
AR9 ,Transppass,80007 ,GHG9I35 ,Padron ,2023,P8,0.001112,2.6e-05
AR9 ,Transppass,80006 ,GAQ2C86 ,Padron ,2023,P8,0.001112,2.6e-05
AR9 ,Transppass,80005 ,GJJ9H73 ,Padron ,2023,P8,0.001112,2.6e-05
AR9 ,Transppass,80004 ,GDL1I62 ,Padron ,2023,P8,0.001112,2.6e-05
AR9 ,Transppass,80003 ,GCL6H94 ,Padron ,2023,P8,0.001112,2.6e-05
AR9 ,Transppass,80002 ,GCZ1D24 ,Padron ,2023,P8,0.001112,2.6e-05
AR9 ,Transppass,80001 ,GBZ3B15 ,Padron ,2023,P8,0.001112,2.6e-05
AR4 ,Express,48867 ,FFX9I33 ,Padron ,2023,P8,0.001112,2.6e-05
D6 ,Allibus,45480 ,GJB4F22 ,Midiônibus ,2023,P8,0.001112,2.6e-05
AR4 ,Express,48869 ,GAG4D12 ,Padron ,2023,P8,0.001112,2.6e-05
AR4 ,Express,48872 ,GKC8F44 ,Padron ,2023,P8,0.001112,2.6e-05
AR4 ,Express,48873 ,FCC4F01 ,Padron ,2023,P8,0.001112,2.6e-05
AR4 ,Express,48874 ,EZA8E61 ,Padron ,2023,P8,0.001112,2.6e-05
AR4 ,Express,48875 ,FYY0G95 ,Padron ,2023,P8,0.001112,2.6e-05
AR4 ,Express,48876 ,FOZ1C96 ,Padron ,2023,P8,0.001112,2.6e-05
D6 ,Allibus,45438 ,CKU0E15 ,Miniônibus ,2023,P8,0.001112,2.6e-05
AR4 ,Express,48878 ,FYP0G22 ,Padron ,2023,P8,0.001112,2.6e-05
D11 ,Transwolff,78982 ,EXN2I84 ,eBásico ,2023,P8,0.001112,2.6e-05
D11 ,Transwolff,78981 ,FQP5J83 ,eBásico ,2023,P8,0.001112,2.6e-05
AR4 ,Express,48880 ,EOD1I64 ,Articulado ,2023,P8,0.001112,2.6e-05
AR4 ,Express,48871 ,GJS3B13 ,Padron ,2023,P8,0.001112,2.6e-05
AR9 ,Transppass,80010 ,GHW2I86 ,Padron ,2023,P8,0.001112,2.6e-05
D6 ,Allibus,45481 ,GGO5F93 ,Midiônibus ,2023,P8,0.001112,2.6e-05
D5 ,Pêssego,47293 ,FCS4F01 ,Midiônibus ,2023,P8,0.001112,2.6e-05
D6 ,Allibus,45039 ,GBT8I01 ,Midiônibus ,2023,P8,0.001112,2.6e-05
D6 ,Allibus,45500 ,GFI9C04 ,Miniônibus ,2023,P8,0.001112,2.6e-05
D6 ,Allibus,45037 ,FXS2F63 ,Miniônibus ,2023,P8,0.001112,2.6e-05
D6 ,Allibus,45034 ,GCJ4B63 ,Midiônibus ,2023,P8,0.001112,2.6e-05
D5 ,Pêssego,47250 ,GHI4A56 ,Midiônibus ,2023,P8,0.001112,2.6e-05
D5 ,Pêssego,47249 ,FOH2E64 ,Midiônibus ,2023,P8,0.001112,2.6e-05
D5 ,Pêssego,47245 ,GFD2J95 ,Midiônibus ,2023,P8,0.001112,2.6e-05
D6 ,Allibus,45516 ,GKA6G91 ,Midiônibus ,2023,P8,0.001112,2.6e-05
D6 ,Allibus,45518 ,FKS6B46 ,Midiônibus ,2023,P8,0.001112,2.6e-05
D6 ,Allibus,45521 ,GCT0J35 ,Miniônibus ,2023,P8,0.001112,2.6e-05
D6 ,Allibus,45522 ,GGC5F43 ,Miniônibus ,2023,P8,0.001112,2.6e-05
D5 ,Pêssego,47219 ,CPG7G94 ,Midiônibus ,2023,P8,0.001112,2.6e-05
D6 ,Allibus,45527 ,GEG3J94 ,Miniônibus ,2023,P8,0.001112,2.6e-05
D6 ,Allibus,45529 ,GJW2B94 ,Miniônibus ,2023,P8,0.001112,2.6e-05
D5 ,Pêssego,47214 ,GKD9H15 ,Midiônibus ,2023,P8,0.001112,2.6e-05
D5 ,Pêssego,47213 ,FCW2B35 ,Midiônibus ,2023,P8,0.001112,2.6e-05
D6 ,Allibus,45530 ,GDH2I44 ,Midiônibus ,2023,P8,0.001112,2.6e-05
D5 ,Pêssego,47211 ,DLG9D41 ,Midiônibus ,2023,P8,0.001112,2.6e-05
D6 ,Allibus,45031 ,FHO8F16 ,Midiônibus ,2023,P8,0.001112,2.6e-05
D6 ,Allibus,45026 ,CUJ9E45 ,Miniônibus ,2023,P8,0.001112,2.6e-05
D6 ,Allibus,45025 ,GEX0G16 ,Midiônibus ,2023,P8,0.001112,2.6e-05
D5 ,Pêssego,47263 ,GBP5B64 ,Midiônibus ,2023,P8,0.001112,2.6e-05
D6 ,Allibus,45496 ,GEN5J35 ,Miniônibus ,2023,P8,0.001112,2.6e-05
D6 ,Allibus,45044 ,GHE0H51 ,Midiônibus ,2023,P8,0.001112,2.6e-05
D6 ,Allibus,45045 ,GKC7C92 ,Midiônibus ,2023,P8,0.001112,2.6e-05
D6 ,Allibus,45484 ,GJZ4J03 ,Midiônibus ,2023,P8,0.001112,2.6e-05
D6 ,Allibus,45485 ,GHY9D26 ,Miniônibus ,2023,P8,0.001112,2.6e-05
D6 ,Allibus,45082 ,GIX9E42 ,Midiônibus ,2023,P8,0.001112,2.6e-05
E1 ,G. Preto,12782 ,GCN7D45 ,Padron ,2023,P8,0.001112,2.6e-05
E1 ,G. Preto,12783 ,GDQ2I16 ,Padron ,2023,P8,0.001112,2.6e-05
D6 ,Allibus,45080 ,GBZ3E74 ,Midiônibus ,2023,P8,0.001112,2.6e-05
D5 ,Pêssego,47281 ,FIY5H04 ,Midiônibus ,2023,P8,0.001112,2.6e-05
D6 ,Allibus,45487 ,FXB8C12 ,Miniônibus ,2023,P8,0.001112,2.6e-05
D6 ,Allibus,45075 ,GHC9D02 ,Midiônibus ,2023,P8,0.001112,2.6e-05
D6 ,Allibus,45490 ,GJU2C35 ,Miniônibus ,2023,P8,0.001112,2.6e-05
D5 ,Pêssego,47294 ,FCM1F82 ,Midiônibus ,2023,P8,0.001112,2.6e-05
D6 ,Allibus,45072 ,GFT5D43 ,Miniônibus ,2023,P8,0.001112,2.6e-05
D6 ,Allibus,45067 ,FCU5I76 ,Midiônibus ,2023,P8,0.001112,2.6e-05
D6 ,Allibus,45065 ,GDK5C65 ,Midiônibus ,2023,P8,0.001112,2.6e-05
D6 ,Allibus,45061 ,EYH4A83 ,Miniônibus ,2023,P8,0.001112,2.6e-05
AR1 ,G. Preto,13781 ,FPE8G11 ,Padron ,2023,P8,0.001112,2.6e-05
D6 ,Allibus,45059 ,GBE5F74 ,Miniônibus ,2023,P8,0.001112,2.6e-05
D6 ,Allibus,45055 ,GDW3G74 ,Miniônibus ,2023,P8,0.001112,2.6e-05
D6 ,Allibus,45054 ,BUJ2G54 ,Miniônibus ,2023,P8,0.001112,2.6e-05
D6 ,Allibus,45495 ,GDG1E16 ,Midiônibus ,2023,P8,0.001112,2.6e-05
D6 ,Allibus,45049 ,BRY9C55 ,Midiônibus ,2023,P8,0.001112,2.6e-05
D6 ,Allibus,45047 ,GBT3H55 ,Midiônibus ,2023,P8,0.001112,2.6e-05
D5 ,Pêssego,47277 ,GAW1G04 ,Midiônibus ,2023,P8,0.001112,2.6e-05
E1 ,Brigida,11858 ,FTT8J41 ,Padron ,2023,P8,0.001112,2.6e-05
AR9 ,Transppass,80011 ,GGY5D95 ,Padron ,2023,P8,0.001112,2.6e-05
AR9 ,Transppass,80013 ,GGF0F23 ,Padron ,2023,P8,0.001112,2.6e-05
E1 ,Brigida,11885 ,FPZ7A91 ,Padron ,2023,P8,0.001112,2.6e-05
E1 ,Brigida,11886 ,GGP2J24 ,Padron ,2023,P8,0.001112,2.6e-05
E1 ,Brigida,11887 ,EPU6I24 ,Padron ,2023,P8,0.001112,2.6e-05
E1 ,Brigida,11888 ,FUS4E24 ,Padron ,2023,P8,0.001112,2.6e-05
E1 ,Brigida,11889 ,FAU7E94 ,Padron ,2023,P8,0.001112,2.6e-05
E1 ,Brigida,11890 ,FVQ0H63 ,Padron ,2023,P8,0.001112,2.6e-05
E1 ,Brigida,11891 ,FZX5G64 ,Padron ,2023,P8,0.001112,2.6e-05
E1 ,Brigida,11892 ,EKH0G14 ,Padron ,2023,P8,0.001112,2.6e-05
E1 ,Brigida,11893 ,GAO5D63 ,Padron ,2023,P8,0.001112,2.6e-05
E1 ,Brigida,11894 ,GHV1I53 ,Padron ,2023,P8,0.001112,2.6e-05
E1 ,Brigida,11895 ,FQI3F84 ,Padron ,2023,P8,0.001112,2.6e-05
E1 ,Brigida,11896 ,GFH1D14 ,Padron ,2023,P8,0.001112,2.6e-05
E1 ,Brigida,11897 ,FHE9B63 ,Padron ,2023,P8,0.001112,2.6e-05
E1 ,Brigida,11898 ,GJL8C62 ,Padron ,2023,P8,0.001112,2.6e-05
E1 ,Brigida,11899 ,GEO5C03 ,Padron ,2023,P8,0.001112,2.6e-05
E1 ,Brigida,11900 ,GIE3F71 ,Padron ,2023,P8,0.001112,2.6e-05
E1 ,Brigida,11901 ,GCZ5F62 ,Padron ,2023,P8,0.001112,2.6e-05
E1 ,Brigida,11902 ,GCT8G64 ,Padron ,2023,P8,0.001112,2.6e-05
E1 ,Brigida,11903 ,FBE0B74 ,Padron ,2023,P8,0.001112,2.6e-05
D6 ,Allibus,45415 ,GFX0H31 ,Midiônibus ,2023,P8,0.001112,2.6e-05
E1 ,Brigida,11904 ,FYU3G34 ,Padron ,2023,P8,0.001112,2.6e-05
E1 ,Brigida,11884 ,GJT1E05 ,Padron ,2023,P8,0.001112,2.6e-05
E1 ,Brigida,11883 ,EBF4E45 ,Padron ,2023,P8,0.001112,2.6e-05
E1 ,Brigida,11882 ,GEB1J14 ,Padron ,2023,P8,0.001112,2.6e-05
E1 ,Brigida,11881 ,GBF4C05 ,Padron ,2023,P8,0.001112,2.6e-05
E1 ,Brigida,11860 ,FPU2F82 ,Padron ,2023,P8,0.001112,2.6e-05
E1 ,Brigida,11861 ,EXE8F42 ,Padron ,2023,P8,0.001112,2.6e-05
E1 ,Brigida,11862 ,FTZ3D02 ,Padron ,2023,P8,0.001112,2.6e-05
E1 ,Brigida,11863 ,GBC0F61 ,Padron ,2023,P8,0.001112,2.6e-05
E1 ,Brigida,11864 ,GAJ3B55 ,Padron ,2023,P8,0.001112,2.6e-05
E1 ,Brigida,11865 ,EPT7G95 ,Padron ,2023,P8,0.001112,2.6e-05
E1 ,Brigida,11866 ,GDD6F85 ,Padron ,2023,P8,0.001112,2.6e-05
E1 ,Brigida,11867 ,FON2D61 ,Padron ,2023,P8,0.001112,2.6e-05
E1 ,Brigida,11868 ,GFJ3H22 ,Padron ,2023,P8,0.001112,2.6e-05
E1 ,Brigida,11869 ,GJG9E03 ,Padron ,2023,P8,0.001112,2.6e-05
E1 ,Brigida,11905 ,GFA5G64 ,Padron ,2023,P8,0.001112,2.6e-05
E1 ,Brigida,11870 ,GER4J01 ,Padron ,2023,P8,0.001112,2.6e-05
E1 ,Brigida,11872 ,FUW2H43 ,Padron ,2023,P8,0.001112,2.6e-05
E1 ,Brigida,11873 ,GJY2G33 ,Padron ,2023,P8,0.001112,2.6e-05
E1 ,Brigida,11874 ,FGF5J72 ,Padron ,2023,P8,0.001112,2.6e-05
E1 ,Brigida,11875 ,FCC9E02 ,Padron ,2023,P8,0.001112,2.6e-05
E1 ,Brigida,11876 ,FKZ9A52 ,Padron ,2023,P8,0.001112,2.6e-05
E1 ,Brigida,11877 ,GDF0C13 ,Padron ,2023,P8,0.001112,2.6e-05
E1 ,Brigida,11878 ,GDY8G94 ,Padron ,2023,P8,0.001112,2.6e-05
AR4 ,Express,48828 ,CCU1B07 ,Padron ,2023,P8,0.001112,2.6e-05
E1 ,Brigida,11879 ,FTD5A93 ,Padron ,2023,P8,0.001112,2.6e-05
E1 ,Brigida,11880 ,GHA2E64 ,Padron ,2023,P8,0.001112,2.6e-05
E1 ,Brigida,11871 ,GCX6E62 ,Padron ,2023,P8,0.001112,2.6e-05
AR9 ,Transppass,80012 ,GGH2C06 ,Padron ,2023,P8,0.001112,2.6e-05
E1 ,Brigida,11906 ,FIG4A34 ,Padron ,2023,P8,0.001112,2.6e-05
E1 ,Brigida,11907 ,FEJ3A43 ,Padron ,2023,P8,0.001112,2.6e-05
AR4 ,Express,48863 ,BRY3F04 ,Padron ,2023,P8,0.001112,2.6e-05
AR4 ,Express,48864 ,BZF8C17 ,Padron ,2023,P8,0.001112,2.6e-05
AR9 ,Transppass,80030 ,GEY7J16 ,Padron ,2023,P8,0.001112,2.6e-05
E1 ,Brigida,11909 ,FCE0F14 ,Padron ,2023,P8,0.001112,2.6e-05
AR4 ,Express,48865 ,DQH6A66 ,Padron ,2023,P8,0.001112,2.6e-05
AR9 ,Transppass,80023 ,GDG7G34 ,Padron ,2023,P8,0.001112,2.6e-05
AR4 ,Express,48866 ,DCC8D92 ,Padron ,2023,P8,0.001112,2.6e-05
E1 ,Brigida,11910 ,GJG4F13 ,Padron ,2023,P8,0.001112,2.6e-05
AR9 ,Transppass,80020 ,GEU2J51 ,Padron ,2023,P8,0.001112,2.6e-05
AR9 ,Transppass,80019 ,GIS8D82 ,Padron ,2023,P8,0.001112,2.6e-05
D6 ,Allibus,45421 ,GDH2E56 ,Midiônibus ,2023,P8,0.001112,2.6e-05
D6 ,Allibus,45423 ,GHA9B93 ,Midiônibus ,2023,P8,0.001112,2.6e-05
D5 ,Pêssego,47572 ,EMR8J32 ,Midiônibus ,2023,P8,0.001112,2.6e-05
D6 ,Allibus,45426 ,GKC7H63 ,Midiônibus ,2023,P8,0.001112,2.6e-05
D6 ,Allibus,45432 ,GDI0E53 ,Midiônibus ,2023,P8,0.001112,2.6e-05
D6 ,Allibus,45434 ,GBC9C36 ,Midiônibus ,2023,P8,0.001112,2.6e-05
AR9 ,Transppass,80018 ,GBL2B94 ,Padron ,2023,P8,0.001112,2.6e-05
AR9 ,Transppass,80017 ,GJS3G86 ,Padron ,2023,P8,0.001112,2.6e-05
AR9 ,Transppass,80016 ,GED7A52 ,Padron ,2023,P8,0.001112,2.6e-05
AR9 ,Transppass,80015 ,GBA2F72 ,Padron ,2023,P8,0.001112,2.6e-05
AR9 ,Transppass,80014 ,GKF2E34 ,Padron ,2023,P8,0.001112,2.6e-05
AR9 ,Transppass,80034 ,GDP8A32 ,Padron ,2023,P8,0.001112,2.6e-05
D6 ,Allibus,45420 ,GCZ1E81 ,Miniônibus ,2023,P8,0.001112,2.6e-05
AR9 ,Transppass,80036 ,GCN8B06 ,Padron ,2023,P8,0.001112,2.6e-05
AR9 ,Transppass,80040 ,GAP6E86 ,Padron ,2023,P8,0.001112,2.6e-05
E1 ,Brigida,11908 ,GGF6D54 ,Padron ,2023,P8,0.001112,2.6e-05
AR9 ,Transppass,80070 ,GDU9G85 ,Padron ,2023,P8,0.001112,2.6e-05
D6 ,Allibus,45418 ,GEX5I83 ,Miniônibus ,2023,P8,0.001112,2.6e-05
D6 ,Allibus,45419 ,FGX8A46 ,Midiônibus ,2023,P8,0.001112,2.6e-05
AR9 ,Transppass,80069 ,GDL3I84 ,Padron ,2023,P8,0.001112,2.6e-05
AR9 ,Transppass,80068 ,GEK7C94 ,Padron ,2023,P8,0.001112,2.6e-05
AR9 ,Transppass,80067 ,GDS8J32 ,Padron ,2023,P8,0.001112,2.6e-05
AR9 ,Transppass,80066 ,GJW5A14 ,Padron ,2023,P8,0.001112,2.6e-05
AR9 ,Transppass,80065 ,GHK4C65 ,Padron ,2023,P8,0.001112,2.6e-05
AR9 ,Transppass,80064 ,GGX6J44 ,Padron ,2023,P8,0.001112,2.6e-05
D6 ,Allibus,45416 ,GAU5C11 ,Midiônibus ,2023,P8,0.001112,2.6e-05
AR9 ,Transppass,80063 ,GDH6J86 ,Padron ,2023,P8,0.001112,2.6e-05
AR9 ,Transppass,80061 ,GEP5F63 ,Padron ,2023,P8,0.001112,2.6e-05
AR9 ,Transppass,80060 ,GIQ2E36 ,Padron ,2023,P8,0.001112,2.6e-05
AR9 ,Transppass,80059 ,GHI7D13 ,Padron ,2023,P8,0.001112,2.6e-05
AR9 ,Transppass,80058 ,GDT4H23 ,Padron ,2023,P8,0.001112,2.6e-05
AR9 ,Transppass,80056 ,GGR1C46 ,Padron ,2023,P8,0.001112,2.6e-05
D6 ,Allibus,45122 ,GDE5E75 ,Midiônibus ,2023,P8,0.001112,2.6e-05
D6 ,Allibus,45120 ,DEU7H65 ,Miniônibus ,2023,P8,0.001112,2.6e-05
AR9 ,Transppass,80050 ,GFA5B92 ,Padron ,2023,P8,0.001112,2.6e-05
D6 ,Allibus,45119 ,GII8C21 ,Miniônibus ,2023,P8,0.001112,2.6e-05
D6 ,Allibus,45116 ,GFM1E71 ,Midiônibus ,2023,P8,0.001112,2.6e-05
AR9 ,Transppass,80062 ,GES6G91 ,Padron ,2023,P8,0.001112,2.6e-05
D6 ,Allibus,45474 ,GGU3J85 ,Midiônibus ,2023,P8,0.001112,2.6e-05
D8 ,Movebuss,55453 ,EMA5G03 ,Midiônibus ,2023,P8,0.001112,2.6e-05
D8 ,Movebuss,55440 ,FMY3A93 ,Midiônibus ,2023,P8,0.001112,2.6e-05
AR6 ,Mobibrasil,64301 ,ESP6G42 ,Padron ,2023,P8,0.001112,2.6e-05
AR6 ,Mobibrasil,64302 ,FSC9J72 ,Padron ,2023,P8,0.001112,2.6e-05
AR6 ,Mobibrasil,64303 ,FCK2A32 ,Padron ,2023,P8,0.001112,2.6e-05
AR6 ,Mobibrasil,64304 ,GAM8D46 ,Padron ,2023,P8,0.001112,2.6e-05
AR6 ,Mobibrasil,64683 ,DTT8G92 ,Padron ,2023,P8,0.001112,2.6e-05
AR6 ,Mobibrasil,64684 ,FUR7E43 ,Padron ,2023,P8,0.001112,2.6e-05
AR6 ,Mobibrasil,64685 ,FPL4B23 ,Padron ,2023,P8,0.001112,2.6e-05
AR6 ,Mobibrasil,64686 ,ESX0G84 ,Padron ,2023,P8,0.001112,2.6e-05
AR6 ,Mobibrasil,64687 ,FTP3H75 ,Padron ,2023,P8,0.001112,2.6e-05
AR2 ,Sambaiba,22253 ,EBL2A53 ,Padron ,2023,P8,0.001112,2.6e-05
AR2 ,Sambaiba,22254 ,CUC2A54 ,Padron ,2023,P8,0.001112,2.6e-05
AR2 ,Sambaiba,22563 ,CQU5A63 ,Padron ,2023,P8,0.001112,2.6e-05
AR2 ,Sambaiba,22564 ,DKU5A64 ,Padron ,2023,P8,0.001112,2.6e-05
AR2 ,Sambaiba,22565 ,FCU5A65 ,Padron ,2023,P8,0.001112,2.6e-05
AR2 ,Sambaiba,22566 ,CUJ5A66 ,Padron ,2023,P8,0.001112,2.6e-05
AR2 ,Sambaiba,22567 ,CUY5A67 ,Padron ,2023,P8,0.001112,2.6e-05
AR2 ,Sambaiba,22568 ,CUQ5A68 ,Padron ,2023,P8,0.001112,2.6e-05
AR2 ,Sambaiba,22569 ,CUQ5A69 ,Padron ,2023,P8,0.001112,2.6e-05
AR2 ,Sambaiba,22570 ,CUR5A70 ,Padron ,2023,P8,0.001112,2.6e-05
AR6 ,Mobibrasil,64300 ,EQY9I52 ,Padron ,2023,P8,0.001112,2.6e-05
AR2 ,Sambaiba,22571 ,DRE5A71 ,Padron ,2023,P8,0.001112,2.6e-05
AR6 ,Mobibrasil,64299 ,EQI9J22 ,Padron ,2023,P8,0.001112,2.6e-05
AR6 ,Mobibrasil,64295 ,ENZ6F01 ,Padron ,2023,P8,0.001112,2.6e-05
E7 ,Metropole,73015 ,GII8B85 ,Articulado ,2023,P8,0.001112,2.6e-05
E7 ,Metropole,73014 ,GGW9I14 ,Articulado ,2023,P8,0.001112,2.6e-05
E7 ,Metropole,73013 ,GBF4D64 ,Articulado ,2023,P8,0.001112,2.6e-05
E7 ,Metropole,73012 ,GJO6D65 ,Articulado ,2023,P8,0.001112,2.6e-05
E7 ,Metropole,73011 ,GFU9G46 ,Articulado ,2023,P8,0.001112,2.6e-05
E7 ,Metropole,73010 ,GEZ1F34 ,Articulado ,2023,P8,0.001112,2.6e-05
E7 ,Metropole,73009 ,GBV3J85 ,Articulado ,2023,P8,0.001112,2.6e-05
E7 ,Metropole,73008 ,GJN0C96 ,Articulado ,2023,P8,0.001112,2.6e-05
E7 ,Metropole,73007 ,GBK7I85 ,Articulado ,2023,P8,0.001112,2.6e-05
E7 ,Metropole,73006 ,GDX6H64 ,Articulado ,2023,P8,0.001112,2.6e-05
E7 ,Metropole,73005 ,GGA9E52 ,Articulado ,2023,P8,0.001112,2.6e-05
E7 ,Metropole,73004 ,GGN2D12 ,Articulado ,2023,P8,0.001112,2.6e-05
E7 ,Metropole,73003 ,GCD6C73 ,Articulado ,2023,P8,0.001112,2.6e-05
E7 ,Metropole,73002 ,GJS3G56 ,Articulado ,2023,P8,0.001112,2.6e-05
E7 ,Metropole,73001 ,GJE8D63 ,Articulado ,2023,P8,0.001112,2.6e-05
E5 ,Mobibrasil,63688 ,GBF0G24 ,Padron ,2023,P8,0.001112,2.6e-05
E5 ,Mobibrasil,63689 ,GDF8J35 ,Padron ,2023,P8,0.001112,2.6e-05
AR6 ,Mobibrasil,64293 ,GHG3G11 ,Padron ,2023,P8,0.001112,2.6e-05
AR6 ,Mobibrasil,64294 ,GFW2I41 ,Padron ,2023,P8,0.001112,2.6e-05
AR6 ,Mobibrasil,64296 ,ENU1E61 ,Padron ,2023,P8,0.001112,2.6e-05
E7 ,Metropole,73016 ,GBW4H64 ,Articulado ,2023,P8,0.001112,2.6e-05
AR2 ,Sambaiba,22572 ,DGY5A72 ,Padron ,2023,P8,0.001112,2.6e-05
AR2 ,Sambaiba,22574 ,DPS5A74 ,Padron ,2023,P8,0.001112,2.6e-05
AR2 ,Sambaiba,22598 ,CUY5A98 ,Padron ,2023,P8,0.001112,2.6e-05
AR2 ,Sambaiba,22599 ,FIN4A32 ,Padron ,2023,P8,0.001112,2.6e-05
AR2 ,Sambaiba,22600 ,COP6A01 ,Padron ,2023,P8,0.001112,2.6e-05
AR2 ,Sambaiba,22601 ,DAJ6A01 ,Padron ,2023,P8,0.001112,2.6e-05
AR2 ,Sambaiba,22602 ,DOU6A02 ,Padron ,2023,P8,0.001112,2.6e-05
AR2 ,Sambaiba,22603 ,CUN6A03 ,Padron ,2023,P8,0.001112,2.6e-05
AR2 ,Sambaiba,22604 ,EZU6A04 ,Padron ,2023,P8,0.001112,2.6e-05
AR2 ,Sambaiba,22605 ,FTE6A05 ,Padron ,2023,P8,0.001112,2.6e-05
AR2 ,Sambaiba,22606 ,CUS6A06 ,Padron ,2023,P8,0.001112,2.6e-05
AR2 ,Sambaiba,22607 ,CUQ6A07 ,Padron ,2023,P8,0.001112,2.6e-05
AR2 ,Sambaiba,22608 ,CUX6A08 ,Padron ,2023,P8,0.001112,2.6e-05
AR2 ,Sambaiba,22609 ,CUP6A09 ,Padron ,2023,P8,0.001112,2.6e-05
AR2 ,Sambaiba,22622 ,CUN6A22 ,Padron ,2023,P8,0.001112,2.6e-05
AR2 ,Sambaiba,22623 ,DBS6A23 ,Padron ,2023,P8,0.001112,2.6e-05
AR2 ,Sambaiba,22624 ,DCU6A24 ,Padron ,2023,P8,0.001112,2.6e-05
AR2 ,Sambaiba,22625 ,FUA6A25 ,Padron ,2023,P8,0.001112,2.6e-05
AR2 ,Sambaiba,22626 ,FXA6A26 ,Padron ,2023,P8,0.001112,2.6e-05
AR2 ,Sambaiba,22627 ,CUQ6A27 ,Padron ,2023,P8,0.001112,2.6e-05
AR2 ,Sambaiba,22628 ,CZB6A28 ,Padron ,2023,P8,0.001112,2.6e-05
AR2 ,Sambaiba,22597 ,CZQ5A97 ,Padron ,2023,P8,0.001112,2.6e-05
AR2 ,Sambaiba,22573 ,EHR5A73 ,Padron ,2023,P8,0.001112,2.6e-05
AR2 ,Sambaiba,22596 ,CUP5A96 ,Padron ,2023,P8,0.001112,2.6e-05
AR2 ,Sambaiba,22594 ,CUB5A94 ,Padron ,2023,P8,0.001112,2.6e-05
AR2 ,Sambaiba,22575 ,FUP5A75 ,Padron ,2023,P8,0.001112,2.6e-05
AR2 ,Sambaiba,22576 ,GDH5A76 ,Padron ,2023,P8,0.001112,2.6e-05
AR2 ,Sambaiba,22577 ,CUU5A77 ,Padron ,2023,P8,0.001112,2.6e-05
AR2 ,Sambaiba,22578 ,CUQ5A78 ,Padron ,2023,P8,0.001112,2.6e-05
AR2 ,Sambaiba,22579 ,CUQ5A79 ,Padron ,2023,P8,0.001112,2.6e-05
AR2 ,Sambaiba,22580 ,CUO5A80 ,Padron ,2023,P8,0.001112,2.6e-05
AR2 ,Sambaiba,22581 ,DTC5A81 ,Padron ,2023,P8,0.001112,2.6e-05
AR2 ,Sambaiba,22582 ,DIV5A82 ,Padron ,2023,P8,0.001112,2.6e-05
AR2 ,Sambaiba,22583 ,DTQ5A83 ,Padron ,2023,P8,0.001112,2.6e-05
AR2 ,Sambaiba,22584 ,CUI5A84 ,Padron ,2023,P8,0.001112,2.6e-05
AR2 ,Sambaiba,22585 ,EVW5A85 ,Padron ,2023,P8,0.001112,2.6e-05
AR2 ,Sambaiba,22586 ,CVV5A86 ,Padron ,2023,P8,0.001112,2.6e-05
AR2 ,Sambaiba,22587 ,CUX5A87 ,Padron ,2023,P8,0.001112,2.6e-05
AR2 ,Sambaiba,22588 ,CUW5A88 ,Padron ,2023,P8,0.001112,2.6e-05
AR2 ,Sambaiba,22589 ,CUV5A89 ,Padron ,2023,P8,0.001112,2.6e-05
AR2 ,Sambaiba,22590 ,CUX5A90 ,Padron ,2023,P8,0.001112,2.6e-05
AR2 ,Sambaiba,22591 ,CMZ5A91 ,Padron ,2023,P8,0.001112,2.6e-05
AR2 ,Sambaiba,22592 ,CJH5A92 ,Padron ,2023,P8,0.001112,2.6e-05
AR2 ,Sambaiba,22593 ,DDW5A93 ,Padron ,2023,P8,0.001112,2.6e-05
AR2 ,Sambaiba,22595 ,CKU5A95 ,Padron ,2023,P8,0.001112,2.6e-05
AR2 ,Sambaiba,22629 ,CUU6A29 ,Padron ,2023,P8,0.001112,2.6e-05
E7 ,Metropole,73017 ,GCW6B45 ,Articulado ,2023,P8,0.001112,2.6e-05
E7 ,Metropole,73020 ,GIR3I75 ,Articulado ,2023,P8,0.001112,2.6e-05
E2 ,Sambaiba,21026 ,CUN0E26 ,Padron ,2023,P8,0.001112,2.6e-05
E2 ,Sambaiba,21027 ,CUO0E27 ,Padron ,2023,P8,0.001112,2.6e-05
E2 ,Sambaiba,21028 ,CUW0E28 ,Padron ,2023,P8,0.001112,2.6e-05
E2 ,Sambaiba,21029 ,CUW0E29 ,Padron ,2023,P8,0.001112,2.6e-05
E2 ,Sambaiba,21030 ,CUV0E30 ,Padron ,2023,P8,0.001112,2.6e-05
E2 ,Sambaiba,21031 ,CQU0E31 ,Padron ,2023,P8,0.001112,2.6e-05
E2 ,Sambaiba,21032 ,DPG0E32 ,Padron ,2023,P8,0.001112,2.6e-05
E2 ,Sambaiba,21033 ,FNY0E33 ,Padron ,2023,P8,0.001112,2.6e-05
E2 ,Sambaiba,21034 ,EOI0E34 ,Padron ,2023,P8,0.001112,2.6e-05
E2 ,Sambaiba,21035 ,EZX0E35 ,Padron ,2023,P8,0.001112,2.6e-05
E2 ,Sambaiba,21036 ,FKX0E36 ,Padron ,2023,P8,0.001112,2.6e-05
E2 ,Sambaiba,21037 ,CUS0E37 ,Padron ,2023,P8,0.001112,2.6e-05
E2 ,Sambaiba,21038 ,CUV0E38 ,Padron ,2023,P8,0.001112,2.6e-05
E2 ,Sambaiba,21039 ,CUV0E39 ,Padron ,2023,P8,0.001112,2.6e-05
E2 ,Sambaiba,21040 ,CUY0E40 ,Padron ,2023,P8,0.001112,2.6e-05
E2 ,Sambaiba,21041 ,CUN0E41 ,Padron ,2023,P8,0.001112,2.6e-05
E2 ,Sambaiba,21042 ,DFM0E42 ,Padron ,2023,P8,0.001112,2.6e-05
E3 ,Metropole,31776 ,GFK4D65 ,Padron ,2023,P8,0.001112,2.6e-05
E3 ,Metropole,31775 ,GDU2G86 ,Padron ,2023,P8,0.001112,2.6e-05
E2 ,Sambaiba,21025 ,CUG0E25 ,Padron ,2023,P8,0.001112,2.6e-05
E3 ,Metropole,31774 ,GDC7G43 ,Padron ,2023,P8,0.001112,2.6e-05
E2 ,Sambaiba,21024 ,DCM0E24 ,Padron ,2023,P8,0.001112,2.6e-05
E2 ,Sambaiba,21022 ,CUO8A69 ,Padron ,2023,P8,0.001112,2.6e-05
E2 ,Sambaiba,21003 ,CUH0E03 ,Padron ,2023,P8,0.001112,2.6e-05
E2 ,Sambaiba,21004 ,CUH0E04 ,Padron ,2023,P8,0.001112,2.6e-05
E2 ,Sambaiba,21005 ,CUM0E25 ,Padron ,2023,P8,0.001112,2.6e-05
E2 ,Sambaiba,21006 ,CUL0E06 ,Padron ,2023,P8,0.001112,2.6e-05
E2 ,Sambaiba,21007 ,CUY0E07 ,Padron ,2023,P8,0.001112,2.6e-05
E2 ,Sambaiba,21008 ,GAY0E08 ,Padron ,2023,P8,0.001112,2.6e-05
E2 ,Sambaiba,21009 ,CUX0E09 ,Padron ,2023,P8,0.001112,2.6e-05
E2 ,Sambaiba,21010 ,CUX0E10 ,Padron ,2023,P8,0.001112,2.6e-05
E2 ,Sambaiba,21011 ,EOY0E11 ,Padron ,2023,P8,0.001112,2.6e-05
E2 ,Sambaiba,21012 ,BKU0E12 ,Padron ,2023,P8,0.001112,2.6e-05
E2 ,Sambaiba,21013 ,CUK0E13 ,Padron ,2023,P8,0.001112,2.6e-05
E2 ,Sambaiba,21014 ,FJY0E14 ,Padron ,2023,P8,0.001112,2.6e-05
E2 ,Sambaiba,21015 ,FXZ0E15 ,Padron ,2023,P8,0.001112,2.6e-05
E2 ,Sambaiba,21016 ,CUO0E16 ,Padron ,2023,P8,0.001112,2.6e-05
E2 ,Sambaiba,21017 ,CUO0E17 ,Padron ,2023,P8,0.001112,2.6e-05
E2 ,Sambaiba,21018 ,CUW0E18 ,Padron ,2023,P8,0.001112,2.6e-05
E2 ,Sambaiba,21019 ,CUR0E19 ,Padron ,2023,P8,0.001112,2.6e-05
E2 ,Sambaiba,21020 ,CUV0E20 ,Padron ,2023,P8,0.001112,2.6e-05
E2 ,Sambaiba,21021 ,CUI0E21 ,Padron ,2023,P8,0.001112,2.6e-05
E2 ,Sambaiba,21023 ,ELU0E23 ,Padron ,2023,P8,0.001112,2.6e-05
E7 ,Metropole,73019 ,GHQ8J62 ,Articulado ,2023,P8,0.001112,2.6e-05
E3 ,Metropole,31773 ,GDG3I16 ,Padron ,2023,P8,0.001112,2.6e-05
E3 ,Metropole,31771 ,GKF6A45 ,Padron ,2023,P8,0.001112,2.6e-05
E5 ,Mobibrasil,63112 ,FMZ2H62 ,Articulado ,2023,P8,0.001112,2.6e-05
E5 ,Mobibrasil,63113 ,FXW0D63 ,Articulado ,2023,P8,0.001112,2.6e-05
E5 ,Mobibrasil,63114 ,FHQ9F12 ,Articulado ,2023,P8,0.001112,2.6e-05
E5 ,Mobibrasil,63115 ,FQJ1E71 ,Articulado ,2023,P8,0.001112,2.6e-05
E3 ,Metropole,31676 ,GDS7C85 ,Padron ,2023,P8,0.001112,2.6e-05
E3 ,Metropole,31675 ,GJH9H66 ,Padron ,2023,P8,0.001112,2.6e-05
E3 ,Metropole,31674 ,GDE9H76 ,Padron ,2023,P8,0.001112,2.6e-05
E3 ,Metropole,31673 ,GJO8A65 ,Padron ,2023,P8,0.001112,2.6e-05
E3 ,Metropole,31672 ,GDJ7I64 ,Padron ,2023,P8,0.001112,2.6e-05
E3 ,Metropole,31671 ,GEW5I45 ,Padron ,2023,P8,0.001112,2.6e-05
E3 ,Metropole,31670 ,GDX0B95 ,Padron ,2023,P8,0.001112,2.6e-05
E3 ,Metropole,31669 ,GEA6D95 ,Padron ,2023,P8,0.001112,2.6e-05
E5 ,Mobibrasil,63297 ,GKC2I41 ,Padron ,2023,P8,0.001112,2.6e-05
E5 ,Mobibrasil,63298 ,EBC8F41 ,Padron ,2023,P8,0.001112,2.6e-05
D2 ,Norte Buss,26543 ,FZW3F73 ,Miniônibus ,2023,P8,0.001112,2.6e-05
D2 ,Norte Buss,26495 ,FSQ0B45 ,Miniônibus ,2023,P8,0.001112,2.6e-05
D2 ,Norte Buss,26494 ,GCX8J04 ,Miniônibus ,2023,P8,0.001112,2.6e-05
D2 ,Norte Buss,26491 ,FFM4G13 ,Miniônibus ,2023,P8,0.001112,2.6e-05
E7 ,Metropole,73021 ,GFI3J25 ,Articulado ,2023,P8,0.001112,2.6e-05
E5 ,Mobibrasil,63111 ,FWP0C86 ,Articulado ,2023,P8,0.001112,2.6e-05
E3 ,Metropole,31772 ,GJE9C36 ,Padron ,2023,P8,0.001112,2.6e-05
E5 ,Mobibrasil,63110 ,FYK4G75 ,Articulado ,2023,P8,0.001112,2.6e-05
E5 ,Mobibrasil,63108 ,DWO9I42 ,Articulado ,2023,P8,0.001112,2.6e-05
E3 ,Metropole,31770 ,GKE6E04 ,Padron ,2023,P8,0.001112,2.6e-05
E3 ,Metropole,31769 ,GFI6H35 ,Padron ,2023,P8,0.001112,2.6e-05
E3 ,Metropole,31768 ,GJZ5B96 ,Padron ,2023,P8,0.001112,2.6e-05
E3 ,Metropole,31767 ,GJY4I26 ,Padron ,2023,P8,0.001112,2.6e-05
E3 ,Metropole,31766 ,GHV3C74 ,Padron ,2023,P8,0.001112,2.6e-05
E3 ,Metropole,31765 ,GHJ7I25 ,Padron ,2023,P8,0.001112,2.6e-05
E3 ,Metropole,31764 ,GIE0G54 ,Padron ,2023,P8,0.001112,2.6e-05
E3 ,Metropole,31763 ,GDY7A66 ,Padron ,2023,P8,0.001112,2.6e-05
E3 ,Metropole,31762 ,GCU4J63 ,Padron ,2023,P8,0.001112,2.6e-05
E3 ,Metropole,31761 ,GHW9I25 ,Padron ,2023,P8,0.001112,2.6e-05
E3 ,Metropole,31760 ,GHU6I06 ,Padron ,2023,P8,0.001112,2.6e-05
E3 ,Metropole,31759 ,GDR2E93 ,Padron ,2023,P8,0.001112,2.6e-05
E3 ,Metropole,31758 ,GJJ9J54 ,Padron ,2023,P8,0.001112,2.6e-05
E3 ,Metropole,31757 ,GJM4I86 ,Padron ,2023,P8,0.001112,2.6e-05
E3 ,Metropole,31756 ,GDM7G56 ,Padron ,2023,P8,0.001112,2.6e-05
E3 ,Metropole,31755 ,GGZ4C86 ,Padron ,2023,P8,0.001112,2.6e-05
E3 ,Metropole,31754 ,GKH2J56 ,Padron ,2023,P8,0.001112,2.6e-05
E3 ,Metropole,31753 ,GJN8F95 ,Padron ,2023,P8,0.001112,2.6e-05
E5 ,Mobibrasil,63107 ,CTH6H02 ,Articulado ,2023,P8,0.001112,2.6e-05
E5 ,Mobibrasil,63109 ,FUQ3G14 ,Articulado ,2023,P8,0.001112,2.6e-05
AR2 ,Sambaiba,22630 ,CUQ6A30 ,Padron ,2023,P8,0.001112,2.6e-05
AR2 ,Sambaiba,22631 ,CUM6A31 ,Padron ,2023,P8,0.001112,2.6e-05
AR2 ,Sambaiba,22632 ,CUM6A32 ,Padron ,2023,P8,0.001112,2.6e-05
AR2 ,Sambaiba,22727 ,CUO7A27 ,Padron ,2023,P8,0.001112,2.6e-05
AR2 ,Sambaiba,22728 ,CUX7A28 ,Padron ,2023,P8,0.001112,2.6e-05
AR2 ,Sambaiba,22729 ,CUV7A29 ,Padron ,2023,P8,0.001112,2.6e-05
AR2 ,Sambaiba,22730 ,CUV7A30 ,Padron ,2023,P8,0.001112,2.6e-05
AR2 ,Sambaiba,22882 ,CUI8A62 ,Padron ,2023,P8,0.001112,2.6e-05
AR2 ,Sambaiba,22881 ,CUC8A81 ,Padron ,2023,P8,0.001112,2.6e-05
D9 ,A2,68367 ,GBQ6B42 ,Midiônibus ,2023,P8,0.001112,2.6e-05
AR2 ,Sambaiba,22880 ,DAI8A81 ,Padron ,2023,P8,0.001112,2.6e-05
AR2 ,Sambaiba,22879 ,CUQ8A79 ,Padron ,2023,P8,0.001112,2.6e-05
AR2 ,Sambaiba,22878 ,CUV8A78 ,Padron ,2023,P8,0.001112,2.6e-05
AR2 ,Sambaiba,22877 ,CUO8A77 ,Padron ,2023,P8,0.001112,2.6e-05
AR2 ,Sambaiba,22876 ,CUO8A76 ,Padron ,2023,P8,0.001112,2.6e-05
AR2 ,Sambaiba,22875 ,CUO8A75 ,Padron ,2023,P8,0.001112,2.6e-05
AR2 ,Sambaiba,22874 ,GAI8E25 ,Padron ,2023,P8,0.001112,2.6e-05
AR2 ,Sambaiba,22873 ,CUK8A73 ,Padron ,2023,P8,0.001112,2.6e-05
AR2 ,Sambaiba,22872 ,CUC8A72 ,Padron ,2023,P8,0.001112,2.6e-05
AR2 ,Sambaiba,22871 ,CUK8A71 ,Padron ,2023,P8,0.001112,2.6e-05
AR2 ,Sambaiba,22870 ,CUO8A70 ,Padron ,2023,P8,0.001112,2.6e-05
AR2 ,Sambaiba,22869 ,CUQ8A69 ,Padron ,2023,P8,0.001112,2.6e-05
AR2 ,Sambaiba,22726 ,CUL7A26 ,Padron ,2023,P8,0.001112,2.6e-05
AR2 ,Sambaiba,22868 ,CUW8A68 ,Padron ,2023,P8,0.001112,2.6e-05
AR2 ,Sambaiba,22725 ,GGN7A25 ,Padron ,2023,P8,0.001112,2.6e-05
AR2 ,Sambaiba,22724 ,DGY7A24 ,Padron ,2023,P8,0.001112,2.6e-05
AR2 ,Sambaiba,22895 ,CUO8A95 ,Padron ,2023,P8,0.001112,2.6e-05
AR2 ,Sambaiba,22894 ,CUG8A94 ,Padron ,2023,P8,0.001112,2.6e-05
AR2 ,Sambaiba,22893 ,CUC8A93 ,Padron ,2023,P8,0.001112,2.6e-05
AR2 ,Sambaiba,22892 ,CUN8A92 ,Padron ,2023,P8,0.001112,2.6e-05
AR2 ,Sambaiba,22891 ,CUK8A91 ,Padron ,2023,P8,0.001112,2.6e-05
AR2 ,Sambaiba,22717 ,CUO7A17 ,Padron ,2023,P8,0.001112,2.6e-05
AR2 ,Sambaiba,22890 ,CUU8A90 ,Padron ,2023,P8,0.001112,2.6e-05
AR2 ,Sambaiba,22889 ,CUO8A89 ,Padron ,2023,P8,0.001112,2.6e-05
AR2 ,Sambaiba,22718 ,CUT7A18 ,Padron ,2023,P8,0.001112,2.6e-05
AR2 ,Sambaiba,22888 ,CUO8A87 ,Padron ,2023,P8,0.001112,2.6e-05
AR2 ,Sambaiba,22719 ,CUQ7A19 ,Padron ,2023,P8,0.001112,2.6e-05
AR2 ,Sambaiba,22720 ,CUR7A20 ,Padron ,2023,P8,0.001112,2.6e-05
AR2 ,Sambaiba,22887 ,CUV8A87 ,Padron ,2023,P8,0.001112,2.6e-05
AR2 ,Sambaiba,22721 ,CSH7A21 ,Padron ,2023,P8,0.001112,2.6e-05
AR2 ,Sambaiba,22886 ,CUQ8A86 ,Padron ,2023,P8,0.001112,2.6e-05
AR2 ,Sambaiba,22885 ,CUQ8A85 ,Padron ,2023,P8,0.001112,2.6e-05
AR2 ,Sambaiba,22884 ,CUL8A84 ,Padron ,2023,P8,0.001112,2.6e-05
AR2 ,Sambaiba,22722 ,CUI7A22 ,Padron ,2023,P8,0.001112,2.6e-05
AR2 ,Sambaiba,22723 ,ELO7A23 ,Padron ,2023,P8,0.001112,2.6e-05
AR2 ,Sambaiba,22883 ,CUN8A83 ,Padron ,2023,P8,0.001112,2.6e-05
AR2 ,Sambaiba,22896 ,CUO8A96 ,Padron ,2023,P8,0.001112,2.6e-05
AR2 ,Sambaiba,22867 ,CUO8A67 ,Padron ,2023,P8,0.001112,2.6e-05
AR2 ,Sambaiba,22865 ,EXJ8A65 ,Padron ,2023,P8,0.001112,2.6e-05
AR2 ,Sambaiba,22846 ,CVT8A46 ,Padron ,2023,P8,0.001112,2.6e-05
AR2 ,Sambaiba,22845 ,CWG8A45 ,Padron ,2023,P8,0.001112,2.6e-05
AR2 ,Sambaiba,22844 ,EST8A44 ,Padron ,2023,P8,0.001112,2.6e-05
AR2 ,Sambaiba,22843 ,DEI8A43 ,Padron ,2023,P8,0.001112,2.6e-05
AR2 ,Sambaiba,22842 ,DCH8A42 ,Padron ,2023,P8,0.001112,2.6e-05
AR2 ,Sambaiba,22841 ,CRK8A41 ,Padron ,2023,P8,0.001112,2.6e-05
AR2 ,Sambaiba,22840 ,CUR8A40 ,Padron ,2023,P8,0.001112,2.6e-05
AR2 ,Sambaiba,22839 ,CUQ8A39 ,Padron ,2023,P8,0.001112,2.6e-05
D9 ,A2,68100 ,FUM7I81 ,Midiônibus ,2023,P8,0.001112,2.6e-05
AR2 ,Sambaiba,22838 ,CUY8A38 ,Padron ,2023,P8,0.001112,2.6e-05
AR2 ,Sambaiba,22837 ,CUU8A37 ,Padron ,2023,P8,0.001112,2.6e-05
AR2 ,Sambaiba,22836 ,CUO8A36 ,Padron ,2023,P8,0.001112,2.6e-05
AR2 ,Sambaiba,22835 ,CUO8A35 ,Padron ,2023,P8,0.001112,2.6e-05
AR2 ,Sambaiba,22834 ,CUK8A34 ,Padron ,2023,P8,0.001112,2.6e-05
AR2 ,Sambaiba,22833 ,FNU8A33 ,Padron ,2023,P8,0.001112,2.6e-05
D9 ,A2,68139 ,GDY5B11 ,Midiônibus ,2023,P8,0.001112,2.6e-05
D9 ,A2,68142 ,FXI4H51 ,Midiônibus ,2023,P8,0.001112,2.6e-05
D9 ,A2,68157 ,FVK5F21 ,Midiônibus ,2023,P8,0.001112,2.6e-05
D9 ,A2,68159 ,DIP8D54 ,Midiônibus ,2023,P8,0.001112,2.6e-05
AR2 ,Sambaiba,22847 ,CUP8A47 ,Padron ,2023,P8,0.001112,2.6e-05
AR2 ,Sambaiba,22866 ,CUO8A66 ,Padron ,2023,P8,0.001112,2.6e-05
AR2 ,Sambaiba,22848 ,CUQ8A48 ,Padron ,2023,P8,0.001112,2.6e-05
AR2 ,Sambaiba,22850 ,CUW8A50 ,Padron ,2023,P8,0.001112,2.6e-05
AR2 ,Sambaiba,22864 ,ECU8A64 ,Padron ,2023,P8,0.001112,2.6e-05
D9 ,A2,68011 ,EOV5J15 ,Midiônibus ,2023,P8,0.001112,2.6e-05
AR2 ,Sambaiba,22863 ,CUC8A63 ,Padron ,2023,P8,0.001112,2.6e-05
AR2 ,Sambaiba,22862 ,CUK8A62 ,Padron ,2023,P8,0.001112,2.6e-05
D9 ,A2,68014 ,FTE6F61 ,Midiônibus ,2023,P8,0.001112,2.6e-05
AR2 ,Sambaiba,22861 ,CUK8A61 ,Padron ,2023,P8,0.001112,2.6e-05
AR2 ,Sambaiba,22860 ,CUR8A60 ,Padron ,2023,P8,0.001112,2.6e-05
AR2 ,Sambaiba,22859 ,CUX8A59 ,Padron ,2023,P8,0.001112,2.6e-05
D9 ,A2,68023 ,EWC1D74 ,Midiônibus ,2023,P8,0.001112,2.6e-05
AR2 ,Sambaiba,22858 ,CUZ8A58 ,Padron ,2023,P8,0.001112,2.6e-05
AR2 ,Sambaiba,22857 ,CUV8A57 ,Padron ,2023,P8,0.001112,2.6e-05
AR2 ,Sambaiba,22856 ,CUS8A56 ,Padron ,2023,P8,0.001112,2.6e-05
AR2 ,Sambaiba,22855 ,DCU8A55 ,Padron ,2023,P8,0.001112,2.6e-05
AR2 ,Sambaiba,22854 ,DRH8A54 ,Padron ,2023,P8,0.001112,2.6e-05
D9 ,A2,68042 ,FIO2C64 ,Midiônibus ,2023,P8,0.001112,2.6e-05
AR2 ,Sambaiba,22853 ,DZH8A53 ,Padron ,2023,P8,0.001112,2.6e-05
D9 ,A2,68044 ,FOW1E31 ,Midiônibus ,2023,P8,0.001112,2.6e-05
AR2 ,Sambaiba,22852 ,CUM8A52 ,Padron ,2023,P8,0.001112,2.6e-05
AR2 ,Sambaiba,22851 ,DAE8A51 ,Padron ,2023,P8,0.001112,2.6e-05
AR2 ,Sambaiba,22849 ,CUX8A49 ,Padron ,2023,P8,0.001112,2.6e-05
AR2 ,Sambaiba,22716 ,FCY7A16 ,Padron ,2023,P8,0.001112,2.6e-05
AR2 ,Sambaiba,22897 ,CUO8A97 ,Padron ,2023,P8,0.001112,2.6e-05
AR2 ,Sambaiba,22898 ,CUO8A98 ,Padron ,2023,P8,0.001112,2.6e-05
AR2 ,Sambaiba,22669 ,CUQ6A69 ,Padron ,2023,P8,0.001112,2.6e-05
AR2 ,Sambaiba,22670 ,CUX6A70 ,Padron ,2023,P8,0.001112,2.6e-05
AR2 ,Sambaiba,22671 ,CKU6A71 ,Padron ,2023,P8,0.001112,2.6e-05
AR2 ,Sambaiba,22672 ,DMS6A72 ,Padron ,2023,P8,0.001112,2.6e-05
D9 ,A2,68672 ,GFP6A41 ,Midiônibus ,2023,P8,0.001112,2.6e-05
AR2 ,Sambaiba,22673 ,CUN6A73 ,Padron ,2023,P8,0.001112,2.6e-05
AR2 ,Sambaiba,22674 ,DEN6A74 ,Padron ,2023,P8,0.001112,2.6e-05
AR2 ,Sambaiba,22675 ,FYX6A75 ,Padron ,2023,P8,0.001112,2.6e-05
AR2 ,Sambaiba,22676 ,CUM6A76 ,Padron ,2023,P8,0.001112,2.6e-05
AR2 ,Sambaiba,22677 ,CUQ6A77 ,Padron ,2023,P8,0.001112,2.6e-05
AR2 ,Sambaiba,22678 ,CUY6A78 ,Padron ,2023,P8,0.001112,2.6e-05
AR2 ,Sambaiba,22679 ,CUQ6A79 ,Padron ,2023,P8,0.001112,2.6e-05
AR2 ,Sambaiba,22680 ,CUO6A80 ,Padron ,2023,P8,0.001112,2.6e-05
AR2 ,Sambaiba,22681 ,DGY6A81 ,Padron ,2023,P8,0.001112,2.6e-05
D9 ,A2,68609 ,FOW6H82 ,Midiônibus ,2023,P8,0.001112,2.6e-05
D9 ,A2,68608 ,EMT2B24 ,Midiônibus ,2023,P8,0.001112,2.6e-05
AR2 ,Sambaiba,22682 ,CQU6A82 ,Padron ,2023,P8,0.001112,2.6e-05
D9 ,A2,68602 ,FYB1B63 ,Midiônibus ,2023,P8,0.001112,2.6e-05
AR2 ,Sambaiba,22683 ,CUF6A83 ,Padron ,2023,P8,0.001112,2.6e-05
AR2 ,Sambaiba,22668 ,CUQ6A68 ,Padron ,2023,P8,0.001112,2.6e-05
AR2 ,Sambaiba,22684 ,CQU6A84 ,Padron ,2023,P8,0.001112,2.6e-05
AR2 ,Sambaiba,22667 ,CUQ6A67 ,Padron ,2023,P8,0.001112,2.6e-05
AR2 ,Sambaiba,22665 ,ELO6A65 ,Padron ,2023,P8,0.001112,2.6e-05
AR2 ,Sambaiba,22633 ,EFV6A33 ,Padron ,2023,P8,0.001112,2.6e-05
AR2 ,Sambaiba,22634 ,DWH6A34 ,Padron ,2023,P8,0.001112,2.6e-05
AR2 ,Sambaiba,22635 ,DSV6A35 ,Padron ,2023,P8,0.001112,2.6e-05
D9 ,A2,68876 ,FXB4C92 ,Midiônibus ,2023,P8,0.001112,2.6e-05
AR2 ,Sambaiba,22651 ,DAJ6A51 ,Padron ,2023,P8,0.001112,2.6e-05
AR2 ,Sambaiba,22652 ,DCB6A52 ,Padron ,2023,P8,0.001112,2.6e-05
AR2 ,Sambaiba,22653 ,ECU6A53 ,Padron ,2023,P8,0.001112,2.6e-05
AR2 ,Sambaiba,22654 ,DBU6A54 ,Padron ,2023,P8,0.001112,2.6e-05
AR2 ,Sambaiba,22655 ,EOC6A55 ,Padron ,2023,P8,0.001112,2.6e-05
AR2 ,Sambaiba,22656 ,CUN6A56 ,Padron ,2023,P8,0.001112,2.6e-05
AR2 ,Sambaiba,22657 ,CUO6A57 ,Padron ,2023,P8,0.001112,2.6e-05
AR2 ,Sambaiba,22658 ,CUP6A58 ,Padron ,2023,P8,0.001112,2.6e-05
AR2 ,Sambaiba,22659 ,CUP6A59 ,Padron ,2023,P8,0.001112,2.6e-05
AR2 ,Sambaiba,22660 ,BQB7H82 ,Padron ,2023,P8,0.001112,2.6e-05
AR2 ,Sambaiba,22661 ,CCU6A61 ,Padron ,2023,P8,0.001112,2.6e-05
AR2 ,Sambaiba,22662 ,DRO6A62 ,Padron ,2023,P8,0.001112,2.6e-05
D9 ,A2,68741 ,GEX1I51 ,Midiônibus ,2023,P8,0.001112,2.6e-05
AR2 ,Sambaiba,22663 ,ECU6A63 ,Padron ,2023,P8,0.001112,2.6e-05
AR2 ,Sambaiba,22664 ,DVX6A64 ,Padron ,2023,P8,0.001112,2.6e-05
AR2 ,Sambaiba,22666 ,FQI6A66 ,Padron ,2023,P8,0.001112,2.6e-05
AR2 ,Sambaiba,22685 ,CUN6A85 ,Padron ,2023,P8,0.001112,2.6e-05
AR2 ,Sambaiba,22686 ,CUJ6A86 ,Padron ,2023,P8,0.001112,2.6e-05
AR2 ,Sambaiba,22687 ,CVI6A87 ,Padron ,2023,P8,0.001112,2.6e-05
D10 ,Transwolff,66887 ,DQN2F81 ,eBásico ,2023,P8,0.001112,2.6e-05
AR2 ,Sambaiba,22710 ,CUX7A10 ,Padron ,2023,P8,0.001112,2.6e-05
AR2 ,Sambaiba,22711 ,COO7A11 ,Padron ,2023,P8,0.001112,2.6e-05
AR2 ,Sambaiba,22712 ,CDZ7A12 ,Padron ,2023,P8,0.001112,2.6e-05
AR2 ,Sambaiba,22713 ,DVT7A13 ,Padron ,2023,P8,0.001112,2.6e-05
AR2 ,Sambaiba,22714 ,CUN7A14 ,Padron ,2023,P8,0.001112,2.6e-05
D9 ,A2,68437 ,GAQ2D76 ,Midiônibus ,2023,P8,0.001112,2.6e-05
D9 ,A2,68436 ,FZD5G24 ,Midiônibus ,2023,P8,0.001112,2.6e-05
AR2 ,Sambaiba,22715 ,FZU7A15 ,Padron ,2023,P8,0.001112,2.6e-05
D9 ,A2,68433 ,FZK9E24 ,Midiônibus ,2023,P8,0.001112,2.6e-05
D9 ,A2,68432 ,FLD5J13 ,Midiônibus ,2023,P8,0.001112,2.6e-05
D9 ,A2,68431 ,GDW6D22 ,Midiônibus ,2023,P8,0.001112,2.6e-05
D9 ,A2,68427 ,FDB2B36 ,Midiônibus ,2023,P8,0.001112,2.6e-05
D9 ,A2,68426 ,FCA1I61 ,Midiônibus ,2023,P8,0.001112,2.6e-05
D9 ,A2,68425 ,FVT3F06 ,Midiônibus ,2023,P8,0.001112,2.6e-05
D9 ,A2,68424 ,ERA9D25 ,Midiônibus ,2023,P8,0.001112,2.6e-05
D9 ,A2,68423 ,BYZ5G91 ,Midiônibus ,2023,P8,0.001112,2.6e-05
AR2 ,Sambaiba,22899 ,CUO8A99 ,Padron ,2023,P8,0.001112,2.6e-05
AR2 ,Sambaiba,22709 ,CUV7A09 ,Padron ,2023,P8,0.001112,2.6e-05
AR2 ,Sambaiba,22708 ,CUR7A08 ,Padron ,2023,P8,0.001112,2.6e-05
AR2 ,Sambaiba,22707 ,FPP8E82 ,Padron ,2023,P8,0.001112,2.6e-05
AR2 ,Sambaiba,22706 ,CUO7A06 ,Padron ,2023,P8,0.001112,2.6e-05
D9 ,A2,68556 ,GAF2H21 ,Midiônibus ,2023,P8,0.001112,2.6e-05
AR2 ,Sambaiba,22688 ,CUQ6A88 ,Padron ,2023,P8,0.001112,2.6e-05
D9 ,A2,68551 ,FRC2H46 ,Midiônibus ,2023,P8,0.001112,2.6e-05
AR2 ,Sambaiba,22689 ,CZB6A89 ,Padron ,2023,P8,0.001112,2.6e-05
AR2 ,Sambaiba,22690 ,CUR6A90 ,Padron ,2023,P8,0.001112,2.6e-05
AR2 ,Sambaiba,22691 ,CUM6A91 ,Padron ,2023,P8,0.001112,2.6e-05
AR2 ,Sambaiba,22692 ,DBM6A92 ,Padron ,2023,P8,0.001112,2.6e-05
AR2 ,Sambaiba,22693 ,DEN6A93 ,Padron ,2023,P8,0.001112,2.6e-05
AR2 ,Sambaiba,22694 ,ELO6A94 ,Padron ,2023,P8,0.001112,2.6e-05
E2 ,Sambaiba,21002 ,CUK0E02 ,Padron ,2023,P8,0.001112,2.6e-05
AR2 ,Sambaiba,22695 ,EFF6A95 ,Padron ,2023,P8,0.001112,2.6e-05
AR2 ,Sambaiba,22697 ,CZM6A97 ,Padron ,2023,P8,0.001112,2.6e-05
AR2 ,Sambaiba,22698 ,CUO6A98 ,Padron ,2023,P8,0.001112,2.6e-05
AR2 ,Sambaiba,22699 ,CUQ6A99 ,Padron ,2023,P8,0.001112,2.6e-05
AR2 ,Sambaiba,22700 ,CUI7A01 ,Padron ,2023,P8,0.001112,2.6e-05
AR2 ,Sambaiba,22701 ,ELR7A01 ,Padron ,2023,P8,0.001112,2.6e-05
AR2 ,Sambaiba,22702 ,CUM7A02 ,Padron ,2023,P8,0.001112,2.6e-05
AR2 ,Sambaiba,22703 ,CUK7A03 ,Padron ,2023,P8,0.001112,2.6e-05
AR2 ,Sambaiba,22704 ,CQU7A04 ,Padron ,2023,P8,0.001112,2.6e-05
AR2 ,Sambaiba,22705 ,CUQ7A05 ,Padron ,2023,P8,0.001112,2.6e-05
AR2 ,Sambaiba,22696 ,GAY6A96 ,Padron ,2023,P8,0.001112,2.6e-05
E2 ,Sambaiba,21001 ,ETD0E01 ,Padron ,2023,P8,0.001112,2.6e-05
E7 ,Metropole,73018 ,GDH8J64 ,Articulado ,2023,P8,0.001112,2.6e-05
AR7 ,Nova Paineira,75303 ,DGY6C84 ,Articulado ,2023,P8,0.001112,2.6e-05
E3 ,Metropole,31924 ,GIW3H61 ,Articulado ,2023,P8,0.001112,2.6e-05
E6 ,Grajau,61594 ,GDW6J65 ,Articulado ,2023,P8,0.001112,2.6e-05
E6 ,Grajau,61593 ,FJH8G25 ,Articulado ,2023,P8,0.001112,2.6e-05
E6 ,Grajau,61591 ,GDJ9F05 ,Articulado ,2023,P8,0.001112,2.6e-05
E6 ,Grajau,61590 ,GBM9E75 ,Articulado ,2023,P8,0.001112,2.6e-05
E6 ,Grajau,61589 ,GDY4B56 ,Articulado ,2023,P8,0.001112,2.6e-05
E6 ,Grajau,61571 ,ENZ7D41 ,Articulado ,2023,P8,0.001112,2.6e-05
E6 ,Grajau,61572 ,BWJ7H82 ,Articulado ,2023,P8,0.001112,2.6e-05
E6 ,Grajau,61573 ,FHF1I23 ,Articulado ,2023,P8,0.001112,2.6e-05
E3 ,Metropole,31923 ,GJI0I65 ,Articulado ,2023,P8,0.001112,2.6e-05
E6 ,Grajau,61574 ,DTE1J94 ,Articulado ,2023,P8,0.001112,2.6e-05
E6 ,Grajau,61424 ,DHT5B46 ,Padron ,2023,P8,0.001112,2.6e-05
E6 ,Grajau,61582 ,FNH0A86 ,Articulado ,2023,P8,0.001112,2.6e-05
E6 ,Grajau,61584 ,GIE1G46 ,Articulado ,2023,P8,0.001112,2.6e-05
E6 ,Grajau,61585 ,GIM2H65 ,Articulado ,2023,P8,0.001112,2.6e-05
E6 ,Grajau,61586 ,GCT9B35 ,Articulado ,2023,P8,0.001112,2.6e-05
E6 ,Grajau,61587 ,GJW2E06 ,Articulado ,2023,P8,0.001112,2.6e-05
E6 ,Grajau,61588 ,EST7B15 ,Articulado ,2023,P8,0.001112,2.6e-05
E6 ,Grajau,61423 ,GIP2G16 ,Padron ,2023,P8,0.001112,2.6e-05
E6 ,Grajau,61422 ,GHY9A36 ,Padron ,2023,P8,0.001112,2.6e-05
E6 ,Grajau,61575 ,EJX9D15 ,Articulado ,2023,P8,0.001112,2.6e-05
E6 ,Grajau,61450 ,FPO9G05 ,Padron ,2023,P8,0.001112,2.6e-05
E3 ,Metropole,31922 ,GCQ0E72 ,Articulado ,2023,P8,0.001112,2.6e-05
E3 ,Metropole,31920 ,GHM9F94 ,Articulado ,2023,P8,0.001112,2.6e-05
E6 ,Grajau,61427 ,CUH7A15 ,Padron ,2023,P8,0.001112,2.6e-05
E6 ,Grajau,61426 ,CUM6A96 ,Padron ,2023,P8,0.001112,2.6e-05
E6 ,Grajau,61425 ,FIX3F06 ,Padron ,2023,P8,0.001112,2.6e-05
E3 ,Metropole,31932 ,GCX3G62 ,Articulado ,2023,P8,0.001112,2.6e-05
E3 ,Metropole,31931 ,GFT6H15 ,Articulado ,2023,P8,0.001112,2.6e-05
E3 ,Metropole,31930 ,GCD8H66 ,Articulado ,2023,P8,0.001112,2.6e-05
E3 ,Metropole,31928 ,GIW6B02 ,Articulado ,2023,P8,0.001112,2.6e-05
E3 ,Metropole,31927 ,GJH6G92 ,Articulado ,2023,P8,0.001112,2.6e-05
E3 ,Metropole,31926 ,GBO6I75 ,Articulado ,2023,P8,0.001112,2.6e-05
E3 ,Metropole,31921 ,GAJ0C43 ,Articulado ,2023,P8,0.001112,2.6e-05
E3 ,Metropole,31925 ,GDR9D62 ,Articulado ,2023,P8,0.001112,2.6e-05
E6 ,Grajau,61567 ,CCU5A95 ,Articulado ,2023,P8,0.001112,2.6e-05
E6 ,Grajau,61568 ,FPP8G36 ,Articulado ,2023,P8,0.001112,2.6e-05
E6 ,Grajau,61569 ,DCV5J31 ,Articulado ,2023,P8,0.001112,2.6e-05
E6 ,Grajau,61570 ,EOC4C52 ,Articulado ,2023,P8,0.001112,2.6e-05
D13 ,Alfa Rodobus,86610 ,TJC0I35 ,eBásico ,2023,P8,0.001112,2.6e-05
D13 ,Alfa Rodobus,86609 ,TJJ4E26 ,eBásico ,2023,P8,0.001112,2.6e-05
E3 ,Metropole,31917 ,GFZ4D02 ,Articulado ,2023,P8,0.001112,2.6e-05
E3 ,Metropole,31918 ,GEQ7F83 ,Articulado ,2023,P8,0.001112,2.6e-05
E3 ,Metropole,31919 ,GGR4F24 ,Articulado ,2023,P8,0.001112,2.6e-05
E6 ,Grajau,61566 ,FDL2E31 ,Articulado ,2023,P8,0.001112,2.6e-05
E6 ,Grajau,61428 ,FKZ9J21 ,Padron ,2023,P8,0.001112,2.6e-05
D13 ,Alfa Rodobus,86608 ,TKC4B78 ,eBásico ,2023,P8,0.001112,2.6e-05
E6 ,Grajau,61421 ,FRU4C56 ,Padron ,2023,P8,0.001112,2.6e-05
E6 ,Grajau,61400 ,GCA2F75 ,Padron ,2023,P8,0.001112,2.6e-05
E6 ,Grajau,61401 ,GGY0C85 ,Padron ,2023,P8,0.001112,2.6e-05
E6 ,Grajau,61402 ,GKH3E66 ,Padron ,2023,P8,0.001112,2.6e-05
E6 ,Grajau,61403 ,GGK4F26 ,Padron ,2023,P8,0.001112,2.6e-05
E6 ,Grajau,61404 ,GJL7F15 ,Padron ,2023,P8,0.001112,2.6e-05
E6 ,Grajau,61405 ,GAI7I15 ,Padron ,2023,P8,0.001112,2.6e-05
E6 ,Grajau,61406 ,GGC9I96 ,Padron ,2023,P8,0.001112,2.6e-05
E6 ,Grajau,61407 ,GHR4C16 ,Padron ,2023,P8,0.001112,2.6e-05
E6 ,Grajau,61419 ,FYH8J75 ,Padron ,2023,P8,0.001112,2.6e-05
E6 ,Grajau,61420 ,GCU1G76 ,Padron ,2023,P8,0.001112,2.6e-05
E6 ,Grajau,61408 ,GHA8H26 ,Padron ,2023,P8,0.001112,2.6e-05
E6 ,Grajau,61409 ,GIQ0F66 ,Padron ,2023,P8,0.001112,2.6e-05
E6 ,Grajau,61410 ,GJS4A15 ,Padron ,2023,P8,0.001112,2.6e-05
E6 ,Grajau,61411 ,GHQ3B45 ,Padron ,2023,P8,0.001112,2.6e-05
E6 ,Grajau,61412 ,GDB7C55 ,Padron ,2023,P8,0.001112,2.6e-05
E6 ,Grajau,61417 ,GJT6C45 ,Padron ,2023,P8,0.001112,2.6e-05
E6 ,Grajau,61413 ,GFL9A66 ,Padron ,2023,P8,0.001112,2.6e-05
E6 ,Grajau,61416 ,GGC9I25 ,Padron ,2023,P8,0.001112,2.6e-05
E6 ,Grajau,61415 ,GBV9I45 ,Padron ,2023,P8,0.001112,2.6e-05
E6 ,Grajau,61414 ,GGE9J65 ,Padron ,2023,P8,0.001112,2.6e-05
E6 ,Grajau,61418 ,GFN6I76 ,Padron ,2023,P8,0.001112,2.6e-05
D13 ,Alfa Rodobus,86607 ,TIZ5A86 ,eBásico ,2023,P8,0.001112,2.6e-05
E3 ,Metropole,31946 ,GFJ9G15 ,Articulado ,2023,P8,0.001112,2.6e-05
D13 ,Alfa Rodobus,86601 ,TJR2I17 ,eBásico ,2023,P8,0.001112,2.6e-05
D13 ,Alfa Rodobus,86606 ,TKA3I65 ,eBásico ,2023,P8,0.001112,2.6e-05
E6 ,Grajau,61451 ,GFS1F26 ,Padron ,2023,P8,0.001112,2.6e-05
E6 ,Grajau,61452 ,FXD6J86 ,Padron ,2023,P8,0.001112,2.6e-05
E6 ,Grajau,61453 ,FHR5I36 ,Padron ,2023,P8,0.001112,2.6e-05
E6 ,Grajau,61454 ,CUE7H46 ,Padron ,2023,P8,0.001112,2.6e-05
E6 ,Grajau,61455 ,EVW0F56 ,Padron ,2023,P8,0.001112,2.6e-05
E6 ,Grajau,61456 ,FXL6C06 ,Padron ,2023,P8,0.001112,2.6e-05
AR7 ,Nova Paineira,75306 ,FPI5F21 ,Articulado ,2023,P8,0.001112,2.6e-05
D13 ,Alfa Rodobus,86605 ,TIY0J71 ,eBásico ,2023,P8,0.001112,2.6e-05
E3 ,Metropole,31945 ,GHN1C15 ,Articulado ,2023,P8,0.001112,2.6e-05
D13 ,Alfa Rodobus,86604 ,TJV1B53 ,eBásico ,2023,P8,0.001112,2.6e-05
AR7 ,Nova Paineira,75307 ,FHD8G25 ,Articulado ,2023,P8,0.001112,2.6e-05
D13 ,Alfa Rodobus,86602 ,TJL4C54 ,eBásico ,2023,P8,0.001112,2.6e-05
AR7 ,Nova Paineira,75308 ,GDK4E26 ,Articulado ,2023,P8,0.001112,2.6e-05
AR7 ,Nova Paineira,75309 ,FQM9G32 ,Articulado ,2023,P8,0.001112,2.6e-05
E3 ,Metropole,31941 ,GHJ2G95 ,Articulado ,2023,P8,0.001112,2.6e-05
AR7 ,Nova Paineira,75302 ,DKH1E71 ,Articulado ,2023,P8,0.001112,2.6e-05
E3 ,Metropole,31942 ,GDI4G53 ,Articulado ,2023,P8,0.001112,2.6e-05
E3 ,Metropole,31943 ,GHF6C94 ,Articulado ,2023,P8,0.001112,2.6e-05
E3 ,Metropole,31944 ,GHG9D54 ,Articulado ,2023,P8,0.001112,2.6e-05
D13 ,Alfa Rodobus,86603 ,FOH3A42 ,eBásico ,2023,P8,0.001112,2.6e-05
E6 ,Grajau,61429 ,DSW3D61 ,Padron ,2023,P8,0.001112,2.6e-05
E3 ,Metropole,31929 ,GBA7I81 ,Articulado ,2023,P8,0.001112,2.6e-05
E6 ,Grajau,61431 ,CUF3C95 ,Padron ,2023,P8,0.001112,2.6e-05
AR3 ,Metropole,32514 ,GDN8E25 ,Articulado ,2023,P8,0.001112,2.6e-05
E3 ,Metropole,31939 ,GJE2I52 ,Articulado ,2023,P8,0.001112,2.6e-05
AR3 ,Metropole,32513 ,GCV7D84 ,Articulado ,2023,P8,0.001112,2.6e-05
AR3 ,Metropole,32512 ,GBB4A24 ,Articulado ,2023,P8,0.001112,2.6e-05
AR3 ,Metropole,32511 ,GJV2D83 ,Articulado ,2023,P8,0.001112,2.6e-05
AR3 ,Metropole,32510 ,GDV6F94 ,Articulado ,2023,P8,0.001112,2.6e-05
AR3 ,Metropole,32509 ,GCI7D44 ,Articulado ,2023,P8,0.001112,2.6e-05
AR3 ,Metropole,32508 ,GCP0D64 ,Articulado ,2023,P8,0.001112,2.6e-05
AR3 ,Metropole,32507 ,GHZ1C53 ,Articulado ,2023,P8,0.001112,2.6e-05
AR3 ,Metropole,32515 ,GFQ2J33 ,Articulado ,2023,P8,0.001112,2.6e-05
E3 ,Metropole,31938 ,GGQ9D91 ,Articulado ,2023,P8,0.001112,2.6e-05
AR3 ,Metropole,32506 ,GCL4A45 ,Articulado ,2023,P8,0.001112,2.6e-05
E3 ,Metropole,31936 ,GKF5B93 ,Articulado ,2023,P8,0.001112,2.6e-05
E6 ,Grajau,61430 ,CUH2G85 ,Padron ,2023,P8,0.001112,2.6e-05
D7 ,Transunião,56355 ,FVC3E91 ,Midiônibus ,2023,P8,0.001112,2.6e-05
E3 ,Metropole,31934 ,GGC1C94 ,Articulado ,2023,P8,0.001112,2.6e-05
E3 ,Metropole,31933 ,GHJ7H93 ,Articulado ,2023,P8,0.001112,2.6e-05
E6 ,Grajau,61441 ,FWO3A05 ,Padron ,2023,P8,0.001112,2.6e-05
E6 ,Grajau,61440 ,BQU8H04 ,Padron ,2023,P8,0.001112,2.6e-05
E6 ,Grajau,61439 ,BYI6B13 ,Padron ,2023,P8,0.001112,2.6e-05
E3 ,Metropole,31937 ,GAQ9G02 ,Articulado ,2023,P8,0.001112,2.6e-05
AR3 ,Metropole,32516 ,GCK1D65 ,Articulado ,2023,P8,0.001112,2.6e-05
AR3 ,Metropole,32517 ,GCI9H14 ,Articulado ,2023,P8,0.001112,2.6e-05
AR3 ,Metropole,32518 ,GKH6C75 ,Articulado ,2023,P8,0.001112,2.6e-05
D8 ,Movebuss,55441 ,DOR4C93 ,Midiônibus ,2023,P8,0.001112,2.6e-05
D8 ,Movebuss,55447 ,FIJ4B46 ,Midiônibus ,2023,P8,0.001112,2.6e-05
D8 ,Movebuss,55452 ,FUI8J35 ,Midiônibus ,2023,P8,0.001112,2.6e-05
AR7 ,Nova Paineira,75301 ,FUW4B92 ,Articulado ,2023,P8,0.001112,2.6e-05
D8 ,Movebuss,55457 ,GKC2B32 ,Midiônibus ,2023,P8,0.001112,2.6e-05
D8 ,Movebuss,55461 ,GIC1C25 ,Midiônibus ,2023,P8,0.001112,2.6e-05
D8 ,Movebuss,55465 ,BPS9E34 ,Midiônibus ,2023,P8,0.001112,2.6e-05
D8 ,Movebuss,55472 ,GEE5D41 ,Midiônibus ,2023,P8,0.001112,2.6e-05
D8 ,Movebuss,55494 ,GAL9F06 ,Midiônibus ,2023,P8,0.001112,2.6e-05
D8 ,Movebuss,55496 ,GBT3B07 ,Midiônibus ,2023,P8,0.001112,2.6e-05
D8 ,Movebuss,55497 ,GEL6H21 ,Midiônibus ,2023,P8,0.001112,2.6e-05
D8 ,Movebuss,55503 ,FBE2H66 ,Midiônibus ,2023,P8,0.001112,2.6e-05
D8 ,Movebuss,55504 ,DNO0A41 ,Midiônibus ,2023,P8,0.001112,2.6e-05
AR3 ,Metropole,32524 ,GIS7E25 ,Articulado ,2023,P8,0.001112,2.6e-05
AR7 ,Nova Paineira,75300 ,EOO6G25 ,Articulado ,2023,P8,0.001112,2.6e-05
E3 ,Metropole,31940 ,GFE3B64 ,Articulado ,2023,P8,0.001112,2.6e-05
AR3 ,Metropole,32523 ,GEC4H95 ,Articulado ,2023,P8,0.001112,2.6e-05
AR3 ,Metropole,32522 ,GFL9B53 ,Articulado ,2023,P8,0.001112,2.6e-05
AR3 ,Metropole,32521 ,GEI9A85 ,Articulado ,2023,P8,0.001112,2.6e-05
AR3 ,Metropole,32520 ,GCN8E51 ,Articulado ,2023,P8,0.001112,2.6e-05
AR3 ,Metropole,32519 ,GIG8C04 ,Articulado ,2023,P8,0.001112,2.6e-05
E6 ,Grajau,61438 ,FJT1D31 ,Padron ,2023,P8,0.001112,2.6e-05
E6 ,Grajau,61437 ,FEL4J26 ,Padron ,2023,P8,0.001112,2.6e-05
E3 ,Metropole,31935 ,GFK9I24 ,Articulado ,2023,P8,0.001112,2.6e-05
E6 ,Grajau,61435 ,GCD1H75 ,Padron ,2023,P8,0.001112,2.6e-05
AR7 ,Nova Paineira,75507 ,GFP5G53 ,Padron ,2023,P8,0.001112,2.6e-05
D7 ,Transunião,56368 ,ECM2H01 ,Midiônibus ,2023,P8,0.001112,2.6e-05
E6 ,Grajau,61433 ,DSA2C41 ,Padron ,2023,P8,0.001112,2.6e-05
E6 ,Grajau,61448 ,FYH0H94 ,Padron ,2023,P8,0.001112,2.6e-05
E6 ,Grajau,61447 ,BSY6A81 ,Padron ,2023,P8,0.001112,2.6e-05
E6 ,Grajau,61446 ,CQN5I31 ,Padron ,2023,P8,0.001112,2.6e-05
E6 ,Grajau,61445 ,GAQ5C95 ,Padron ,2023,P8,0.001112,2.6e-05
E6 ,Grajau,61436 ,FHI8A24 ,Padron ,2023,P8,0.001112,2.6e-05
E6 ,Grajau,61444 ,FUH8C32 ,Padron ,2023,P8,0.001112,2.6e-05
E6 ,Grajau,61443 ,FVF2F31 ,Padron ,2023,P8,0.001112,2.6e-05
D7 ,Transunião,56378 ,FJH8G24 ,Midiônibus ,2023,P8,0.001112,2.6e-05
D7 ,Transunião,56377 ,DKH2J93 ,Midiônibus ,2023,P8,0.001112,2.6e-05
D7 ,Transunião,56376 ,DKI6I91 ,Midiônibus ,2023,P8,0.001112,2.6e-05
D7 ,Transunião,56375 ,DKK7E53 ,Midiônibus ,2023,P8,0.001112,2.6e-05
D7 ,Transunião,56374 ,CUE6D34 ,Midiônibus ,2023,P8,0.001112,2.6e-05
D7 ,Transunião,56369 ,FDX9I51 ,Midiônibus ,2023,P8,0.001112,2.6e-05
D7 ,Transunião,56373 ,GAQ1B94 ,Midiônibus ,2023,P8,0.001112,2.6e-05
D7 ,Transunião,56370 ,GIF0A81 ,Midiônibus ,2023,P8,0.001112,2.6e-05
D7 ,Transunião,56371 ,FQF6E91 ,Midiônibus ,2023,P8,0.001112,2.6e-05
D7 ,Transunião,56367 ,FVF5I52 ,Midiônibus ,2023,P8,0.001112,2.6e-05
D7 ,Transunião,56372 ,CUH1G13 ,Midiônibus ,2023,P8,0.001112,2.6e-05
AR7 ,Nova Paineira,75506 ,DMQ9J41 ,Padron ,2023,P8,0.001112,2.6e-05
AR7 ,Nova Paineira,75505 ,GFP8D26 ,Padron ,2023,P8,0.001112,2.6e-05
D7 ,Transunião,56356 ,EZE6F11 ,Midiônibus ,2023,P8,0.001112,2.6e-05
E6 ,Grajau,61434 ,ESE4B13 ,Padron ,2023,P8,0.001112,2.6e-05
D7 ,Transunião,56357 ,CKU6H24 ,Midiônibus ,2023,P8,0.001112,2.6e-05
D7 ,Transunião,56358 ,FWA1G24 ,Midiônibus ,2023,P8,0.001112,2.6e-05
AR7 ,Nova Paineira,75500 ,BVW6H44 ,Padron ,2023,P8,0.001112,2.6e-05
D7 ,Transunião,56359 ,FYW8E14 ,Midiônibus ,2023,P8,0.001112,2.6e-05
AR7 ,Nova Paineira,75304 ,FZK7I22 ,Articulado ,2023,P8,0.001112,2.6e-05
D7 ,Transunião,56360 ,DIW8F24 ,Midiônibus ,2023,P8,0.001112,2.6e-05
D7 ,Transunião,56361 ,FUB3A43 ,Midiônibus ,2023,P8,0.001112,2.6e-05
AR7 ,Nova Paineira,75501 ,GDO0G56 ,Padron ,2023,P8,0.001112,2.6e-05
D7 ,Transunião,56362 ,GJE1G33 ,Midiônibus ,2023,P8,0.001112,2.6e-05
AR7 ,Nova Paineira,75305 ,FXH6G25 ,Articulado ,2023,P8,0.001112,2.6e-05
D7 ,Transunião,56363 ,GDW6D11 ,Midiônibus ,2023,P8,0.001112,2.6e-05
AR7 ,Nova Paineira,75502 ,GGJ3F16 ,Padron ,2023,P8,0.001112,2.6e-05
D7 ,Transunião,56364 ,FHN5C01 ,Midiônibus ,2023,P8,0.001112,2.6e-05
E6 ,Grajau,61449 ,CUH6B93 ,Padron ,2023,P8,0.001112,2.6e-05
AR7 ,Nova Paineira,75503 ,GGQ7H45 ,Padron ,2023,P8,0.001112,2.6e-05
D7 ,Transunião,56365 ,GJQ3B71 ,Midiônibus ,2023,P8,0.001112,2.6e-05
AR7 ,Nova Paineira,75504 ,GFL9J83 ,Padron ,2023,P8,0.001112,2.6e-05
D7 ,Transunião,56366 ,GHN7H32 ,Midiônibus ,2023,P8,0.001112,2.6e-05
E6 ,Grajau,61432 ,EUK2D01 ,Padron ,2023,P8,0.001112,2.6e-05
E6 ,Grajau,61442 ,CUJ5E66 ,Padron ,2023,P8,0.001112,2.6e-05
D10 ,Transwolff,66144 ,STN9E12 ,eBásico ,2024,P8,0.001112,2.6e-05
D10 ,Transwolff,66179 ,SVA6B41 ,eBásico ,2024,P8,0.001112,2.6e-05
D10 ,Transwolff,66146 ,SUE4C58 ,eBásico ,2024,P8,0.001112,2.6e-05
D12 ,Transcap,85814 ,TKE5E94 ,eBásico ,2024,P8,0.001112,2.6e-05
D2 ,Norte Buss,26051 ,TKH1B23 ,eBásico ,2024,P8,0.001112,2.6e-05
D2 ,Norte Buss,26062 ,TJX0G44 ,eBásico ,2024,P8,0.001112,2.6e-05
D2 ,Norte Buss,26101 ,TLV5H39 ,eBásico ,2024,P8,0.001112,2.6e-05
D2 ,Norte Buss,26105 ,SWJ8D26 ,eBásico ,2024,P8,0.001112,2.6e-05
D2 ,Norte Buss,26113 ,TKS2G34 ,eBásico ,2024,P8,0.001112,2.6e-05
D10 ,Transwolff,66145 ,SUK4E10 ,eBásico ,2024,P8,0.001112,2.6e-05
D2 ,Norte Buss,26116 ,TJY0A06 ,eBásico ,2024,P8,0.001112,2.6e-05
D10 ,Transwolff,66173 ,SSZ0B24 ,eBásico ,2024,P8,0.001112,2.6e-05
D10 ,Transwolff,66172 ,SWD5H56 ,eBásico ,2024,P8,0.001112,2.6e-05
D2 ,Norte Buss,26125 ,TJK9I15 ,eBásico ,2024,P8,0.001112,2.6e-05
D2 ,Norte Buss,26132 ,TKU6C46 ,eBásico ,2024,P8,0.001112,2.6e-05
D2 ,Norte Buss,26140 ,TIU5A59 ,eBásico ,2024,P8,0.001112,2.6e-05
D2 ,Norte Buss,26141 ,TKG9A08 ,eBásico ,2024,P8,0.001112,2.6e-05
D10 ,Transwolff,66174 ,STD7A73 ,eBásico ,2024,P8,0.001112,2.6e-05
D10 ,Transwolff,66143 ,STV5F59 ,eBásico ,2024,P8,0.001112,2.6e-05
D10 ,Transwolff,66140 ,SVZ3C80 ,eBásico ,2024,P8,0.001112,2.6e-05
E2 ,Sambaiba,21790 ,SVB7E90 ,Articulado ,2024,P8,0.001112,2.6e-05
E2 ,Sambaiba,21791 ,BYI7E91 ,Articulado ,2024,P8,0.001112,2.6e-05
E2 ,Sambaiba,21792 ,BSZ7E92 ,Articulado ,2024,P8,0.001112,2.6e-05
E2 ,Sambaiba,21793 ,BPO7E93 ,Articulado ,2024,P8,0.001112,2.6e-05
E2 ,Sambaiba,21794 ,CCI7E94 ,Articulado ,2024,P8,0.001112,2.6e-05
E2 ,Sambaiba,21795 ,SSR7E95 ,Articulado ,2024,P8,0.001112,2.6e-05
E2 ,Sambaiba,21796 ,STA7E96 ,Articulado ,2024,P8,0.001112,2.6e-05
E2 ,Sambaiba,21797 ,SSR7E97 ,Articulado ,2024,P8,0.001112,2.6e-05
E2 ,Sambaiba,21798 ,STG7E98 ,Articulado ,2024,P8,0.001112,2.6e-05
E2 ,Sambaiba,21799 ,STC7E99 ,Articulado ,2024,P8,0.001112,2.6e-05
E2 ,Sambaiba,21800 ,CUS8E00 ,Articulado ,2024,P8,0.001112,2.6e-05
E2 ,Sambaiba,21801 ,BRY8E01 ,Articulado ,2024,P8,0.001112,2.6e-05
E2 ,Sambaiba,21802 ,CDL8E02 ,Articulado ,2024,P8,0.001112,2.6e-05
E2 ,Sambaiba,21803 ,BYI8E03 ,Articulado ,2024,P8,0.001112,2.6e-05
E2 ,Sambaiba,21804 ,FPO8E04 ,Articulado ,2024,P8,0.001112,2.6e-05
E2 ,Sambaiba,21789 ,SSW7E89 ,Articulado ,2024,P8,0.001112,2.6e-05
E2 ,Sambaiba,21782 ,BRY7E82 ,Articulado ,2024,P8,0.001112,2.6e-05
E2 ,Sambaiba,21783 ,CFZ7E83 ,Articulado ,2024,P8,0.001112,2.6e-05
E2 ,Sambaiba,21784 ,BWV7E84 ,Articulado ,2024,P8,0.001112,2.6e-05
E2 ,Sambaiba,21785 ,STA7E85 ,Articulado ,2024,P8,0.001112,2.6e-05
E2 ,Sambaiba,21786 ,SSW7E86 ,Articulado ,2024,P8,0.001112,2.6e-05
E2 ,Sambaiba,21787 ,SSY7E87 ,Articulado ,2024,P8,0.001112,2.6e-05
E2 ,Sambaiba,21788 ,SSZ7E88 ,Articulado ,2024,P8,0.001112,2.6e-05
E2 ,Sambaiba,21805 ,SSU8E05 ,Articulado ,2024,P8,0.001112,2.6e-05
E2 ,Sambaiba,21806 ,SSR8E06 ,Articulado ,2024,P8,0.001112,2.6e-05
E2 ,Sambaiba,21807 ,SSZ8E07 ,Articulado ,2024,P8,0.001112,2.6e-05
E2 ,Sambaiba,21808 ,SSZ8E08 ,Articulado ,2024,P8,0.001112,2.6e-05
D12 ,Transcap,85813 ,TIO6G93 ,eBásico ,2024,P8,0.001112,2.6e-05
D2 ,Norte Buss,26265 ,TJN2I23 ,eBásico ,2024,P8,0.001112,2.6e-05
D10 ,Transwolff,66007 ,SWI9B15 ,eBásico ,2024,P8,0.001112,2.6e-05
D13 ,Alfa Rodobus,86617 ,UFE0B35 ,eBásico ,2024,P8,0.001112,2.6e-05
D10 ,Transwolff,66031 ,SVV7E73 ,eBásico ,2024,P8,0.001112,2.6e-05
D10 ,Transwolff,66034 ,STI9C33 ,eBásico ,2024,P8,0.001112,2.6e-05
D10 ,Transwolff,66039 ,SUR4H91 ,eBásico ,2024,P8,0.001112,2.6e-05
D10 ,Transwolff,66040 ,SUD5A67 ,eBásico ,2024,P8,0.001112,2.6e-05
D2 ,Norte Buss,26216 ,TKP3D63 ,eBásico ,2024,P8,0.001112,2.6e-05
D2 ,Norte Buss,26199 ,TJY4B23 ,eBásico ,2024,P8,0.001112,2.6e-05
D2 ,Norte Buss,26187 ,TKJ2F63 ,eBásico ,2024,P8,0.001112,2.6e-05
D10 ,Transwolff,66102 ,STB1H74 ,eBásico ,2024,P8,0.001112,2.6e-05
D2 ,Norte Buss,26180 ,TIW2C40 ,eBásico ,2024,P8,0.001112,2.6e-05
D10 ,Transwolff,66112 ,SVD0E47 ,eBásico ,2024,P8,0.001112,2.6e-05
D2 ,Norte Buss,26163 ,TKV6E80 ,eBásico ,2024,P8,0.001112,2.6e-05
D10 ,Transwolff,66124 ,SWR1A01 ,eBásico ,2024,P8,0.001112,2.6e-05
D10 ,Transwolff,66125 ,SUF0H35 ,eBásico ,2024,P8,0.001112,2.6e-05
D10 ,Transwolff,66128 ,SUS4F51 ,eBásico ,2024,P8,0.001112,2.6e-05
D2 ,Norte Buss,26158 ,TIW3B87 ,eBásico ,2024,P8,0.001112,2.6e-05
D10 ,Transwolff,66130 ,STJ2J91 ,eBásico ,2024,P8,0.001112,2.6e-05
D10 ,Transwolff,66131 ,SVF0F82 ,eBásico ,2024,P8,0.001112,2.6e-05
D10 ,Transwolff,66134 ,SUC1B76 ,eBásico ,2024,P8,0.001112,2.6e-05
D10 ,Transwolff,66136 ,SUP9C12 ,eBásico ,2024,P8,0.001112,2.6e-05
D13 ,Alfa Rodobus,86618 ,UFQ3D44 ,eBásico ,2024,P8,0.001112,2.6e-05
D2 ,Norte Buss,26181 ,TKA8H06 ,eBásico ,2024,P8,0.001112,2.6e-05
D10 ,Transwolff,66142 ,SVE8A95 ,eBásico ,2024,P8,0.001112,2.6e-05
E2 ,Sambaiba,21809 ,SSR8E09 ,Articulado ,2024,P8,0.001112,2.6e-05
E2 ,Sambaiba,21810 ,STC8E10 ,Articulado ,2024,P8,0.001112,2.6e-05
E2 ,Sambaiba,21811 ,BRY8E11 ,Articulado ,2024,P8,0.001112,2.6e-05
E2 ,Sambaiba,21812 ,BSZ8E12 ,Articulado ,2024,P8,0.001112,2.6e-05
E2 ,Sambaiba,21813 ,CPO8E13 ,Articulado ,2024,P8,0.001112,2.6e-05
E2 ,Sambaiba,21814 ,BYX8E14 ,Articulado ,2024,P8,0.001112,2.6e-05
E2 ,Sambaiba,21815 ,SSV8E15 ,Articulado ,2024,P8,0.001112,2.6e-05
E2 ,Sambaiba,21816 ,SSU8E16 ,Articulado ,2024,P8,0.001112,2.6e-05
E2 ,Sambaiba,21817 ,SST8E17 ,Articulado ,2024,P8,0.001112,2.6e-05
E2 ,Sambaiba,21818 ,SSS8E18 ,Articulado ,2024,P8,0.001112,2.6e-05
E2 ,Sambaiba,21819 ,STA8E19 ,Articulado ,2024,P8,0.001112,2.6e-05
E2 ,Sambaiba,21820 ,STK8E20 ,Articulado ,2024,P8,0.001112,2.6e-05
E2 ,Sambaiba,21821 ,BVT8E21 ,Articulado ,2024,P8,0.001112,2.6e-05
D8 ,Movebuss,55036 ,TJG3C99 ,eBásico ,2024,P8,0.001112,2.6e-05
D13 ,Alfa Rodobus,86614 ,UDR1I37 ,eBásico ,2024,P8,0.001112,2.6e-05
D13 ,Alfa Rodobus,86615 ,UDL2A21 ,eBásico ,2024,P8,0.001112,2.6e-05
D2 ,Norte Buss,26305 ,TLA8F46 ,eBásico ,2024,P8,0.001112,2.6e-05
D2 ,Norte Buss,26301 ,TKW6F55 ,eBásico ,2024,P8,0.001112,2.6e-05
D2 ,Norte Buss,26294 ,TJB1I72 ,eBásico ,2024,P8,0.001112,2.6e-05
D13 ,Alfa Rodobus,86616 ,UFK2H18 ,eBásico ,2024,P8,0.001112,2.6e-05
D2 ,Norte Buss,26276 ,TLI0E64 ,eBásico ,2024,P8,0.001112,2.6e-05
E2 ,Sambaiba,21822 ,BYI8E22 ,Articulado ,2024,P8,0.001112,2.6e-05
D1 ,Norte Buss,16113 ,TIU9J01 ,eBásico ,2024,P8,0.001112,2.6e-05
D5 ,Pêssego,47191 ,QSW6H72 ,eBásico ,2024,P8,0.001112,2.6e-05
D9 ,A2,68560 ,UDJ2D60 ,eBásico ,2024,P8,0.001112,2.6e-05
D9 ,A2,68559 ,UGQ4D80 ,eBásico ,2024,P8,0.001112,2.6e-05
D9 ,A2,68557 ,UFG8D90 ,eBásico ,2024,P8,0.001112,2.6e-05
D12 ,Transcap,85841 ,TKP7E51 ,eBásico ,2024,P8,0.001112,2.6e-05
D12 ,Transcap,85842 ,FHU8A01 ,eBásico ,2024,P8,0.001112,2.6e-05
D12 ,Transcap,85843 ,TLU3B51 ,eBásico ,2024,P8,0.001112,2.6e-05
D10 ,Transwolff,66805 ,SWX8D89 ,eBásico ,2024,P8,0.001112,2.6e-05
D12 ,Transcap,85844 ,TKM4J91 ,eBásico ,2024,P8,0.001112,2.6e-05
D10 ,Transwolff,66809 ,SVN2D46 ,eBásico ,2024,P8,0.001112,2.6e-05
D10 ,Transwolff,66812 ,FYN0D51 ,eBásico ,2024,P8,0.001112,2.6e-05
D10 ,Transwolff,66813 ,FWP2H53 ,eBásico ,2024,P8,0.001112,2.6e-05
D12 ,Transcap,85845 ,TJU7I43 ,eBásico ,2024,P8,0.001112,2.6e-05
D10 ,Transwolff,66814 ,FPL7F64 ,eBásico ,2024,P8,0.001112,2.6e-05
D10 ,Transwolff,66815 ,EYV8C62 ,eBásico ,2024,P8,0.001112,2.6e-05
D12 ,Transcap,85846 ,SUY5J95 ,eBásico ,2024,P8,0.001112,2.6e-05
D5 ,Pêssego,47131 ,GEK1A62 ,eBásico ,2024,P8,0.001112,2.6e-05
D9 ,A2,68562 ,UED1B70 ,eBásico ,2024,P8,0.001112,2.6e-05
D5 ,Pêssego,47194 ,QSY9D08 ,eBásico ,2024,P8,0.001112,2.6e-05
D9 ,A2,68563 ,UEK7C80 ,eBásico ,2024,P8,0.001112,2.6e-05
D9 ,A2,68564 ,UEC0J50 ,eBásico ,2024,P8,0.001112,2.6e-05
D9 ,A2,68580 ,UDK4A00 ,eBásico ,2024,P8,0.001112,2.6e-05
D12 ,Transcap,85838 ,TJB1F71 ,eBásico ,2024,P8,0.001112,2.6e-05
D9 ,A2,68578 ,UGQ0D90 ,eBásico ,2024,P8,0.001112,2.6e-05
D12 ,Transcap,85839 ,EGX6I91 ,eBásico ,2024,P8,0.001112,2.6e-05
D9 ,A2,68576 ,UEC1C80 ,eBásico ,2024,P8,0.001112,2.6e-05
D9 ,A2,68575 ,UGM0I70 ,eBásico ,2024,P8,0.001112,2.6e-05
D9 ,A2,68574 ,UGL3C30 ,eBásico ,2024,P8,0.001112,2.6e-05
D9 ,A2,68573 ,UEO1B30 ,eBásico ,2024,P8,0.001112,2.6e-05
D10 ,Transwolff,66841 ,EZU4J62 ,eBásico ,2024,P8,0.001112,2.6e-05
D9 ,A2,68572 ,UEI1F60 ,eBásico ,2024,P8,0.001112,2.6e-05
D9 ,A2,68570 ,UFQ3C90 ,eBásico ,2024,P8,0.001112,2.6e-05
D12 ,Transcap,85840 ,TKG1J51 ,eBásico ,2024,P8,0.001112,2.6e-05
D9 ,A2,68568 ,UFX1D80 ,eBásico ,2024,P8,0.001112,2.6e-05
D9 ,A2,68567 ,UGO3D80 ,eBásico ,2024,P8,0.001112,2.6e-05
D5 ,Pêssego,47209 ,TLA2I25 ,eBásico ,2024,P8,0.001112,2.6e-05
D5 ,Pêssego,47207 ,UDY1A25 ,eBásico ,2024,P8,0.001112,2.6e-05
D9 ,A2,68566 ,UFE9J10 ,eBásico ,2024,P8,0.001112,2.6e-05
D9 ,A2,68565 ,UFD1G40 ,eBásico ,2024,P8,0.001112,2.6e-05
D9 ,A2,68571 ,UGP3E40 ,eBásico ,2024,P8,0.001112,2.6e-05
D10 ,Transwolff,66859 ,EQW2B12 ,eBásico ,2024,P8,0.001112,2.6e-05
D10 ,Transwolff,66870 ,GCV1C72 ,eBásico ,2024,P8,0.001112,2.6e-05
D5 ,Pêssego,47095 ,TLE6I85 ,eBásico ,2024,P8,0.001112,2.6e-05
D10 ,Transwolff,66980 ,GGX2G94 ,eBásico ,2024,P8,0.001112,2.6e-05
D1 ,Norte Buss,16390 ,TMI0J50 ,eBásico ,2024,P8,0.001112,2.6e-05
D1 ,Norte Buss,16410 ,TIY0G00 ,eBásico ,2024,P8,0.001112,2.6e-05
D1 ,Norte Buss,16414 ,TIO4J58 ,eBásico ,2024,P8,0.001112,2.6e-05
D1 ,Norte Buss,16478 ,TKN7D06 ,eBásico ,2024,P8,0.001112,2.6e-05
D9 ,A2,68581 ,UGQ2J50 ,eBásico ,2024,P8,0.001112,2.6e-05
D1 ,Norte Buss,16329 ,TLO1J19 ,eBásico ,2024,P8,0.001112,2.6e-05
D12 ,Transcap,85847 ,TLL2I12 ,eBásico ,2024,P8,0.001112,2.6e-05
D12 ,Transcap,85848 ,TJA2A25 ,eBásico ,2024,P8,0.001112,2.6e-05
D12 ,Transcap,85849 ,SVP8D81 ,eBásico ,2024,P8,0.001112,2.6e-05
D1 ,Norte Buss,16213 ,TKT0I94 ,eBásico ,2024,P8,0.001112,2.6e-05
D12 ,Transcap,85850 ,TJU7D35 ,eBásico ,2024,P8,0.001112,2.6e-05
D5 ,Pêssego,47076 ,GEK3H41 ,eBásico ,2024,P8,0.001112,2.6e-05
D12 ,Transcap,85851 ,TJE3D56 ,eBásico ,2024,P8,0.001112,2.6e-05
D12 ,Transcap,85852 ,TIO2J45 ,eBásico ,2024,P8,0.001112,2.6e-05
D12 ,Transcap,85853 ,TJS8A55 ,eBásico ,2024,P8,0.001112,2.6e-05
D1 ,Norte Buss,16228 ,TLB1B12 ,eBásico ,2024,P8,0.001112,2.6e-05
D10 ,Transwolff,66925 ,GGL7C24 ,eBásico ,2024,P8,0.001112,2.6e-05
D1 ,Norte Buss,16572 ,FUC1E31 ,eBásico ,2024,P8,0.001112,2.6e-05
D1 ,Norte Buss,16287 ,TJQ1I87 ,eBásico ,2024,P8,0.001112,2.6e-05
D1 ,Norte Buss,16300 ,TMG8I17 ,eBásico ,2024,P8,0.001112,2.6e-05
D1 ,Norte Buss,16307 ,TLQ8E47 ,eBásico ,2024,P8,0.001112,2.6e-05
D12 ,Transcap,85854 ,TKE9A91 ,eBásico ,2024,P8,0.001112,2.6e-05
D1 ,Norte Buss,16112 ,TLE7B23 ,eBásico ,2024,P8,0.001112,2.6e-05
D5 ,Pêssego,47235 ,UFQ6A47 ,eBásico ,2024,P8,0.001112,2.6e-05
D12 ,Transcap,85837 ,TLC8A71 ,eBásico ,2024,P8,0.001112,2.6e-05
D5 ,Pêssego,47596 ,QSS1E40 ,eBásico ,2024,P8,0.001112,2.6e-05
D5 ,Pêssego,47593 ,QSO3C12 ,eBásico ,2024,P8,0.001112,2.6e-05
D2 ,Norte Buss,26038 ,TKU6C26 ,eBásico ,2024,P8,0.001112,2.6e-05
D2 ,Norte Buss,26030 ,TJX7E65 ,eBásico ,2024,P8,0.001112,2.6e-05
D1 ,Norte Buss,16970 ,TJR5A67 ,eBásico ,2024,P8,0.001112,2.6e-05
D1 ,Norte Buss,16969 ,TIY0A98 ,eBásico ,2024,P8,0.001112,2.6e-05
D1 ,Norte Buss,16968 ,UEP5H58 ,eBásico ,2024,P8,0.001112,2.6e-05
D1 ,Norte Buss,16967 ,UDP7G97 ,eBásico ,2024,P8,0.001112,2.6e-05
D1 ,Norte Buss,16966 ,UDC6G06 ,eBásico ,2024,P8,0.001112,2.6e-05
D1 ,Norte Buss,16965 ,QSU5H55 ,eBásico ,2024,P8,0.001112,2.6e-05
D1 ,Norte Buss,16964 ,UFY5C64 ,eBásico ,2024,P8,0.001112,2.6e-05
D5 ,Pêssego,47751 ,QSW8F84 ,eBásico ,2024,P8,0.001112,2.6e-05
D2 ,Norte Buss,26013 ,TKW6D32 ,eBásico ,2024,P8,0.001112,2.6e-05
D5 ,Pêssego,47715 ,QSR6H59 ,eBásico ,2024,P8,0.001112,2.6e-05
D2 ,Spencer,25667 ,FUC1G83 ,eBásico ,2024,P8,0.001112,2.6e-05
D10 ,Transwolff,66364 ,SSZ7G81 ,eBásico ,2024,P8,0.001112,2.6e-05
D10 ,Transwolff,66405 ,SWN0B78 ,eBásico ,2024,P8,0.001112,2.6e-05
D12 ,Transcap,85825 ,TJW3C24 ,eBásico ,2024,P8,0.001112,2.6e-05
D5 ,Pêssego,47285 ,UFU7B76 ,eBásico ,2024,P8,0.001112,2.6e-05
D12 ,Transcap,85826 ,FEN9F71 ,eBásico ,2024,P8,0.001112,2.6e-05
D12 ,Transcap,85827 ,STV8A63 ,eBásico ,2024,P8,0.001112,2.6e-05
D12 ,Transcap,85828 ,FWT6G51 ,eBásico ,2024,P8,0.001112,2.6e-05
D12 ,Transcap,85829 ,SVK7D13 ,eBásico ,2024,P8,0.001112,2.6e-05
D12 ,Transcap,85830 ,SVQ5D22 ,eBásico ,2024,P8,0.001112,2.6e-05
D12 ,Transcap,85831 ,TJP9G81 ,eBásico ,2024,P8,0.001112,2.6e-05
D5 ,Pêssego,47289 ,QSR3C50 ,eBásico ,2024,P8,0.001112,2.6e-05
D12 ,Transcap,85832 ,TIU3A54 ,eBásico ,2024,P8,0.001112,2.6e-05
D12 ,Transcap,85834 ,TKY2I52 ,eBásico ,2024,P8,0.001112,2.6e-05
D1 ,Norte Buss,16694 ,TIO3F71 ,eBásico ,2024,P8,0.001112,2.6e-05
D12 ,Transcap,85835 ,TLM8J12 ,eBásico ,2024,P8,0.001112,2.6e-05
D5 ,Pêssego,47251 ,UGD4E37 ,eBásico ,2024,P8,0.001112,2.6e-05
D12 ,Transcap,85836 ,SWE1C54 ,eBásico ,2024,P8,0.001112,2.6e-05
D9 ,A2,68587 ,QST9J30 ,eBásico ,2024,P8,0.001112,2.6e-05
D9 ,A2,68586 ,QSW3J70 ,eBásico ,2024,P8,0.001112,2.6e-05
D9 ,A2,68585 ,UGE7C20 ,eBásico ,2024,P8,0.001112,2.6e-05
D12 ,Transcap,85833 ,TJS4A91 ,eBásico ,2024,P8,0.001112,2.6e-05
D9 ,A2,68582 ,UDW0B80 ,eBásico ,2024,P8,0.001112,2.6e-05
D12 ,Transcap,85824 ,TMD2E22 ,eBásico ,2024,P8,0.001112,2.6e-05
D12 ,Transcap,85822 ,SVI8A23 ,eBásico ,2024,P8,0.001112,2.6e-05
D10 ,Transwolff,66407 ,SWM7I29 ,eBásico ,2024,P8,0.001112,2.6e-05
D10 ,Transwolff,66416 ,STJ8D10 ,eBásico ,2024,P8,0.001112,2.6e-05
D10 ,Transwolff,66540 ,SUJ4H04 ,eBásico ,2024,P8,0.001112,2.6e-05
D10 ,Transwolff,66614 ,SVS9H38 ,eBásico ,2024,P8,0.001112,2.6e-05
D10 ,Transwolff,66634 ,SVF9B27 ,eBásico ,2024,P8,0.001112,2.6e-05
D10 ,Transwolff,66722 ,EXX7A31 ,eBásico ,2024,P8,0.001112,2.6e-05
D10 ,Transwolff,66723 ,EZG2A81 ,eBásico ,2024,P8,0.001112,2.6e-05
D5 ,Pêssego,47404 ,TJA2B82 ,eBásico ,2024,P8,0.001112,2.6e-05
D12 ,Transcap,85823 ,SUO9B93 ,eBásico ,2024,P8,0.001112,2.6e-05
D10 ,Transwolff,66753 ,FMM5G52 ,eBásico ,2024,P8,0.001112,2.6e-05
D12 ,Transcap,85815 ,TJM3D32 ,eBásico ,2024,P8,0.001112,2.6e-05
D12 ,Transcap,85816 ,TIQ5A22 ,eBásico ,2024,P8,0.001112,2.6e-05
D5 ,Pêssego,47320 ,TKF0H90 ,eBásico ,2024,P8,0.001112,2.6e-05
D12 ,Transcap,85817 ,TKA1F31 ,eBásico ,2024,P8,0.001112,2.6e-05
D12 ,Transcap,85818 ,TJE5H42 ,eBásico ,2024,P8,0.001112,2.6e-05
D12 ,Transcap,85819 ,SWQ8G53 ,eBásico ,2024,P8,0.001112,2.6e-05
D12 ,Transcap,85820 ,TIW2C45 ,eBásico ,2024,P8,0.001112,2.6e-05
D12 ,Transcap,85821 ,FNR4C41 ,eBásico ,2024,P8,0.001112,2.6e-05
D5 ,Pêssego,47382 ,QSS6D19 ,eBásico ,2024,P8,0.001112,2.6e-05
D10 ,Transwolff,66111 ,STH7F96 ,eBásico ,2024,P8,0.001112,2.6e-05
E5 ,Mobibrasil,63542 ,SUE3I70 ,Articulado ,2024,P8,0.001112,2.6e-05
E5 ,Mobibrasil,63541 ,SUR1D94 ,Articulado ,2024,P8,0.001112,2.6e-05
E5 ,Mobibrasil,63540 ,SSY0C12 ,Articulado ,2024,P8,0.001112,2.6e-05
D2 ,Norte Buss,26485 ,TKL8G00 ,eBásico ,2024,P8,0.001112,2.6e-05
D2 ,Norte Buss,26486 ,SUB5C22 ,eBásico ,2024,P8,0.001112,2.6e-05
D13 ,Alfa Rodobus,86612 ,UEI9A03 ,eBásico ,2024,P8,0.001112,2.6e-05
D1 ,Norte Buss,16971 ,FTP7G51 ,eBásico ,2024,P8,0.001112,2.6e-05
D1 ,Norte Buss,16973 ,TLF9D53 ,eBásico ,2024,P8,0.001112,2.6e-05
D1 ,Norte Buss,16974 ,TKO3A24 ,eBásico ,2024,P8,0.001112,2.6e-05
D1 ,Norte Buss,16975 ,TKE4F25 ,eBásico ,2024,P8,0.001112,2.6e-05
D1 ,Norte Buss,16976 ,TKX8J76 ,eBásico ,2024,P8,0.001112,2.6e-05
D1 ,Norte Buss,16977 ,TJE2F76 ,eBásico ,2024,P8,0.001112,2.6e-05
E5 ,Mobibrasil,63543 ,SUV1C99 ,Articulado ,2024,P8,0.001112,2.6e-05
E5 ,Mobibrasil,63106 ,SVK0B52 ,Articulado ,2024,P8,0.001112,2.6e-05
E5 ,Mobibrasil,63104 ,SWR5F67 ,Articulado ,2024,P8,0.001112,2.6e-05
E5 ,Mobibrasil,63103 ,SUP6F67 ,Articulado ,2024,P8,0.001112,2.6e-05
E5 ,Mobibrasil,63102 ,SVB5A91 ,Articulado ,2024,P8,0.001112,2.6e-05
E5 ,Mobibrasil,63101 ,STF4C62 ,Articulado ,2024,P8,0.001112,2.6e-05
E5 ,Mobibrasil,63100 ,SVC0B13 ,Articulado ,2024,P8,0.001112,2.6e-05
E5 ,Mobibrasil,63099 ,SWN6E88 ,Articulado ,2024,P8,0.001112,2.6e-05
E5 ,Mobibrasil,63098 ,STD4G13 ,Articulado ,2024,P8,0.001112,2.6e-05
E5 ,Mobibrasil,63097 ,SWV3I52 ,Articulado ,2024,P8,0.001112,2.6e-05
E5 ,Mobibrasil,63096 ,SVD3B23 ,Articulado ,2024,P8,0.001112,2.6e-05
E5 ,Mobibrasil,63095 ,SVD8H69 ,Articulado ,2024,P8,0.001112,2.6e-05
E5 ,Mobibrasil,63094 ,SVL3I74 ,Articulado ,2024,P8,0.001112,2.6e-05
E5 ,Mobibrasil,63093 ,STP7A64 ,Articulado ,2024,P8,0.001112,2.6e-05
E5 ,Mobibrasil,63092 ,SWQ7D22 ,Articulado ,2024,P8,0.001112,2.6e-05
E5 ,Mobibrasil,63091 ,SWF4C15 ,Articulado ,2024,P8,0.001112,2.6e-05
E5 ,Mobibrasil,63105 ,SUG0I91 ,Articulado ,2024,P8,0.001112,2.6e-05
E5 ,Mobibrasil,63544 ,SUQ0B01 ,Articulado ,2024,P8,0.001112,2.6e-05
E5 ,Mobibrasil,63545 ,SWQ2F78 ,Articulado ,2024,P8,0.001112,2.6e-05
E5 ,Mobibrasil,63546 ,SVS2D71 ,Articulado ,2024,P8,0.001112,2.6e-05
E5 ,Mobibrasil,63564 ,SVY2E88 ,Articulado ,2024,P8,0.001112,2.6e-05
E5 ,Mobibrasil,63563 ,SWU6G51 ,Articulado ,2024,P8,0.001112,2.6e-05
E5 ,Mobibrasil,63562 ,STH6H43 ,Articulado ,2024,P8,0.001112,2.6e-05
E5 ,Mobibrasil,63561 ,STI1D99 ,Articulado ,2024,P8,0.001112,2.6e-05
E5 ,Mobibrasil,63560 ,SVG8E97 ,Articulado ,2024,P8,0.001112,2.6e-05
E5 ,Mobibrasil,63559 ,SVS1E41 ,Articulado ,2024,P8,0.001112,2.6e-05
E5 ,Mobibrasil,63558 ,SWQ1I54 ,Articulado ,2024,P8,0.001112,2.6e-05
E5 ,Mobibrasil,63557 ,FFW2D12 ,Articulado ,2024,P8,0.001112,2.6e-05
E5 ,Mobibrasil,63556 ,STH9C04 ,Articulado ,2024,P8,0.001112,2.6e-05
E5 ,Mobibrasil,63555 ,STA0E94 ,Articulado ,2024,P8,0.001112,2.6e-05
E5 ,Mobibrasil,63554 ,SVF6E98 ,Articulado ,2024,P8,0.001112,2.6e-05
E5 ,Mobibrasil,63553 ,SUH9E47 ,Articulado ,2024,P8,0.001112,2.6e-05
E5 ,Mobibrasil,63552 ,SUV5E32 ,Articulado ,2024,P8,0.001112,2.6e-05
E5 ,Mobibrasil,63547 ,SUS0F73 ,Articulado ,2024,P8,0.001112,2.6e-05
E5 ,Mobibrasil,63548 ,SWY3E43 ,Articulado ,2024,P8,0.001112,2.6e-05
E5 ,Mobibrasil,63549 ,SVE6H22 ,Articulado ,2024,P8,0.001112,2.6e-05
E5 ,Mobibrasil,63550 ,SUW9G31 ,Articulado ,2024,P8,0.001112,2.6e-05
E5 ,Mobibrasil,63551 ,STB0C03 ,Articulado ,2024,P8,0.001112,2.6e-05
D8 ,Movebuss,55002 ,TIQ5F90 ,eBásico ,2024,P8,0.001112,2.6e-05
E5 ,Mobibrasil,63090 ,SVY0C14 ,Articulado ,2024,P8,0.001112,2.6e-05
E5 ,Mobibrasil,63089 ,GJS1A62 ,Articulado ,2024,P8,0.001112,2.6e-05
E5 ,Mobibrasil,63088 ,STF1H84 ,Articulado ,2024,P8,0.001112,2.6e-05
E5 ,Mobibrasil,63087 ,SWZ6B64 ,Articulado ,2024,P8,0.001112,2.6e-05
D11 ,Transwolff,78922 ,ELO4B34 ,eBásico ,2024,P8,0.001112,2.6e-05
D11 ,Transwolff,78890 ,FTV6B03 ,eBásico ,2024,P8,0.001112,2.6e-05
D11 ,Transwolff,78875 ,FQG7G34 ,eBásico ,2024,P8,0.001112,2.6e-05
D12 ,Transcap,85859 ,TJH0E32 ,eBásico ,2024,P8,0.001112,2.6e-05
D12 ,Transcap,85858 ,TKB6I36 ,eBásico ,2024,P8,0.001112,2.6e-05
D12 ,Transcap,85857 ,TMH8G74 ,eBásico ,2024,P8,0.001112,2.6e-05
D11 ,Transwolff,78862 ,FMZ4F11 ,eBásico ,2024,P8,0.001112,2.6e-05
D11 ,Transwolff,78861 ,FJR7F11 ,eBásico ,2024,P8,0.001112,2.6e-05
D12 ,Transcap,85856 ,TLD2A85 ,eBásico ,2024,P8,0.001112,2.6e-05
D13 ,Alfa Rodobus,86611 ,UDS0B36 ,eBásico ,2024,P8,0.001112,2.6e-05
D1 ,Norte Buss,16978 ,TKU5B06 ,eBásico ,2024,P8,0.001112,2.6e-05
D1 ,Norte Buss,16979 ,TKB1I95 ,eBásico ,2024,P8,0.001112,2.6e-05
D1 ,Norte Buss,16980 ,TJS0C46 ,eBásico ,2024,P8,0.001112,2.6e-05
D1 ,Norte Buss,16981 ,TKF7F11 ,eBásico ,2024,P8,0.001112,2.6e-05
D11 ,Transwolff,78784 ,DSX2I64 ,eBásico ,2024,P8,0.001112,2.6e-05
D12 ,Transcap,85885 ,TKO3E22 ,eBásico ,2024,P8,0.001112,2.6e-05
D1 ,Norte Buss,16982 ,EMO5I02 ,eBásico ,2024,P8,0.001112,2.6e-05
D11 ,Transwolff,78780 ,GIH5H02 ,eBásico ,2024,P8,0.001112,2.6e-05
D1 ,Norte Buss,16984 ,TKC3D34 ,eBásico ,2024,P8,0.001112,2.6e-05
D1 ,Norte Buss,16985 ,TKO7I85 ,eBásico ,2024,P8,0.001112,2.6e-05
D1 ,Norte Buss,16986 ,SWQ5J06 ,eBásico ,2024,P8,0.001112,2.6e-05
D11 ,Transwolff,78848 ,GEO2C73 ,eBásico ,2024,P8,0.001112,2.6e-05
D12 ,Transcap,85855 ,TJS5G67 ,eBásico ,2024,P8,0.001112,2.6e-05
D1 ,Norte Buss,16983 ,TLG6E43 ,eBásico ,2024,P8,0.001112,2.6e-05
E5 ,Mobibrasil,63565 ,SVO2C03 ,Articulado ,2024,P8,0.001112,2.6e-05
E5 ,Mobibrasil,63086 ,STB0J99 ,Articulado ,2024,P8,0.001112,2.6e-05
E5 ,Mobibrasil,63085 ,STY6I33 ,Articulado ,2024,P8,0.001112,2.6e-05
E5 ,Mobibrasil,63084 ,SVC5C50 ,Articulado ,2024,P8,0.001112,2.6e-05
E5 ,Mobibrasil,63083 ,SUU3A82 ,Articulado ,2024,P8,0.001112,2.6e-05
E5 ,Mobibrasil,63082 ,SSU0G30 ,Articulado ,2024,P8,0.001112,2.6e-05
E5 ,Mobibrasil,63081 ,SWZ3A88 ,Articulado ,2024,P8,0.001112,2.6e-05
D11 ,Transwolff,78959 ,FBG3D04 ,eBásico ,2024,P8,0.001112,2.6e-05
D11 ,Transwolff,78968 ,GCO0C42 ,eBásico ,2024,P8,0.001112,2.6e-05
D12 ,Transcap,85884 ,UDI9I77 ,eBásico ,2024,P8,0.001112,2.6e-05
E5 ,Mobibrasil,63566 ,STJ9I63 ,Articulado ,2024,P8,0.001112,2.6e-05
D1 ,Norte Buss,16972 ,FWF4G32 ,eBásico ,2024,P8,0.001112,2.6e-05
E5 ,Mobibrasil,63568 ,SUK1I45 ,Articulado ,2024,P8,0.001112,2.6e-05
E2 ,Sambaiba,21779 ,STL7E79 ,Articulado ,2024,P8,0.001112,2.6e-05
D13 ,Alfa Rodobus,86613 ,UDL9F22 ,eBásico ,2024,P8,0.001112,2.6e-05
D2 ,Norte Buss,26402 ,TKY6J67 ,eBásico ,2024,P8,0.001112,2.6e-05
D2 ,Norte Buss,26403 ,TLV3E03 ,eBásico ,2024,P8,0.001112,2.6e-05
D2 ,Norte Buss,26406 ,TME9G62 ,eBásico ,2024,P8,0.001112,2.6e-05
D2 ,Norte Buss,26407 ,TJP0G65 ,eBásico ,2024,P8,0.001112,2.6e-05
D2 ,Norte Buss,26416 ,TLV2F04 ,eBásico ,2024,P8,0.001112,2.6e-05
E2 ,Sambaiba,21778 ,SSR7E78 ,Articulado ,2024,P8,0.001112,2.6e-05
E2 ,Sambaiba,21780 ,STR7E80 ,Articulado ,2024,P8,0.001112,2.6e-05
D1 ,Norte Buss,16989 ,TLZ2A16 ,eBásico ,2024,P8,0.001112,2.6e-05
D2 ,Norte Buss,26479 ,TJW4H75 ,eBásico ,2024,P8,0.001112,2.6e-05
D2 ,Norte Buss,26484 ,TKI8H61 ,eBásico ,2024,P8,0.001112,2.6e-05
D12 ,Transcap,85793 ,SVV4C96 ,eBásico ,2024,P8,0.001112,2.6e-05
D12 ,Transcap,85794 ,FGB4G31 ,eBásico ,2024,P8,0.001112,2.6e-05
D12 ,Transcap,85795 ,BYZ6J12 ,eBásico ,2024,P8,0.001112,2.6e-05
D12 ,Transcap,85796 ,SUV4J93 ,eBásico ,2024,P8,0.001112,2.6e-05
D12 ,Transcap,85797 ,STR2G24 ,eBásico ,2024,P8,0.001112,2.6e-05
D12 ,Transcap,85798 ,SVY5B95 ,eBásico ,2024,P8,0.001112,2.6e-05
D12 ,Transcap,85799 ,SVU9J25 ,eBásico ,2024,P8,0.001112,2.6e-05
D12 ,Transcap,85800 ,SVQ6F66 ,eBásico ,2024,P8,0.001112,2.6e-05
D12 ,Transcap,85801 ,SWL9C37 ,eBásico ,2024,P8,0.001112,2.6e-05
D12 ,Transcap,85804 ,FCK8G01 ,eBásico ,2024,P8,0.001112,2.6e-05
D12 ,Transcap,85805 ,FVF4F62 ,eBásico ,2024,P8,0.001112,2.6e-05
D2 ,Norte Buss,26453 ,SWA9C75 ,eBásico ,2024,P8,0.001112,2.6e-05
D12 ,Transcap,85806 ,FYQ0D71 ,eBásico ,2024,P8,0.001112,2.6e-05
E2 ,Sambaiba,21765 ,SSU7E65 ,Articulado ,2024,P8,0.001112,2.6e-05
E2 ,Sambaiba,21766 ,SSS7E66 ,Articulado ,2024,P8,0.001112,2.6e-05
E2 ,Sambaiba,21767 ,SSS7E67 ,Articulado ,2024,P8,0.001112,2.6e-05
E2 ,Sambaiba,21768 ,STB7E68 ,Articulado ,2024,P8,0.001112,2.6e-05
E2 ,Sambaiba,21764 ,BXZ7E64 ,Articulado ,2024,P8,0.001112,2.6e-05
E2 ,Sambaiba,21763 ,BYP7E63 ,Articulado ,2024,P8,0.001112,2.6e-05
E2 ,Sambaiba,21769 ,SSS7E69 ,Articulado ,2024,P8,0.001112,2.6e-05
E2 ,Sambaiba,21770 ,CUV7E70 ,Articulado ,2024,P8,0.001112,2.6e-05
E2 ,Sambaiba,21762 ,BPQ7E62 ,Articulado ,2024,P8,0.001112,2.6e-05
E2 ,Sambaiba,21771 ,BYY7E71 ,Articulado ,2024,P8,0.001112,2.6e-05
E2 ,Sambaiba,21761 ,BTZ7E61 ,Articulado ,2024,P8,0.001112,2.6e-05
E2 ,Sambaiba,21760 ,SUC7E60 ,Articulado ,2024,P8,0.001112,2.6e-05
D1 ,Norte Buss,16987 ,SWT0B34 ,eBásico ,2024,P8,0.001112,2.6e-05
D1 ,Norte Buss,16988 ,TLA4I84 ,eBásico ,2024,P8,0.001112,2.6e-05
D2 ,Norte Buss,26338 ,SUO7D55 ,eBásico ,2024,P8,0.001112,2.6e-05
D2 ,Norte Buss,26352 ,TLE5A93 ,eBásico ,2024,P8,0.001112,2.6e-05
D2 ,Norte Buss,26376 ,TJI6C35 ,eBásico ,2024,P8,0.001112,2.6e-05
E2 ,Sambaiba,21772 ,BWK7E72 ,Articulado ,2024,P8,0.001112,2.6e-05
E2 ,Sambaiba,21773 ,FMN7E73 ,Articulado ,2024,P8,0.001112,2.6e-05
E2 ,Sambaiba,21774 ,DYH7E74 ,Articulado ,2024,P8,0.001112,2.6e-05
E5 ,Mobibrasil,63567 ,SVH1H91 ,Articulado ,2024,P8,0.001112,2.6e-05
E2 ,Sambaiba,21775 ,SSY7E75 ,Articulado ,2024,P8,0.001112,2.6e-05
E2 ,Sambaiba,21776 ,SSW7E76 ,Articulado ,2024,P8,0.001112,2.6e-05
E2 ,Sambaiba,21777 ,SUU7E77 ,Articulado ,2024,P8,0.001112,2.6e-05
D2 ,Norte Buss,26339 ,TJO2D44 ,eBásico ,2024,P8,0.001112,2.6e-05
D12 ,Transcap,85807 ,STZ3E55 ,eBásico ,2024,P8,0.001112,2.6e-05
D2 ,Norte Buss,26470 ,TKR8A25 ,eBásico ,2024,P8,0.001112,2.6e-05
D12 ,Transcap,85809 ,TME2J74 ,eBásico ,2024,P8,0.001112,2.6e-05
D12 ,Transcap,85808 ,TJJ6C81 ,eBásico ,2024,P8,0.001112,2.6e-05
D8 ,Movebuss,55020 ,TKK5A39 ,eBásico ,2024,P8,0.001112,2.6e-05
D12 ,Transcap,85867 ,TJX6J96 ,eBásico ,2024,P8,0.001112,2.6e-05
E2 ,Sambaiba,21781 ,BSX7E81 ,Articulado ,2024,P8,0.001112,2.6e-05
D1 ,Norte Buss,16996 ,TJH5F96 ,eBásico ,2024,P8,0.001112,2.6e-05
D1 ,Norte Buss,16995 ,TLW3D75 ,eBásico ,2024,P8,0.001112,2.6e-05
D12 ,Transcap,85866 ,SWG1D37 ,eBásico ,2024,P8,0.001112,2.6e-05
D1 ,Norte Buss,16994 ,TJK3C84 ,eBásico ,2024,P8,0.001112,2.6e-05
D12 ,Transcap,85812 ,FBR3D21 ,eBásico ,2024,P8,0.001112,2.6e-05
D12 ,Transcap,85811 ,GJX0E94 ,eBásico ,2024,P8,0.001112,2.6e-05
D12 ,Transcap,85810 ,FMH1I34 ,eBásico ,2024,P8,0.001112,2.6e-05
D1 ,Norte Buss,16992 ,TJB8E22 ,eBásico ,2024,P8,0.001112,2.6e-05
D1 ,Norte Buss,16991 ,TJU2C91 ,eBásico ,2024,P8,0.001112,2.6e-05
D1 ,Norte Buss,16990 ,TJS7A04 ,eBásico ,2024,P8,0.001112,2.6e-05
D1 ,Norte Buss,16993 ,TLU9A63 ,eBásico ,2024,P8,0.001112,2.6e-05
D12 ,Transcap,85865 ,TKD0H16 ,eBásico ,2024,P8,0.001112,2.6e-05
D12 ,Transcap,85860 ,TJY2H52 ,eBásico ,2024,P8,0.001112,2.6e-05
D12 ,Transcap,85861 ,TLA5B06 ,eBásico ,2024,P8,0.001112,2.6e-05
D12 ,Transcap,85862 ,TMG7G37 ,eBásico ,2024,P8,0.001112,2.6e-05
D12 ,Transcap,85863 ,TJU3C33 ,eBásico ,2024,P8,0.001112,2.6e-05
D12 ,Transcap,85864 ,TJN4I07 ,eBásico ,2024,P8,0.001112,2.6e-05
D1 ,Norte Buss,16669 ,TIO4A46 ,eBásico ,2025,P8,0.001112,2.6e-05
D1 ,Norte Buss,16268 ,TKP2A98 ,eBásico ,2025,P8,0.001112,2.6e-05
D1 ,Norte Buss,16476 ,TJM1J16 ,eBásico ,2025,P8,0.001112,2.6e-05
D8 ,Movebuss,55491 ,SWL1E85 ,eBásico ,2025,P8,0.001112,2.6e-05
D8 ,Movebuss,55533 ,TIX3F73 ,eBásico ,2025,P8,0.001112,2.6e-05
D12 ,Transcap,85868 ,TJM6F77 ,eBásico ,2025,P8,0.001112,2.6e-05
D1 ,Norte Buss,16513 ,TKF9A53 ,eBásico ,2025,P8,0.001112,2.6e-05
D8 ,Movebuss,55559 ,BWS3A82 ,eBásico ,2025,P8,0.001112,2.6e-05
D1 ,Norte Buss,16544 ,TLU7E24 ,eBásico ,2025,P8,0.001112,2.6e-05
D1 ,Norte Buss,16357 ,TIX9J87 ,eBásico ,2025,P8,0.001112,2.6e-05
D1 ,Norte Buss,16608 ,TLD2F18 ,eBásico ,2025,P8,0.001112,2.6e-05
D1 ,Norte Buss,16111 ,TJG1H81 ,eBásico ,2025,P8,0.001112,2.6e-05
D8 ,Movebuss,55437 ,SWH9G74 ,eBásico ,2025,P8,0.001112,2.6e-05
D1 ,Norte Buss,16086 ,TKD9A86 ,eBásico ,2025,P8,0.001112,2.6e-05
D2 ,Norte Buss,26332 ,TJY9D91 ,eBásico ,2025,P8,0.001112,2.6e-05
D1 ,Norte Buss,16712 ,TIQ0F72 ,eBásico ,2025,P8,0.001112,2.6e-05
D12 ,Transcap,85876 ,TLA2C97 ,eBásico ,2026,P8,0.001112,2.6e-05
D12 ,Transcap,85874 ,TLY5F97 ,eBásico ,2026,P8,0.001112,2.6e-05
D12 ,Transcap,85872 ,TMH8I67 ,eBásico ,2026,P8,0.001112,2.6e-05
D12 ,Transcap,85877 ,TLP0B15 ,eBásico ,2026,P8,0.001112,2.6e-05
D12 ,Transcap,85878 ,SWV9H83 ,eBásico ,2026,P8,0.001112,2.6e-05
D12 ,Transcap,85875 ,TJD5B75 ,eBásico ,2026,P8,0.001112,2.6e-05
D13 ,Alfa Rodobus,86625 ,QSX6A64 ,eBásico ,2026,P8,0.001112,2.6e-05
D12 ,Transcap,85870 ,TLR1H67 ,eBásico ,2026,P8,0.001112,2.6e-05
D12 ,Transcap,85869 ,TJT3C07 ,eBásico ,2026,P8,0.001112,2.6e-05
D13 ,Alfa Rodobus,86619 ,QSO2B67 ,eBásico ,2026,P8,0.001112,2.6e-05
D13 ,Alfa Rodobus,86620 ,ELW9G82 ,eBásico ,2026,P8,0.001112,2.6e-05
D13 ,Alfa Rodobus,86621 ,SWC0J26 ,eBásico ,2026,P8,0.001112,2.6e-05
D13 ,Alfa Rodobus,86622 ,QSW9H82 ,eBásico ,2026,P8,0.001112,2.6e-05
D13 ,Alfa Rodobus,86623 ,SVQ9D54 ,eBásico ,2026,P8,0.001112,2.6e-05
D13 ,Alfa Rodobus,86624 ,QSQ2C71 ,eBásico ,2026,P8,0.001112,2.6e-05
D12 ,Transcap,85879 ,TJS0F56 ,eBásico ,2026,P8,0.001112,2.6e-05
D12 ,Transcap,85880 ,TLZ4E86 ,eBásico ,2026,P8,0.001112,2.6e-05
D12 ,Transcap,85881 ,TLM3J95 ,eBásico ,2026,P8,0.001112,2.6e-05
D12 ,Transcap,85882 ,TJL1A85 ,eBásico ,2026,P8,0.001112,2.6e-05
D12 ,Transcap,85883 ,TLW2E96 ,eBásico ,2026,P8,0.001112,2.6e-05
D13 ,Alfa Rodobus,86626 ,UDQ2C69 ,eBásico ,2026,P8,0.001112,2.6e-05
D12 ,Transcap,85871 ,TLJ5B57 ,eBásico ,2026,P8,0.001112,2.6e-05
D12 ,Transcap,85873 ,TLB7C05 ,eBásico ,2026,P8,0.001112,2.6e-05
D7 ,Transunião,56524 ,UDQ3E80 ,eBásico ,2026,P8,0.001112,2.6e-05
D7 ,Transunião,56523 ,QSP6C92 ,eBásico ,2026,P8,0.001112,2.6e-05
D7 ,Transunião,56522 ,UDR1C01 ,eBásico ,2026,P8,0.001112,2.6e-05
D7 ,Transunião,56521 ,QSW2C31 ,eBásico ,2026,P8,0.001112,2.6e-05
D7 ,Transunião,56520 ,UDD8I41 ,eBásico ,2026,P8,0.001112,2.6e-05
D7 ,Transunião,56519 ,UDG4D52 ,eBásico ,2026,P8,0.001112,2.6e-05
D7 ,Transunião,56518 ,UFQ1D22 ,eBásico ,2026,P8,0.001112,2.6e-05
D7 ,Transunião,56517 ,QSO9F12 ,eBásico ,2026,P8,0.001112,2.6e-05
D7 ,Transunião,56516 ,UDK7E84 ,eBásico ,2026,P8,0.001112,2.6e-05
D7 ,Transunião,56515 ,SUJ9A76 ,eBásico ,2026,P8,0.001112,2.6e-05
D7 ,Transunião,56514 ,QSV2D43 ,eBásico ,2026,P8,0.001112,2.6e-05
D7 ,Transunião,56513 ,UEA2H62 ,eBásico ,2026,P8,0.001112,2.6e-05
D7 ,Transunião,56512 ,QSY7G60 ,eBásico ,2026,P8,0.001112,2.6e-05
D7 ,Transunião,56511 ,QSR3G61 ,eBásico ,2026,P8,0.001112,2.6e-05
D7 ,Transunião,56510 ,UDX0I92 ,eBásico ,2026,P8,0.001112,2.6e-05
D7 ,Transunião,56509 ,QSZ4E16 ,eBásico ,2026,P8,0.001112,2.6e-05
D7 ,Transunião,56508 ,UGI0E42 ,eBásico ,2026,P8,0.001112,2.6e-05
D7 ,Transunião,56500 ,UFE1H21 ,eBásico ,2026,P8,0.001112,2.6e-05
D7 ,Transunião,56502 ,UDS9B34 ,eBásico ,2026,P8,0.001112,2.6e-05
D7 ,Transunião,56503 ,GFH7A12 ,eBásico ,2026,P8,0.001112,2.6e-05
D7 ,Transunião,56504 ,TJR8H53 ,eBásico ,2026,P8,0.001112,2.6e-05
D7 ,Transunião,56505 ,QSV9J21 ,eBásico ,2026,P8,0.001112,2.6e-05
D7 ,Transunião,56506 ,QSY1I32 ,eBásico ,2026,P8,0.001112,2.6e-05
D7 ,Transunião,56507 ,UDA9H79 ,eBásico ,2026,P8,0.001112,2.6e-05
D7 ,Transunião,56501 ,QSS2G92 ,eBásico ,2026,P8,0.001112,2.6e-05
D2 ,Norte Buss,26487 ,TKP8G45 ,eBásico ,2026,P8,0.001112,2.6e-05
D2 ,Norte Buss,26006 ,TJA9J96 ,eBásico ,2026,P8,0.001112,2.6e-05
D2 ,Norte Buss,26009 ,TLQ9H06 ,eBásico ,2026,P8,0.001112,2.6e-05
D2 ,Norte Buss,26041 ,TKI6A54 ,eBásico ,2026,P8,0.001112,2.6e-05
D2 ,Norte Buss,26043 ,TMD7J76 ,eBásico ,2026,P8,0.001112,2.6e-05
D2 ,Norte Buss,26050 ,TJE7H33 ,eBásico ,2026,P8,0.001112,2.6e-05
D2 ,Norte Buss,26084 ,TIR5G93 ,eBásico ,2026,P8,0.001112,2.6e-05
D2 ,Norte Buss,26091 ,TJO7F75 ,eBásico ,2026,P8,0.001112,2.6e-05
D2 ,Norte Buss,26147 ,TKR6D82 ,eBásico ,2026,P8,0.001112,2.6e-05
D2 ,Norte Buss,26248 ,TJH7C83 ,eBásico ,2026,P8,0.001112,2.6e-05
D2 ,Norte Buss,26288 ,UDN9I68 ,eBásico ,2026,P8,0.001112,2.6e-05
D2 ,Norte Buss,26308 ,TLG9J96 ,eBásico ,2026,P8,0.001112,2.6e-05
D2 ,Norte Buss,26321 ,SUC6A71 ,eBásico ,2026,P8,0.001112,2.6e-05
D2 ,Norte Buss,26396 ,FPU2B32 ,eBásico ,2026,P8,0.001112,2.6e-05
D2 ,Norte Buss,26134 ,TLF9D54 ,eBásico ,2026,P8,0.001112,2.6e-05
D13 ,Alfa Rodobus,86627 ,QSW4C38 ,eBásico ,2026,P8,0.001112,2.6e-05
D9 ,A2,68542 ,UFF6J00 ,eBásico ,2026,P8,0.001112,2.6e-05
D9 ,A2,68543 ,UGD2F50 ,eBásico ,2026,P8,0.001112,2.6e-05
D9 ,A2,68545 ,UFZ1H80 ,eBásico ,2026,P8,0.001112,2.6e-05
D9 ,A2,68546 ,CUA1J06 ,eBásico ,2026,P8,0.001112,2.6e-05
D9 ,A2,68547 ,QSZ3H69 ,eBásico ,2026,P8,0.001112,2.6e-05
D9 ,A2,68548 ,UGF9A69 ,eBásico ,2026,P8,0.001112,2.6e-05
D9 ,A2,68550 ,UEF1I59 ,eBásico ,2026,P8,0.001112,2.6e-05
D9 ,A2,68552 ,UFB6I90 ,eBásico ,2026,P8,0.001112,2.6e-05
D9 ,A2,68553 ,UGQ0B30 ,eBásico ,2026,P8,0.001112,2.6e-05
D9 ,A2,68541 ,UDR7I90 ,eBásico ,2026,P8,0.001112,2.6e-05
D9 ,A2,68540 ,UEU1H20 ,eBásico ,2026,P8,0.001112,2.6e-05
D13 ,Alfa Rodobus,86628 ,EOC1D22 ,eBásico ,2026,P8,0.001112,2.6e-05
D9 ,A2,68538 ,UEQ6B50 ,eBásico ,2026,P8,0.001112,2.6e-05
D9 ,A2,68475 ,UEC7I60 ,eBásico ,2026,P8,0.001112,2.6e-05
D9 ,A2,68474 ,UEM0B30 ,eBásico ,2026,P8,0.001112,2.6e-05
D9 ,A2,68473 ,UGK6F80 ,eBásico ,2026,P8,0.001112,2.6e-05
D9 ,A2,68472 ,UGC6E60 ,eBásico ,2026,P8,0.001112,2.6e-05
D9 ,A2,68539 ,UDQ7J90 ,eBásico ,2026,P8,0.001112,2.6e-05
D9 ,A2,68477 ,UGH8G90 ,eBásico ,2026,P8,0.001112,2.6e-05
D9 ,A2,68463 ,UGI4E80 ,eBásico ,2026,P8,0.001112,2.6e-05
D9 ,A2,68465 ,UDR3J80 ,eBásico ,2026,P8,0.001112,2.6e-05
D9 ,A2,68466 ,UDG1A60 ,eBásico ,2026,P8,0.001112,2.6e-05
D9 ,A2,68478 ,QSZ7I50 ,eBásico ,2026,P8,0.001112,2.6e-05
D9 ,A2,68479 ,UDD9I70 ,eBásico ,2026,P8,0.001112,2.6e-05
D9 ,A2,68508 ,UDZ7C10 ,eBásico ,2026,P8,0.001112,2.6e-05
D9 ,A2,68537 ,UDW3I40 ,eBásico ,2026,P8,0.001112,2.6e-05
D9 ,A2,68535 ,UEH7I80 ,eBásico ,2026,P8,0.001112,2.6e-05
D9 ,A2,68534 ,UDW2J00 ,eBásico ,2026,P8,0.001112,2.6e-05
D9 ,A2,68533 ,UGT6C40 ,eBásico ,2026,P8,0.001112,2.6e-05
D9 ,A2,68532 ,UDT7D10 ,eBásico ,2026,P8,0.001112,2.6e-05
D9 ,A2,68531 ,UEW4D20 ,eBásico ,2026,P8,0.001112,2.6e-05
D9 ,A2,68530 ,UEM5C80 ,eBásico ,2026,P8,0.001112,2.6e-05
D9 ,A2,68529 ,UEL7A40 ,eBásico ,2026,P8,0.001112,2.6e-05
D9 ,A2,68528 ,UDV9E10 ,eBásico ,2026,P8,0.001112,2.6e-05
D9 ,A2,68527 ,UEJ9G90 ,eBásico ,2026,P8,0.001112,2.6e-05
D9 ,A2,68526 ,UDN8C00 ,eBásico ,2026,P8,0.001112,2.6e-05
D9 ,A2,68525 ,UGB0A90 ,eBásico ,2026,P8,0.001112,2.6e-05
D9 ,A2,68524 ,UFL2A60 ,eBásico ,2026,P8,0.001112,2.6e-05
D9 ,A2,68523 ,UGQ7E50 ,eBásico ,2026,P8,0.001112,2.6e-05
D9 ,A2,68522 ,UDW5C60 ,eBásico ,2026,P8,0.001112,2.6e-05
D9 ,A2,68521 ,UEH1E20 ,eBásico ,2026,P8,0.001112,2.6e-05
D9 ,A2,68520 ,UGC4D30 ,eBásico ,2026,P8,0.001112,2.6e-05
D9 ,A2,68519 ,UGQ5F70 ,eBásico ,2026,P8,0.001112,2.6e-05
D9 ,A2,68517 ,UDO6I49 ,eBásico ,2026,P8,0.001112,2.6e-05
D9 ,A2,68470 ,UED4E40 ,eBásico ,2026,P8,0.001112,2.6e-05
D9 ,A2,68467 ,UFJ9I10 ,eBásico ,2026,P8,0.001112,2.6e-05
D7 ,Transunião,56539 ,UER4J54 ,eBásico ,2027,P8,0.001112,2.6e-05
D7 ,Transunião,56538 ,UEI0A11 ,eBásico ,2027,P8,0.001112,2.6e-05
D3 ,Transunião ,36005 ,UDQ5G58 ,eBásico ,2027,P8,0.001112,2.6e-05
D3 ,Transunião ,36125 ,UGO0D22 ,eBásico ,2027,P8,0.001112,2.6e-05
D3 ,Transunião ,36027 ,UGB1A02 ,eBásico ,2027,P8,0.001112,2.6e-05
D3 ,Transunião ,36340 ,UGG7G82 ,eBásico ,2027,P8,0.001112,2.6e-05
D3 ,Transunião ,36316 ,UEL9D03 ,eBásico ,2027,P8,0.001112,2.6e-05
D3 ,Transunião ,36252 ,UGT1I81 ,eBásico ,2027,P8,0.001112,2.6e-05
D3 ,Transunião ,36224 ,UFV7A42 ,eBásico ,2027,P8,0.001112,2.6e-05
D3 ,Transunião ,36223 ,UEG2J91 ,eBásico ,2027,P8,0.001112,2.6e-05
D3 ,Transunião ,36201 ,UEX1G41 ,eBásico ,2027,P8,0.001112,2.6e-05
D3 ,Transunião ,36199 ,UGO0A81 ,eBásico ,2027,P8,0.001112,2.6e-05
D3 ,Transunião ,36197 ,UFV8I71 ,eBásico ,2027,P8,0.001112,2.6e-05
D3 ,Transunião ,36191 ,UFW8B42 ,eBásico ,2027,P8,0.001112,2.6e-05
D3 ,Transunião ,36134 ,UGF3J52 ,eBásico ,2027,P8,0.001112,2.6e-05
D3 ,Transunião ,36113 ,UDN5D67 ,eBásico ,2027,P8,0.001112,2.6e-05
D3 ,Transunião ,36111 ,UDG8E92 ,eBásico ,2027,P8,0.001112,2.6e-05
D3 ,Transunião ,36089 ,UGU3D62 ,eBásico ,2027,P8,0.001112,2.6e-05
D3 ,Transunião ,36032 ,UDJ6J52 ,eBásico ,2027,P8,0.001112,2.6e-05
D3 ,Transunião ,36012 ,UDK8G81 ,eBásico ,2027,P8,0.001112,2.6e-05
D3 ,Transunião ,36341 ,UEZ6F62 ,eBásico ,2027,P8,0.001112,2.6e-05
D3 ,Transunião ,36342 ,UFE2B44 ,eBásico ,2027,P8,0.001112,2.6e-05
D3 ,Transunião ,36654 ,UDR6I87 ,eBásico ,2027,P8,0.001112,2.6e-05
D3 ,Transunião ,36344 ,UEH9C88 ,eBásico ,2027,P8,0.001112,2.6e-05
D7 ,Transunião,56529 ,UEQ7B01 ,eBásico ,2027,P8,0.001112,2.6e-05
D7 ,Transunião,56530 ,QSV5I42 ,eBásico ,2027,P8,0.001112,2.6e-05
D7 ,Transunião,56531 ,UDN8B09 ,eBásico ,2027,P8,0.001112,2.6e-05
D7 ,Transunião,56532 ,UER2G27 ,eBásico ,2027,P8,0.001112,2.6e-05
D7 ,Transunião,56533 ,QSU8I74 ,eBásico ,2027,P8,0.001112,2.6e-05
D7 ,Transunião,56534 ,UGR5G69 ,eBásico ,2027,P8,0.001112,2.6e-05
D7 ,Transunião,56528 ,QSV8C23 ,eBásico ,2027,P8,0.001112,2.6e-05
D7 ,Transunião,56535 ,UFS7D62 ,eBásico ,2027,P8,0.001112,2.6e-05
D7 ,Transunião,56537 ,UES4E24 ,eBásico ,2027,P8,0.001112,2.6e-05
D6 ,Allibus,45788 ,UEJ5A13 ,eBásico ,2027,P8,0.001112,2.6e-05
D6 ,Allibus,45787 ,EXY1B42 ,eBásico ,2027,P8,0.001112,2.6e-05
D6 ,Allibus,45786 ,QSP0I18 ,eBásico ,2027,P8,0.001112,2.6e-05
D6 ,Allibus,45785 ,EJQ0D91 ,eBásico ,2027,P8,0.001112,2.6e-05
D6 ,Allibus,45784 ,QSO2J48 ,eBásico ,2027,P8,0.001112,2.6e-05
D7 ,Transunião,56536 ,UEE4J16 ,eBásico ,2027,P8,0.001112,2.6e-05
D7 ,Transunião,56527 ,UGR6D05 ,eBásico ,2027,P8,0.001112,2.6e-05
D7 ,Transunião,56526 ,TJH1C76 ,eBásico ,2027,P8,0.001112,2.6e-05
D7 ,Transunião,56525 ,QSS1I98 ,eBásico ,2027,P8,0.001112,2.6e-05
D6 ,Allibus,45783 ,TIZ4J04 ,eBásico ,2027,P8,0.001112,2.6e-05
D3 ,Transunião ,36343 ,UEO1B45 ,eBásico ,2027,P8,0.001112,2.6e-05
D6 ,Allibus,45782 ,UDF9G58 ,eBásico ,2027,P8,0.001112,2.6e-05
D6 ,Allibus,45780 ,UFQ4A28 ,eBásico ,2027,P8,0.001112,2.6e-05
D3 ,Transunião ,36614 ,UEK8E33 ,eBásico ,2027,P8,0.001112,2.6e-05
D3 ,Transunião ,36603 ,UGP5C91 ,eBásico ,2027,P8,0.001112,2.6e-05
D3 ,Transunião ,36600 ,UFG9D62 ,eBásico ,2027,P8,0.001112,2.6e-05
D3 ,Transunião ,36584 ,UFR7I21 ,eBásico ,2027,P8,0.001112,2.6e-05
D3 ,Transunião ,36578 ,UGG3E26 ,eBásico ,2027,P8,0.001112,2.6e-05
D3 ,Transunião ,36570 ,UDH1B57 ,eBásico ,2027,P8,0.001112,2.6e-05
D3 ,Transunião ,36618 ,UER3E66 ,eBásico ,2027,P8,0.001112,2.6e-05
D3 ,Transunião ,36564 ,UGN7I91 ,eBásico ,2027,P8,0.001112,2.6e-05
D3 ,Transunião ,36531 ,UGK8C85 ,eBásico ,2027,P8,0.001112,2.6e-05
D3 ,Transunião ,36349 ,UGL0C56 ,eBásico ,2027,P8,0.001112,2.6e-05
D3 ,Transunião ,36348 ,UEV1G55 ,eBásico ,2027,P8,0.001112,2.6e-05
D3 ,Transunião ,36347 ,UET1D14 ,eBásico ,2027,P8,0.001112,2.6e-05
D3 ,Transunião ,36346 ,UFW9F04 ,eBásico ,2027,P8,0.001112,2.6e-05
D3 ,Transunião ,36345 ,UEV4J62 ,eBásico ,2027,P8,0.001112,2.6e-05
D3 ,Transunião ,36547 ,UEV3B38 ,eBásico ,2027,P8,0.001112,2.6e-05
D3 ,Transunião ,36623 ,UFR3G01 ,eBásico ,2027,P8,0.001112,2.6e-05
D3 ,Transunião ,36631 ,UEC8I43 ,eBásico ,2027,P8,0.001112,2.6e-05
D3 ,Transunião ,36646 ,UDY8E11 ,eBásico ,2027,P8,0.001112,2.6e-05
D6 ,Allibus,45779 ,UFN8E74 ,eBásico ,2027,P8,0.001112,2.6e-05
D6 ,Allibus,45778 ,QST9B25 ,eBásico ,2027,P8,0.001112,2.6e-05
D6 ,Allibus,45777 ,TLL0J34 ,eBásico ,2027,P8,0.001112,2.6e-05
D6 ,Allibus,45776 ,UFN9G37 ,eBásico ,2027,P8,0.001112,2.6e-05
D6 ,Allibus,45775 ,QSP6I75 ,eBásico ,2027,P8,0.001112,2.6e-05
D6 ,Allibus,45774 ,TKD0H64 ,eBásico ,2027,P8,0.001112,2.6e-05
D6 ,Allibus,45773 ,UFP6I75 ,eBásico ,2027,P8,0.001112,2.6e-05
D6 ,Allibus,45772 ,UDC6E58 ,eBásico ,2027,P8,0.001112,2.6e-05
D6 ,Allibus,45771 ,UGR9J15 ,eBásico ,2027,P8,0.001112,2.6e-05
D6 ,Allibus,45770 ,UFL2D37 ,eBásico ,2027,P8,0.001112,2.6e-05
D6 ,Allibus,45769 ,UFX9I05 ,eBásico ,2027,P8,0.001112,2.6e-05
D3 ,Transunião ,36697 ,UEJ1F22 ,eBásico ,2027,P8,0.001112,2.6e-05
D3 ,Transunião ,36671 ,UDT8H02 ,eBásico ,2027,P8,0.001112,2.6e-05
D3 ,Transunião ,36669 ,UEH3D83 ,eBásico ,2027,P8,0.001112,2.6e-05
D3 ,Transunião ,36657 ,UGS3H71 ,eBásico ,2027,P8,0.001112,2.6e-05
D6 ,Allibus,45781 ,UDG0E26 ,eBásico ,2027,P8,0.001112,2.6e-05
AR2 ,Sambaiba,22900 ,UDE9A00 ,ePadron ,2023,Não se aplica,,
E8 ,Transppass,81208 ,TKK1F76 ,ePadron ,2024,Não se aplica,,
E8 ,Transppass,81212 ,TMC5C98 ,ePadron ,2024,Não se aplica,,
E8 ,Transppass,81213 ,TIQ8I69 ,ePadron ,2024,Não se aplica,,
E8 ,Transppass,81214 ,TJB7D60 ,ePadron ,2024,Não se aplica,,
E8 ,Transppass,81221 ,TIR1A01 ,ePadron ,2024,Não se aplica,,
E8 ,Transppass,81222 ,TLJ3G52 ,ePadron ,2024,Não se aplica,,
E8 ,Transppass,81223 ,TJY5J93 ,ePadron ,2024,Não se aplica,,
AR4 ,Express,48387 ,UDO5H50 ,ePadron ,2024,Não se aplica,,
AR4 ,Express,48384 ,UGQ3I89 ,ePadron ,2024,Não se aplica,,
AR4 ,Express,48380 ,UGE3A50 ,ePadron ,2024,Não se aplica,,
E8 ,Transppass,81231 ,TLX7F85 ,ePadron ,2024,Não se aplica,,
E8 ,Transppass,81211 ,TJA3E47 ,ePadron ,2024,Não se aplica,,
E8 ,Transppass,81209 ,TJM6C96 ,ePadron ,2024,Não se aplica,,
E8 ,Transppass,81207 ,TLT3H46 ,ePadron ,2024,Não se aplica,,
E8 ,Transppass,81139 ,GKD7F83 ,ePadron ,2024,Não se aplica,,
E8 ,Transppass,81153 ,FPY0E34 ,ePadron ,2024,Não se aplica,,
E8 ,Transppass,81165 ,FYG0I34 ,ePadron ,2024,Não se aplica,,
E8 ,Transppass,81190 ,STH5J69 ,ePadron ,2024,Não se aplica,,
E8 ,Transppass,81191 ,SWX0A40 ,ePadron ,2024,Não se aplica,,
E8 ,Transppass,81192 ,STG0I60 ,ePadron ,2024,Não se aplica,,
E8 ,Transppass,81194 ,SSZ5B19 ,ePadron ,2024,Não se aplica,,
E8 ,Transppass,81195 ,STQ2C39 ,ePadron ,2024,Não se aplica,,
E8 ,Transppass,81197 ,SSU3A40 ,ePadron ,2024,Não se aplica,,
E8 ,Transppass,81198 ,SUC3J20 ,ePadron ,2024,Não se aplica,,
E8 ,Transppass,81199 ,SUK2C79 ,ePadron ,2024,Não se aplica,,
AR4 ,Express,48470 ,UGF5C79 ,ePadron ,2024,Não se aplica,,
E8 ,Transppass,81201 ,TLJ7F12 ,ePadron ,2024,Não se aplica,,
E8 ,Transppass,81202 ,TLQ0H22 ,ePadron ,2024,Não se aplica,,
E8 ,Transppass,81203 ,TKP9E63 ,ePadron ,2024,Não se aplica,,
E8 ,Transppass,81204 ,TKU6F24 ,ePadron ,2024,Não se aplica,,
E8 ,Transppass,81205 ,TLH4D65 ,ePadron ,2024,Não se aplica,,
E8 ,Transppass,81206 ,TME7I35 ,ePadron ,2024,Não se aplica,,
E8 ,Transppass,81193 ,SWI2D90 ,ePadron ,2024,Não se aplica,,
AR6 ,Mobibrasil,64707 ,SWJ7F14 ,ePadron ,2024,Não se aplica,,
AR4 ,Express,48214 ,UDP3A10 ,ePadron ,2024,Não se aplica,,
AR6 ,Mobibrasil,64706 ,SWT8D75 ,ePadron ,2024,Não se aplica,,
AR6 ,Mobibrasil,64703 ,SWL2J33 ,ePadron ,2024,Não se aplica,,
AR6 ,Mobibrasil,64705 ,SWL1J18 ,ePadron ,2024,Não se aplica,,
AR4 ,Express,48243 ,UDY2H69 ,ePadron ,2024,Não se aplica,,
AR6 ,Mobibrasil,64700 ,SWT9F22 ,ePadron ,2024,Não se aplica,,
AR6 ,Mobibrasil,64701 ,SWU5I27 ,ePadron ,2024,Não se aplica,,
AR6 ,Mobibrasil,64702 ,SWD8F79 ,ePadron ,2024,Não se aplica,,
AR6 ,Mobibrasil,64704 ,SVM0G37 ,ePadron ,2024,Não se aplica,,
E8 ,C Belo,71054 ,SVR3G97 ,ePadron ,2024,Não se aplica,,
AR3 ,Metropole,32658 ,SSU5B47 ,ePadron ,2024,Não se aplica,,
AR3 ,Metropole,32657 ,SVY5A38 ,ePadron ,2024,Não se aplica,,
E9 ,Gatusa,76200 ,TJW7F24 ,ePadron ,2024,Não se aplica,,
E9 ,Gatusa,76201 ,TJY5B40 ,ePadron ,2024,Não se aplica,,
AR3 ,Metropole,32656 ,STY8B93 ,ePadron ,2024,Não se aplica,,
AR3 ,Metropole,32655 ,STY1B72 ,ePadron ,2024,Não se aplica,,
E9 ,Gatusa,76202 ,TKS9G92 ,ePadron ,2024,Não se aplica,,
AR3 ,Metropole,32659 ,SUR5B53 ,ePadron ,2024,Não se aplica,,
AR3 ,Metropole,32654 ,STY2I17 ,ePadron ,2024,Não se aplica,,
AR3 ,Metropole,32653 ,STI9H57 ,ePadron ,2024,Não se aplica,,
AR3 ,Metropole,32652 ,STV1C78 ,ePadron ,2024,Não se aplica,,
AR3 ,Metropole,32651 ,STA2J84 ,ePadron ,2024,Não se aplica,,
AR3 ,Metropole,32650 ,STN3E27 ,ePadron ,2024,Não se aplica,,
E9 ,Gatusa,76203 ,TKM9A46 ,ePadron ,2024,Não se aplica,,
AR3 ,Metropole,32661 ,SWG8E24 ,ePadron ,2024,Não se aplica,,
AR3 ,Metropole,32660 ,SWU7B42 ,ePadron ,2024,Não se aplica,,
AR2 ,Sambaiba,22902 ,COT9A02 ,ePadron ,2024,Não se aplica,,
AR8 ,G Preto,82784 ,UEE2C53 ,ePadron ,2024,Não se aplica,,
E8 ,C Belo,71041 ,SVD6I16 ,ePadron ,2024,Não se aplica,,
E8 ,C Belo,71040 ,SUD0C57 ,ePadron ,2024,Não se aplica,,
E8 ,C Belo,71039 ,STY4E25 ,ePadron ,2024,Não se aplica,,
E8 ,C Belo,71038 ,FDR2C34 ,ePadron ,2024,Não se aplica,,
E8 ,C Belo,71037 ,STU2H33 ,ePadron ,2024,Não se aplica,,
E8 ,C Belo,71036 ,SUH5E22 ,ePadron ,2024,Não se aplica,,
E8 ,C Belo,71035 ,SUU9E97 ,ePadron ,2024,Não se aplica,,
E8 ,C Belo,71034 ,SWO8C46 ,ePadron ,2024,Não se aplica,,
E8 ,C Belo,71033 ,STZ8E45 ,ePadron ,2024,Não se aplica,,
E8 ,C Belo,71032 ,SWN1C54 ,ePadron ,2024,Não se aplica,,
E8 ,C Belo,71031 ,SSW6I83 ,ePadron ,2024,Não se aplica,,
E8 ,C Belo,71030 ,SVJ3J42 ,ePadron ,2024,Não se aplica,,
E8 ,C Belo,71029 ,STN6I91 ,ePadron ,2024,Não se aplica,,
E8 ,C Belo,71042 ,SWX3A08 ,ePadron ,2024,Não se aplica,,
E8 ,C Belo,71043 ,SVU6C99 ,ePadron ,2024,Não se aplica,,
E8 ,C Belo,71044 ,SWA4H81 ,ePadron ,2024,Não se aplica,,
E8 ,C Belo,71046 ,ELW0F21 ,ePadron ,2024,Não se aplica,,
E8 ,Transppass,81119 ,FVH2F24 ,ePadron ,2024,Não se aplica,,
E8 ,C Belo,71053 ,SWE6B36 ,ePadron ,2024,Não se aplica,,
E8 ,C Belo,71052 ,TLO5F43 ,ePadron ,2024,Não se aplica,,
E8 ,C Belo,71051 ,SVX1A05 ,ePadron ,2024,Não se aplica,,
E8 ,C Belo,71050 ,TKW3C42 ,ePadron ,2024,Não se aplica,,
E8 ,C Belo,71049 ,SUP9B84 ,ePadron ,2024,Não se aplica,,
E8 ,C Belo,71048 ,GFU5H13 ,ePadron ,2024,Não se aplica,,
E8 ,C Belo,71047 ,FTU7C82 ,ePadron ,2024,Não se aplica,,
E8 ,C Belo,71055 ,GFD6B71 ,ePadron ,2024,Não se aplica,,
E8 ,Transppass,81116 ,GCW6A54 ,ePadron ,2024,Não se aplica,,
E8 ,Transppass,81093 ,GHU2E24 ,ePadron ,2024,Não se aplica,,
AR0 ,Ambiental,41134 ,SUT6B26 ,ePadron ,2024,Não se aplica,,
AR0 ,Ambiental,41135 ,SUT9G81 ,ePadron ,2024,Não se aplica,,
AR0 ,Ambiental,41122 ,SWR3B43 ,ePadron ,2024,Não se aplica,,
AR0 ,Ambiental,41123 ,SWQ2F01 ,ePadron ,2024,Não se aplica,,
AR0 ,Ambiental,41124 ,GAK4H01 ,ePadron ,2024,Não se aplica,,
AR0 ,Ambiental,41125 ,SVS5J01 ,ePadron ,2024,Não se aplica,,
AR0 ,Ambiental,41133 ,SVH7H12 ,ePadron ,2024,Não se aplica,,
AR0 ,Ambiental,41131 ,GCI6C82 ,ePadron ,2024,Não se aplica,,
AR0 ,Ambiental,41130 ,SWK3I66 ,ePadron ,2024,Não se aplica,,
AR0 ,Ambiental,41129 ,SUS8E16 ,ePadron ,2024,Não se aplica,,
AR0 ,Ambiental,41128 ,STZ0D27 ,ePadron ,2024,Não se aplica,,
AR0 ,Ambiental,41127 ,SSZ7F12 ,ePadron ,2024,Não se aplica,,
AR0 ,Ambiental,41126 ,SWY0C01 ,ePadron ,2024,Não se aplica,,
AR0 ,Ambiental,41132 ,SWC7G12 ,ePadron ,2024,Não se aplica,,
AR4 ,Express,48940 ,SUM0G12 ,ePadron ,2024,Não se aplica,,
AR4 ,Express,48941 ,SWD3C74 ,ePadron ,2024,Não se aplica,,
AR4 ,Express,48942 ,SSV5H05 ,ePadron ,2024,Não se aplica,,
AR4 ,Express,48943 ,SSV2E72 ,ePadron ,2024,Não se aplica,,
AR4 ,Express,48945 ,STA0H53 ,ePadron ,2024,Não se aplica,,
AR4 ,Express,48946 ,STC2B24 ,ePadron ,2024,Não se aplica,,
E3 ,Metropole,31795 ,TKD0J80 ,ePadron ,2024,Não se aplica,,
E8 ,Transppass,81108 ,FGB3A04 ,ePadron ,2024,Não se aplica,,
AR4 ,Express,48938 ,STF3H07 ,ePadron ,2024,Não se aplica,,
AR4 ,Express,48931 ,SVO7H71 ,ePadron ,2024,Não se aplica,,
E1 ,Brigida,11999 ,SFH2C72 ,ePadron ,2024,Não se aplica,,
E3 ,Metropole,31780 ,STP4J58 ,ePadron ,2024,Não se aplica,,
E3 ,Metropole,31781 ,STJ2I17 ,ePadron ,2024,Não se aplica,,
E3 ,Metropole,31782 ,STJ1D97 ,ePadron ,2024,Não se aplica,,
E3 ,Metropole,31783 ,STB4G28 ,ePadron ,2024,Não se aplica,,
AR0 ,Ambiental,41136 ,FPY0A63 ,ePadron ,2024,Não se aplica,,
AR0 ,Ambiental,41137 ,STP8B73 ,ePadron ,2024,Não se aplica,,
E3 ,Metropole,31784 ,SVD4F85 ,ePadron ,2024,Não se aplica,,
E3 ,Metropole,31785 ,SWU0J24 ,ePadron ,2024,Não se aplica,,
E3 ,Metropole,31786 ,SVL1A31 ,ePadron ,2024,Não se aplica,,
E3 ,Metropole,31787 ,SUF0A54 ,ePadron ,2024,Não se aplica,,
AR0 ,Ambiental,41139 ,STQ8B63 ,ePadron ,2024,Não se aplica,,
E3 ,Metropole,31794 ,TLD9H69 ,ePadron ,2024,Não se aplica,,
E3 ,Metropole,31793 ,TKI5E70 ,ePadron ,2024,Não se aplica,,
E3 ,Metropole,31792 ,TJC9C59 ,ePadron ,2024,Não se aplica,,
E3 ,Metropole,31791 ,SWE0I32 ,ePadron ,2024,Não se aplica,,
AR0 ,Ambiental,41138 ,SUA6J93 ,ePadron ,2024,Não se aplica,,
E7 ,Metropole,73502 ,SWF9H07 ,ePadron ,2024,Não se aplica,,
E7 ,Metropole,73501 ,SWU2J52 ,ePadron ,2024,Não se aplica,,
E7 ,Metropole,73500 ,STN6C24 ,ePadron ,2024,Não se aplica,,
E3 ,Metropole,31789 ,STH1E03 ,ePadron ,2024,Não se aplica,,
E3 ,Metropole,31788 ,SVU7A52 ,ePadron ,2024,Não se aplica,,
E3 ,Metropole,31790 ,SWY8F03 ,ePadron ,2024,Não se aplica,,
AR9 ,C Belo,72009 ,TLL3D20 ,ePadron ,2024,Não se aplica,,
AR9 ,C Belo,72010 ,SVD3C21 ,ePadron ,2024,Não se aplica,,
AR9 ,C Belo,72011 ,TLF2E02 ,ePadron ,2024,Não se aplica,,
AR9 ,C Belo,72012 ,STH0E13 ,ePadron ,2024,Não se aplica,,
AR9 ,C Belo,72013 ,SVI3F34 ,ePadron ,2024,Não se aplica,,
AR9 ,C Belo,72014 ,TJZ7H35 ,ePadron ,2024,Não se aplica,,
AR9 ,C Belo,72015 ,TKF8D06 ,ePadron ,2024,Não se aplica,,
AR9 ,C Belo,72008 ,TLY5D39 ,ePadron ,2024,Não se aplica,,
AR9 ,C Belo,72006 ,TLG9F27 ,ePadron ,2024,Não se aplica,,
AR9 ,C Belo,72007 ,TMA6H68 ,ePadron ,2024,Não se aplica,,
AR9 ,C Belo,72001 ,TLJ3H24 ,ePadron ,2024,Não se aplica,,
AR9 ,C Belo,72002 ,SWM4G75 ,ePadron ,2024,Não se aplica,,
AR9 ,C Belo,72003 ,DCH0J81 ,ePadron ,2024,Não se aplica,,
AR9 ,C Belo,72004 ,TIQ8B86 ,ePadron ,2024,Não se aplica,,
AR9 ,C Belo,72005 ,TJU9A87 ,ePadron ,2024,Não se aplica,,
AR0 ,Ambiental,41105 ,EVO6F53 ,ePadron ,2024,Não se aplica,,
E8 ,Transppass,81085 ,GDW8G24 ,ePadron ,2024,Não se aplica,,
E5 ,Mobibrasil,63708 ,SVI4I76 ,ePadron ,2024,Não se aplica,,
AR0 ,Ambiental,41106 ,GHJ7B33 ,ePadron ,2024,Não se aplica,,
AR0 ,Ambiental,41107 ,FPQ5I74 ,ePadron ,2024,Não se aplica,,
AR0 ,Ambiental,41108 ,FQR0C84 ,ePadron ,2024,Não se aplica,,
AR0 ,Ambiental,41109 ,FNB3H64 ,ePadron ,2024,Não se aplica,,
AR0 ,Ambiental,41110 ,SSV0G94 ,ePadron ,2024,Não se aplica,,
E8 ,Transppass,81088 ,GDH5B04 ,ePadron ,2024,Não se aplica,,
AR0 ,Ambiental,41111 ,SVE5C76 ,ePadron ,2024,Não se aplica,,
AR0 ,Ambiental,41112 ,SSX0J56 ,ePadron ,2024,Não se aplica,,
E8 ,Transppass,81090 ,GEM7I14 ,ePadron ,2024,Não se aplica,,
AR0 ,Ambiental,41113 ,SWL1I15 ,ePadron ,2024,Não se aplica,,
AR0 ,Ambiental,41114 ,SUX1A55 ,ePadron ,2024,Não se aplica,,
AR0 ,Ambiental,41115 ,SUK1C25 ,ePadron ,2024,Não se aplica,,
AR0 ,Ambiental,41116 ,SVL4A75 ,ePadron ,2024,Não se aplica,,
AR0 ,Ambiental,41117 ,SVG1G65 ,ePadron ,2024,Não se aplica,,
AR0 ,Ambiental,41118 ,SUU0C47 ,ePadron ,2024,Não se aplica,,
AR0 ,Ambiental,41119 ,SVZ3G27 ,ePadron ,2024,Não se aplica,,
AR0 ,Ambiental,41120 ,SWH6B27 ,ePadron ,2024,Não se aplica,,
E5 ,Mobibrasil,63712 ,SVS9D53 ,ePadron ,2024,Não se aplica,,
AR9 ,Transppass,80235 ,TLA8C29 ,ePadron ,2024,Não se aplica,,
AR9 ,Transppass,80234 ,TLC7A58 ,ePadron ,2024,Não se aplica,,
AR0 ,Ambiental,41121 ,SVE6A92 ,ePadron ,2024,Não se aplica,,
AR9 ,Transppass,80233 ,TMF3E36 ,ePadron ,2024,Não se aplica,,
E5 ,Mobibrasil,63711 ,SVD4B34 ,ePadron ,2024,Não se aplica,,
E5 ,Mobibrasil,63710 ,SVK1F75 ,ePadron ,2024,Não se aplica,,
E5 ,Mobibrasil,63709 ,SVG6H42 ,ePadron ,2024,Não se aplica,,
AR0 ,Ambiental,41104 ,FYE4E53 ,ePadron ,2024,Não se aplica,,
AR0 ,Ambiental,41103 ,FJQ3D62 ,ePadron ,2024,Não se aplica,,
AR0 ,Ambiental,41101 ,ELI8D71 ,ePadron ,2024,Não se aplica,,
AR0 ,Ambiental,41102 ,FIP5C12 ,ePadron ,2024,Não se aplica,,
E8 ,Transppass,81073 ,FXR4J13 ,ePadron ,2024,Não se aplica,,
E8 ,Transppass,81075 ,GID7C64 ,ePadron ,2024,Não se aplica,,
AR9 ,Transppass,80304 ,TKK0I33 ,ePadron ,2024,Não se aplica,,
AR0 ,Ambiental,41100 ,GEV7G11 ,ePadron ,2024,Não se aplica,,
AR9 ,Transppass,80292 ,TMC8B70 ,ePadron ,2024,Não se aplica,,
AR9 ,Transppass,80306 ,TLR4B84 ,ePadron ,2024,Não se aplica,,
AR9 ,Transppass,80298 ,TLJ3I01 ,ePadron ,2024,Não se aplica,,
AR9 ,Transppass,80302 ,TKV9C72 ,ePadron ,2024,Não se aplica,,
AR0 ,Ambiental,41147 ,TMD3G84 ,ePadron ,2025,Não se aplica,,
AR3 ,Metropole,32689 ,QSS3A60 ,ePadron ,2025,Não se aplica,,
AR0 ,Ambiental,41143 ,FSX7I12 ,ePadron ,2025,Não se aplica,,
AR3 ,Metropole,32691 ,QST4B50 ,ePadron ,2025,Não se aplica,,
AR0 ,Ambiental,41151 ,SUT7C96 ,ePadron ,2025,Não se aplica,,
AR3 ,Metropole,32690 ,UEX0A50 ,ePadron ,2025,Não se aplica,,
AR0 ,Ambiental,41149 ,TIY7F85 ,ePadron ,2025,Não se aplica,,
AR3 ,Metropole,32692 ,UEF6A00 ,ePadron ,2025,Não se aplica,,
AR0 ,Ambiental,41146 ,TKS4B04 ,ePadron ,2025,Não se aplica,,
AR0 ,Ambiental,41145 ,STK9G13 ,ePadron ,2025,Não se aplica,,
AR0 ,Ambiental,41148 ,TJR9H05 ,ePadron ,2025,Não se aplica,,
AR3 ,Metropole,32693 ,UEH3I40 ,ePadron ,2025,Não se aplica,,
AR0 ,Ambiental,41144 ,TKD2F93 ,ePadron ,2025,Não se aplica,,
AR0 ,Ambiental,41150 ,TIP6B36 ,ePadron ,2025,Não se aplica,,
AR2 ,Sambaiba,22915 ,SVH9A15 ,ePadron ,2025,Não se aplica,,
AR2 ,Sambaiba,22928 ,CUT9A28 ,ePadron ,2025,Não se aplica,,
AR2 ,Sambaiba,22917 ,CUX9A17 ,ePadron ,2025,Não se aplica,,
AR2 ,Sambaiba,22932 ,BPO9A32 ,ePadron ,2025,Não se aplica,,
AR0 ,Ambiental,41142 ,SWV9E62 ,ePadron ,2025,Não se aplica,,
AR2 ,Sambaiba,22933 ,FVI9A33 ,ePadron ,2025,Não se aplica,,
AR2 ,Sambaiba,22934 ,CNI9A34 ,ePadron ,2025,Não se aplica,,
AR2 ,Sambaiba,22935 ,SVC9A35 ,ePadron ,2025,Não se aplica,,
AR2 ,Sambaiba,22931 ,BQU9A31 ,ePadron ,2025,Não se aplica,,
AR2 ,Sambaiba,22930 ,CUS9A30 ,ePadron ,2025,Não se aplica,,
AR2 ,Sambaiba,22929 ,CUS9A29 ,ePadron ,2025,Não se aplica,,
AR2 ,Sambaiba,22916 ,STL9A16 ,ePadron ,2025,Não se aplica,,
AR2 ,Sambaiba,22927 ,CUR9A27 ,ePadron ,2025,Não se aplica,,
AR2 ,Sambaiba,22925 ,TLL9A25 ,ePadron ,2025,Não se aplica,,
AR2 ,Sambaiba,22924 ,BOE9A24 ,ePadron ,2025,Não se aplica,,
AR2 ,Sambaiba,22923 ,CDR9A23 ,ePadron ,2025,Não se aplica,,
AR2 ,Sambaiba,22922 ,CDR9A22 ,ePadron ,2025,Não se aplica,,
AR2 ,Sambaiba,22921 ,BVE9A21 ,ePadron ,2025,Não se aplica,,
AR2 ,Sambaiba,22920 ,CUV9A20 ,ePadron ,2025,Não se aplica,,
AR2 ,Sambaiba,22919 ,CUO9A19 ,ePadron ,2025,Não se aplica,,
AR2 ,Sambaiba,22918 ,CUR9A18 ,ePadron ,2025,Não se aplica,,
AR2 ,Sambaiba,22926 ,SVL9A26 ,ePadron ,2025,Não se aplica,,
AR5 ,Via Sudeste,51300 ,TLJ4A58 ,ePadron ,2025,Não se aplica,,
AR3 ,Metropole,32669 ,TJH6A50 ,ePadron ,2025,Não se aplica,,
AR3 ,Metropole,32688 ,UGN3H10 ,ePadron ,2025,Não se aplica,,
AR5 ,Via Sudeste,51309 ,TKK9H24 ,ePadron ,2025,Não se aplica,,
AR0 ,Ambiental,41141 ,TLR4C81 ,ePadron ,2025,Não se aplica,,
AR3 ,Metropole,32676 ,UEO8H40 ,ePadron ,2025,Não se aplica,,
AR3 ,Metropole,32675 ,QSO7E40 ,ePadron ,2025,Não se aplica,,
AR3 ,Metropole,32674 ,QSZ1F40 ,ePadron ,2025,Não se aplica,,
AR3 ,Metropole,32670 ,TLU4J10 ,ePadron ,2025,Não se aplica,,
AR3 ,Metropole,32668 ,TJA7H50 ,ePadron ,2025,Não se aplica,,
AR0 ,Ambiental,41140 ,EEM5D71 ,ePadron ,2025,Não se aplica,,
AR8 ,G Preto,82785 ,UEP1J04 ,ePadron ,2025,Não se aplica,,
AR8 ,G Preto,82787 ,UDM5E11 ,ePadron ,2025,Não se aplica,,
AR8 ,G Preto,82788 ,UDJ8B82 ,ePadron ,2025,Não se aplica,,
AR3 ,Metropole,32667 ,TJK1B89 ,ePadron ,2025,Não se aplica,,
AR3 ,Metropole,32666 ,TJP0C39 ,ePadron ,2025,Não se aplica,,
AR3 ,Metropole,32665 ,TLR1G30 ,ePadron ,2025,Não se aplica,,
AR3 ,Metropole,32664 ,TLD1H60 ,ePadron ,2025,Não se aplica,,
AR3 ,Metropole,32663 ,TLV1I29 ,ePadron ,2025,Não se aplica,,
E2 ,Sambaiba,21100 ,TLI8E23 ,ePadron ,2025,Não se aplica,,
AR3 ,Metropole,32662 ,TLY0J40 ,ePadron ,2025,Não se aplica,,
AR2 ,Sambaiba,22901 ,EIE9A01 ,ePadron ,2025,Não se aplica,,
AR5 ,Via Sudeste,51308 ,TKJ4D53 ,ePadron ,2025,Não se aplica,,
AR3 ,Metropole,32677 ,QSS4E30 ,ePadron ,2025,Não se aplica,,
AR3 ,Metropole,32678 ,UDX4F70 ,ePadron ,2025,Não se aplica,,
AR5 ,Via Sudeste,51302 ,TLN4H27 ,ePadron ,2025,Não se aplica,,
AR5 ,Via Sudeste,51303 ,TIX1C57 ,ePadron ,2025,Não se aplica,,
AR3 ,Metropole,32687 ,UEE9F29 ,ePadron ,2025,Não se aplica,,
AR2 ,Sambaiba,22914 ,BZF9A14 ,ePadron ,2025,Não se aplica,,
AR2 ,Sambaiba,22913 ,FCC9A13 ,ePadron ,2025,Não se aplica,,
AR2 ,Sambaiba,22912 ,BPZ9A12 ,ePadron ,2025,Não se aplica,,
AR2 ,Sambaiba,22911 ,FMD9A11 ,ePadron ,2025,Não se aplica,,
AR2 ,Sambaiba,22910 ,CUU9A10 ,ePadron ,2025,Não se aplica,,
AR2 ,Sambaiba,22909 ,SVO6E34 ,ePadron ,2025,Não se aplica,,
AR2 ,Sambaiba,22908 ,TIT9A08 ,ePadron ,2025,Não se aplica,,
AR2 ,Sambaiba,22907 ,CUR9A07 ,ePadron ,2025,Não se aplica,,
AR5 ,Via Sudeste,51304 ,TJO0F16 ,ePadron ,2025,Não se aplica,,
AR3 ,Metropole,32686 ,UDX0J40 ,ePadron ,2025,Não se aplica,,
AR5 ,Via Sudeste,51301 ,TJV4B28 ,ePadron ,2025,Não se aplica,,
AR3 ,Metropole,32685 ,UDL4A70 ,ePadron ,2025,Não se aplica,,
AR2 ,Sambaiba,22906 ,STO9A06 ,ePadron ,2025,Não se aplica,,
AR5 ,Via Sudeste,51305 ,EWZ8G01 ,ePadron ,2025,Não se aplica,,
AR3 ,Metropole,32683 ,UDP2H79 ,ePadron ,2025,Não se aplica,,
AR3 ,Metropole,32682 ,UDC7F10 ,ePadron ,2025,Não se aplica,,
AR2 ,Sambaiba,22905 ,STN9A05 ,ePadron ,2025,Não se aplica,,
AR3 ,Metropole,32681 ,UEQ8B40 ,ePadron ,2025,Não se aplica,,
AR5 ,Via Sudeste,51306 ,TKJ3F95 ,ePadron ,2025,Não se aplica,,
AR3 ,Metropole,32680 ,UFG4F70 ,ePadron ,2025,Não se aplica,,
AR2 ,Sambaiba,22904 ,FPP9A04 ,ePadron ,2025,Não se aplica,,
AR2 ,Sambaiba,22903 ,BPO9A03 ,ePadron ,2025,Não se aplica,,
AR3 ,Metropole,32679 ,UEV7A19 ,ePadron ,2025,Não se aplica,,
AR5 ,Via Sudeste,51307 ,GCS9I22 ,ePadron ,2025,Não se aplica,,
AR3 ,Metropole,32684 ,UFY1B60 ,ePadron ,2025,Não se aplica,,
E2 ,Sambaiba,21101 ,EXS1E01 ,ePadron ,2025,Não se aplica,,
AR4 ,Express,48958 ,EGI8B41 ,ePadron ,2025,Não se aplica,,
E2 ,Sambaiba,21102 ,EFU9A02 ,ePadron ,2025,Não se aplica,,
AR4 ,Express,48917 ,GEU2B13 ,ePadron ,2025,Não se aplica,,
E7 ,Metropole,73504 ,TJW7I53 ,ePadron ,2025,Não se aplica,,
E7 ,Metropole,73503 ,TKD0E51 ,ePadron ,2025,Não se aplica,,
E3 ,Metropole,31957 ,TLP2D34 ,ePadron ,2025,Não se aplica,,
E5 ,Mobibrasil,63900 ,TTZ0B42 ,ePadron ,2025,Não se aplica,,
AR7 ,Nova Paineira,75001 ,TKS0H08 ,ePadron ,2025,Não se aplica,,
AR7 ,Nova Paineira,75002 ,TJT6H38 ,ePadron ,2025,Não se aplica,,
E3 ,Metropole,31947 ,TJO5J28 ,ePadron ,2025,Não se aplica,,
E3 ,Metropole,31959 ,TLM7J68 ,ePadron ,2025,Não se aplica,,
E3 ,Metropole,31960 ,TLA6C31 ,ePadron ,2025,Não se aplica,,
E3 ,Metropole,31948 ,TMF5J98 ,ePadron ,2025,Não se aplica,,
E3 ,Metropole,31949 ,TJV1G28 ,ePadron ,2025,Não se aplica,,
E3 ,Metropole,31950 ,TJP0B88 ,ePadron ,2025,Não se aplica,,
E3 ,Metropole,31951 ,TIU2A88 ,ePadron ,2025,Não se aplica,,
E3 ,Metropole,31952 ,TIX6D13 ,ePadron ,2025,Não se aplica,,
AR4 ,Express,48923 ,TJI2G20 ,ePadron ,2025,Não se aplica,,
E3 ,Metropole,31953 ,TKO3H37 ,ePadron ,2025,Não se aplica,,
AR4 ,Express,48924 ,TIV3H79 ,ePadron ,2025,Não se aplica,,
AR4 ,Express,48928 ,EQC1E31 ,ePadron ,2025,Não se aplica,,
E5 ,Mobibrasil,63739 ,GJF8G81 ,ePadron ,2025,Não se aplica,,
AR4 ,Express,48952 ,TKT0I78 ,ePadron ,2025,Não se aplica,,
AR4 ,Express,48951 ,STY6I46 ,ePadron ,2025,Não se aplica,,
AR4 ,Express,48949 ,TJA0F50 ,ePadron ,2025,Não se aplica,,
AR4 ,Express,48948 ,TLU2E89 ,ePadron ,2025,Não se aplica,,
AR4 ,Express,48947 ,TKV0G65 ,ePadron ,2025,Não se aplica,,
AR4 ,Express,48944 ,DTD2G24 ,ePadron ,2025,Não se aplica,,
AR4 ,Express,48939 ,TIY6C89 ,ePadron ,2025,Não se aplica,,
AR2 ,Sambaiba,22936 ,SWZ9A36 ,ePadron ,2025,Não se aplica,,
AR4 ,Express,48937 ,GAH3I42 ,ePadron ,2025,Não se aplica,,
AR4 ,Express,48936 ,TKS7I17 ,ePadron ,2025,Não se aplica,,
E3 ,Metropole,31958 ,TJC0D87 ,ePadron ,2025,Não se aplica,,
AR4 ,Express,48935 ,SVN6E46 ,ePadron ,2025,Não se aplica,,
AR4 ,Express,48934 ,EMN1G51 ,ePadron ,2025,Não se aplica,,
AR4 ,Express,48933 ,TJR9I32 ,ePadron ,2025,Não se aplica,,
AR4 ,Express,48932 ,TMD4I41 ,ePadron ,2025,Não se aplica,,
AR4 ,Express,48930 ,TLL2D89 ,ePadron ,2025,Não se aplica,,
AR4 ,Express,48927 ,TLQ6E99 ,ePadron ,2025,Não se aplica,,
E3 ,Metropole,31954 ,TJK2C97 ,ePadron ,2025,Não se aplica,,
E3 ,Metropole,31955 ,TKA5A68 ,ePadron ,2025,Não se aplica,,
E3 ,Metropole,31961 ,TKX6F68 ,ePadron ,2025,Não se aplica,,
E5 ,Mobibrasil,63726 ,TLE6D55 ,ePadron ,2025,Não se aplica,,
E5 ,Mobibrasil,63727 ,TIS4I88 ,ePadron ,2025,Não se aplica,,
E5 ,Mobibrasil,63728 ,TLU5C85 ,ePadron ,2025,Não se aplica,,
E5 ,Mobibrasil,63729 ,TLL1E65 ,ePadron ,2025,Não se aplica,,
E5 ,Mobibrasil,63730 ,TKP9J96 ,ePadron ,2025,Não se aplica,,
E5 ,Mobibrasil,63731 ,TLG3B55 ,ePadron ,2025,Não se aplica,,
E5 ,Mobibrasil,63732 ,TLQ7J75 ,ePadron ,2025,Não se aplica,,
E5 ,Mobibrasil,63733 ,TKR2I36 ,ePadron ,2025,Não se aplica,,
E5 ,Mobibrasil,63734 ,TKQ3B23 ,ePadron ,2025,Não se aplica,,
E5 ,Mobibrasil,63735 ,STK6J13 ,ePadron ,2025,Não se aplica,,
E5 ,Mobibrasil,63736 ,TMD1C24 ,ePadron ,2025,Não se aplica,,
E5 ,Mobibrasil,63737 ,TJO8H31 ,ePadron ,2025,Não se aplica,,
E3 ,Metropole,31962 ,TIS3F76 ,ePadron ,2025,Não se aplica,,
E5 ,Mobibrasil,63742 ,TLM6B16 ,ePadron ,2025,Não se aplica,,
E5 ,Mobibrasil,63738 ,TLQ8A91 ,ePadron ,2025,Não se aplica,,
E5 ,Mobibrasil,63725 ,TIR7D97 ,ePadron ,2025,Não se aplica,,
AR6 ,Mobibrasil,64713 ,TLE8J08 ,ePadron ,2025,Não se aplica,,
AR6 ,Mobibrasil,64714 ,TJI5A77 ,ePadron ,2025,Não se aplica,,
E5 ,Mobibrasil,63724 ,TLM2G44 ,ePadron ,2025,Não se aplica,,
E3 ,Metropole,31956 ,TLI5I68 ,ePadron ,2025,Não se aplica,,
E5 ,Mobibrasil,63715 ,TKR4D37 ,ePadron ,2025,Não se aplica,,
E5 ,Mobibrasil,63716 ,TKA6B36 ,ePadron ,2025,Não se aplica,,
E5 ,Mobibrasil,63717 ,TKJ8J66 ,ePadron ,2025,Não se aplica,,
E5 ,Mobibrasil,63718 ,TKX4A37 ,ePadron ,2025,Não se aplica,,
E5 ,Mobibrasil,63720 ,TJT0B67 ,ePadron ,2025,Não se aplica,,
E5 ,Mobibrasil,63721 ,TKQ3A37 ,ePadron ,2025,Não se aplica,,
E5 ,Mobibrasil,63722 ,TKX6H15 ,ePadron ,2025,Não se aplica,,
AR4 ,Express,48954 ,SWL2A06 ,ePadron ,2025,Não se aplica,,
AR6 ,Mobibrasil,64749 ,TLM3H15 ,ePadron ,2025,Não se aplica,,
AR6 ,Mobibrasil,64747 ,TKC2G73 ,ePadron ,2025,Não se aplica,,
AR6 ,Mobibrasil,64746 ,TIY0F93 ,ePadron ,2025,Não se aplica,,
AR6 ,Mobibrasil,64745 ,TKX2E46 ,ePadron ,2025,Não se aplica,,
AR6 ,Mobibrasil,64744 ,TKM0J83 ,ePadron ,2025,Não se aplica,,
AR6 ,Mobibrasil,64743 ,TJE6E31 ,ePadron ,2025,Não se aplica,,
AR6 ,Mobibrasil,64741 ,SVQ6H25 ,ePadron ,2025,Não se aplica,,
AR6 ,Mobibrasil,64719 ,TIR6E65 ,ePadron ,2025,Não se aplica,,
E5 ,Mobibrasil,63723 ,TJD8E67 ,ePadron ,2025,Não se aplica,,
AR6 ,Mobibrasil,64748 ,TKV8J63 ,ePadron ,2025,Não se aplica,,
AR4 ,Express,48955 ,SVN8I04 ,ePadron ,2025,Não se aplica,,
AR4 ,Express,48953 ,CUU9D68 ,ePadron ,2025,Não se aplica,,
AR4 ,Express,48957 ,SUH5C67 ,ePadron ,2025,Não se aplica,,
E2 ,Sambaiba,21126 ,QSQ1E26 ,ePadron ,2025,Não se aplica,,
E2 ,Sambaiba,21127 ,QSQ1E27 ,ePadron ,2025,Não se aplica,,
E2 ,Sambaiba,21128 ,QSO1E28 ,ePadron ,2025,Não se aplica,,
E2 ,Sambaiba,21129 ,QSO1E29 ,ePadron ,2025,Não se aplica,,
AR2 ,Sambaiba,22937 ,CUS9A37 ,ePadron ,2025,Não se aplica,,
AR2 ,Sambaiba,22938 ,CUT9A38 ,ePadron ,2025,Não se aplica,,
AR2 ,Sambaiba,22939 ,CUR9A39 ,ePadron ,2025,Não se aplica,,
E2 ,Sambaiba,21130 ,QSS1E30 ,ePadron ,2025,Não se aplica,,
E2 ,Sambaiba,21131 ,BSZ1E31 ,ePadron ,2025,Não se aplica,,
E2 ,Sambaiba,21132 ,DDP1E32 ,ePadron ,2025,Não se aplica,,
E2 ,Sambaiba,21133 ,FNP1E33 ,ePadron ,2025,Não se aplica,,
E2 ,Sambaiba,21134 ,FWB1E34 ,ePadron ,2025,Não se aplica,,
E2 ,Sambaiba,21135 ,QSQ1E35 ,ePadron ,2025,Não se aplica,,
E2 ,Sambaiba,21136 ,QSO1E36 ,ePadron ,2025,Não se aplica,,
AR2 ,Sambaiba,22940 ,CUR9A40 ,ePadron ,2025,Não se aplica,,
AR2 ,Sambaiba,22941 ,DKK9A41 ,ePadron ,2025,Não se aplica,,
AR2 ,Sambaiba,22942 ,BPZ9A42 ,ePadron ,2025,Não se aplica,,
AR2 ,Sambaiba,22943 ,FCS9A43 ,ePadron ,2025,Não se aplica,,
E2 ,Sambaiba,21125 ,QSQ1E25 ,ePadron ,2025,Não se aplica,,
E2 ,Sambaiba,21137 ,QSQ1E37 ,ePadron ,2025,Não se aplica,,
E2 ,Sambaiba,21124 ,QSQ1E24 ,ePadron ,2025,Não se aplica,,
E2 ,Sambaiba,21122 ,EOB1E22 ,ePadron ,2025,Não se aplica,,
E2 ,Sambaiba,21103 ,FGL1E03 ,ePadron ,2025,Não se aplica,,
E2 ,Sambaiba,21104 ,GBF1E04 ,ePadron ,2025,Não se aplica,,
E2 ,Sambaiba,21105 ,STH1E05 ,ePadron ,2025,Não se aplica,,
E2 ,Sambaiba,21106 ,STS1E06 ,ePadron ,2025,Não se aplica,,
E2 ,Sambaiba,21107 ,SVZ1E07 ,ePadron ,2025,Não se aplica,,
E2 ,Sambaiba,21108 ,TIW1E08 ,ePadron ,2025,Não se aplica,,
E2 ,Sambaiba,21109 ,CUR1E09 ,ePadron ,2025,Não se aplica,,
E2 ,Sambaiba,21110 ,TLL1E09 ,ePadron ,2025,Não se aplica,,
E2 ,Sambaiba,21111 ,STR1E11 ,ePadron ,2025,Não se aplica,,
E2 ,Sambaiba,21112 ,ENI1E12 ,ePadron ,2025,Não se aplica,,
E2 ,Sambaiba,21113 ,FXB1E13 ,ePadron ,2025,Não se aplica,,
E2 ,Sambaiba,21114 ,SSX1E14 ,ePadron ,2025,Não se aplica,,
E2 ,Sambaiba,21115 ,SVD1E15 ,ePadron ,2025,Não se aplica,,
E2 ,Sambaiba,21116 ,SUR1E16 ,ePadron ,2025,Não se aplica,,
E2 ,Sambaiba,21117 ,TIO1E17 ,ePadron ,2025,Não se aplica,,
E2 ,Sambaiba,21118 ,TIP1E18 ,ePadron ,2025,Não se aplica,,
E2 ,Sambaiba,21119 ,CUR1E19 ,ePadron ,2025,Não se aplica,,
E2 ,Sambaiba,21120 ,CUR1E20 ,ePadron ,2025,Não se aplica,,
E2 ,Sambaiba,21121 ,EBF1E21 ,ePadron ,2025,Não se aplica,,
E2 ,Sambaiba,21123 ,FNP1E23 ,ePadron ,2025,Não se aplica,,
AR4 ,Express,48956 ,CUL7A85 ,ePadron ,2025,Não se aplica,,
E2 ,Sambaiba,21138 ,QSO1E38 ,ePadron ,2025,Não se aplica,,
E2 ,Sambaiba,21140 ,QSO1E40 ,ePadron ,2025,Não se aplica,,
E2 ,Sambaiba,21139 ,QSO1E39 ,ePadron ,2025,Não se aplica,,
AR2 ,Sambaiba,22949 ,CUT9A49 ,ePadron ,2025,Não se aplica,,
AR4 ,Express,48967 ,TIT9C52 ,ePadron ,2025,Não se aplica,,
AR4 ,Express,48966 ,TKQ0C20 ,ePadron ,2025,Não se aplica,,
AR4 ,Express,48965 ,SWO4E33 ,ePadron ,2025,Não se aplica,,
AR4 ,Express,48964 ,TKY5D19 ,ePadron ,2025,Não se aplica,,
AR4 ,Express,48963 ,DZI8G72 ,ePadron ,2025,Não se aplica,,
AR2 ,Sambaiba,22948 ,CUT9A48 ,ePadron ,2025,Não se aplica,,
AR4 ,Express,48962 ,SVI3H58 ,ePadron ,2025,Não se aplica,,
AR2 ,Sambaiba,22950 ,CUR9A50 ,ePadron ,2025,Não se aplica,,
AR2 ,Sambaiba,22951 ,BSZ9A51 ,ePadron ,2025,Não se aplica,,
AR2 ,Sambaiba,22952 ,BQU9A52 ,ePadron ,2025,Não se aplica,,
E1 ,Brigida,11299 ,GFG8E12 ,ePadron ,2025,Não se aplica,,
E1 ,Brigida,11300 ,TTI3I07 ,ePadron ,2025,Não se aplica,,
AR4 ,Express,48960 ,TIV1C90 ,ePadron ,2025,Não se aplica,,
AR4 ,Express,48959 ,TLE1G95 ,ePadron ,2025,Não se aplica,,
AR4 ,Express,48961 ,FWI5J21 ,ePadron ,2025,Não se aplica,,
AR4 ,Express,48969 ,TIX5D30 ,ePadron ,2025,Não se aplica,,
AR4 ,Express,48968 ,TLK4I70 ,ePadron ,2025,Não se aplica,,
AR4 ,Express,48971 ,TLR9G30 ,ePadron ,2025,Não se aplica,,
E2 ,Sambaiba,21141 ,QSQ1E41 ,ePadron ,2025,Não se aplica,,
E2 ,Sambaiba,21142 ,QSQ1E42 ,ePadron ,2025,Não se aplica,,
E2 ,Sambaiba,21143 ,FNB1E43 ,ePadron ,2025,Não se aplica,,
E2 ,Sambaiba,21144 ,GAF1E44 ,ePadron ,2025,Não se aplica,,
E2 ,Sambaiba,21145 ,UDD1E45 ,ePadron ,2025,Não se aplica,,
E2 ,Sambaiba,21146 ,UDA1E46 ,ePadron ,2025,Não se aplica,,
E3 ,Metropole,31799 ,TLM4D79 ,ePadron ,2025,Não se aplica,,
E3 ,Metropole,31798 ,TLC9G49 ,ePadron ,2025,Não se aplica,,
AR2 ,Sambaiba,22944 ,BSZ9A44 ,ePadron ,2025,Não se aplica,,
AR4 ,Express,48970 ,STA7B48 ,ePadron ,2025,Não se aplica,,
AR2 ,Sambaiba,22945 ,SUR9A45 ,ePadron ,2025,Não se aplica,,
AR2 ,Sambaiba,22946 ,TLX9A46 ,ePadron ,2025,Não se aplica,,
AR2 ,Sambaiba,22947 ,CUT9A47 ,ePadron ,2025,Não se aplica,,
AR4 ,Express,48976 ,TLH3A60 ,ePadron ,2025,Não se aplica,,
E3 ,Metropole,31797 ,TJL1G49 ,ePadron ,2025,Não se aplica,,
E3 ,Metropole,31796 ,TKF7B79 ,ePadron ,2025,Não se aplica,,
AR4 ,Express,48972 ,TKO2H10 ,ePadron ,2025,Não se aplica,,
E5 ,Mobibrasil,63740 ,TKP7J13 ,ePadron ,2025,Não se aplica,,
AR4 ,Express,48561 ,UEO7H79 ,ePadron ,2026,Não se aplica,,
E8 ,Transppass,81933 ,UEN9D21 ,ePadron ,2026,Não se aplica,,
E4 ,Via Sudeste,52213 ,UDO3G88 ,ePadron ,2026,Não se aplica,,
E4 ,Via Sudeste,52212 ,UDZ0C65 ,ePadron ,2026,Não se aplica,,
E4 ,Via Sudeste,52211 ,STU9C44 ,ePadron ,2026,Não se aplica,,
E4 ,Via Sudeste,52210 ,UEV0G96 ,ePadron ,2026,Não se aplica,,
E4 ,Via Sudeste,52209 ,UDE5I93 ,ePadron ,2026,Não se aplica,,
E4 ,Via Sudeste,52208 ,TLG0J63 ,ePadron ,2026,Não se aplica,,
E4 ,Via Sudeste,52207 ,UFS3D08 ,ePadron ,2026,Não se aplica,,
E4 ,Via Sudeste,52206 ,UGS7I52 ,ePadron ,2026,Não se aplica,,
E4 ,Via Sudeste,52205 ,UGG8J76 ,ePadron ,2026,Não se aplica,,
E4 ,Via Sudeste,52204 ,UDB1H45 ,ePadron ,2026,Não se aplica,,
E4 ,Via Sudeste,52203 ,UFN2C84 ,ePadron ,2026,Não se aplica,,
E4 ,Via Sudeste,52202 ,UEB3J03 ,ePadron ,2026,Não se aplica,,
E4 ,Via Sudeste,52201 ,UGV3H52 ,ePadron ,2026,Não se aplica,,
E4 ,Via Sudeste,52200 ,UGC3F51 ,ePadron ,2026,Não se aplica,,
E4 ,Via Sudeste,52214 ,UFG5C74 ,ePadron ,2026,Não se aplica,,
AR5 ,Via Sudeste,51319 ,UDD2I43 ,ePadron ,2026,Não se aplica,,
AR5 ,Via Sudeste,51317 ,UFW4H81 ,ePadron ,2026,Não se aplica,,
AR5 ,Via Sudeste,51316 ,UEU5I40 ,ePadron ,2026,Não se aplica,,
AR5 ,Via Sudeste,51315 ,UEA4A85 ,ePadron ,2026,Não se aplica,,
AR5 ,Via Sudeste,51314 ,UEN2I19 ,ePadron ,2026,Não se aplica,,
AR5 ,Via Sudeste,51313 ,UDP1B74 ,ePadron ,2026,Não se aplica,,
AR5 ,Via Sudeste,51312 ,UFM9G48 ,ePadron ,2026,Não se aplica,,
AR5 ,Via Sudeste,51311 ,UGS8G57 ,ePadron ,2026,Não se aplica,,
AR5 ,Via Sudeste,51310 ,UDD3F22 ,ePadron ,2026,Não se aplica,,
AR4 ,Express,48834 ,TKQ3E24 ,ePadron ,2026,Não se aplica,,
AR4 ,Express,48637 ,TLK1C68 ,ePadron ,2026,Não se aplica,,
AR4 ,Express,48636 ,UDK1H54 ,ePadron ,2026,Não se aplica,,
AR4 ,Express,48635 ,TKA5B39 ,ePadron ,2026,Não se aplica,,
AR4 ,Express,48582 ,TLW4J71 ,ePadron ,2026,Não se aplica,,
AR4 ,Express,48581 ,UGO7J81 ,ePadron ,2026,Não se aplica,,
AR5 ,Via Sudeste,51318 ,UGH2A06 ,ePadron ,2026,Não se aplica,,
E4 ,Via Sudeste,52215 ,UEN4D49 ,ePadron ,2026,Não se aplica,,
E4 ,Via Sudeste,52216 ,UDT3J72 ,ePadron ,2026,Não se aplica,,
E4 ,Via Sudeste,52217 ,UEM6B07 ,ePadron ,2026,Não se aplica,,
E4 ,Via Sudeste,52218 ,UDA2E59 ,ePadron ,2026,Não se aplica,,
E4 ,Via Sudeste,52219 ,TLJ8I45 ,ePadron ,2026,Não se aplica,,
E4 ,Via Sudeste,52220 ,UFN3C56 ,ePadron ,2026,Não se aplica,,
E4 ,Via Sudeste,52221 ,UEB6I61 ,ePadron ,2026,Não se aplica,,
E8 ,Transppass,81934 ,UEM6I62 ,ePadron ,2026,Não se aplica,,
E4 ,Via Sudeste,52223 ,UFI1D37 ,ePadron ,2026,Não se aplica,,
AR4 ,Express,48580 ,UGT7H48 ,ePadron ,2026,Não se aplica,,
AR4 ,Express,48579 ,UGM6A53 ,ePadron ,2026,Não se aplica,,
AR4 ,Express,48576 ,UFN2F72 ,ePadron ,2026,Não se aplica,,
AR4 ,Express,48575 ,UGD4G71 ,ePadron ,2026,Não se aplica,,
AR4 ,Express,48237 ,TLY7H19 ,ePadron ,2026,Não se aplica,,
AR4 ,Express,48203 ,QSV9G28 ,ePadron ,2026,Não se aplica,,
AR4 ,Express,48187 ,UEL4H87 ,ePadron ,2026,Não se aplica,,
AR4 ,Express,48143 ,TLJ8D29 ,ePadron ,2026,Não se aplica,,
AR4 ,Express,48132 ,TMJ4J79 ,ePadron ,2026,Não se aplica,,
AR4 ,Express,48033 ,TMI9I18 ,ePadron ,2026,Não se aplica,,
AR3 ,Metropole,32698 ,UGE6H36 ,ePadron ,2026,Não se aplica,,
AR3 ,Metropole,32697 ,FVU0D91 ,ePadron ,2026,Não se aplica,,
AR3 ,Metropole,32696 ,TKJ8I24 ,ePadron ,2026,Não se aplica,,
AR3 ,Metropole,32695 ,UDQ9B43 ,ePadron ,2026,Não se aplica,,
AR3 ,Metropole,32671 ,UDI4J18 ,ePadron ,2026,Não se aplica,,
E3 ,Metropole,31988 ,UEZ1F31 ,ePadron ,2026,Não se aplica,,
E3 ,Metropole,31987 ,UFT1D47 ,ePadron ,2026,Não se aplica,,
E3 ,Metropole,31873 ,UDC3E26 ,ePadron ,2026,Não se aplica,,
E3 ,Metropole,31872 ,UDA6J42 ,ePadron ,2026,Não se aplica,,
E3 ,Metropole,31871 ,UFL8F36 ,ePadron ,2026,Não se aplica,,
AR4 ,Express,48253 ,EUI8D02 ,ePadron ,2026,Não se aplica,,
E6 ,Grajau,61457 ,FGQ8J01 ,ePadron ,2026,Não se aplica,,
AR4 ,Express,48329 ,TLQ9D05 ,ePadron ,2026,Não se aplica,,
AR4 ,Express,48373 ,UGL4I04 ,ePadron ,2026,Não se aplica,,
AR4 ,Express,48568 ,QSP0D94 ,ePadron ,2026,Não se aplica,,
AR4 ,Express,48566 ,UFM1D58 ,ePadron ,2026,Não se aplica,,
AR4 ,Express,48565 ,UFX2A21 ,ePadron ,2026,Não se aplica,,
AR4 ,Express,48564 ,UDX1H49 ,ePadron ,2026,Não se aplica,,
AR4 ,Express,48563 ,TLR4H83 ,ePadron ,2026,Não se aplica,,
AR4 ,Express,48562 ,UGG5F02 ,ePadron ,2026,Não se aplica,,
AR4 ,Express,48560 ,QSZ3C05 ,ePadron ,2026,Não se aplica,,
AR4 ,Express,48559 ,UGS0E71 ,ePadron ,2026,Não se aplica,,
AR4 ,Express,48555 ,TKH8I76 ,ePadron ,2026,Não se aplica,,
AR4 ,Express,48554 ,UGC6C99 ,ePadron ,2026,Não se aplica,,
AR4 ,Express,48553 ,UDN5D93 ,ePadron ,2026,Não se aplica,,
AR4 ,Express,48552 ,UGK3I68 ,ePadron ,2026,Não se aplica,,
AR4 ,Express,48550 ,UDA0I69 ,ePadron ,2026,Não se aplica,,
AR4 ,Express,48475 ,UGM5B39 ,ePadron ,2026,Não se aplica,,
AR4 ,Express,48464 ,UDE9H11 ,ePadron ,2026,Não se aplica,,
AR4 ,Express,48463 ,TLV3B11 ,ePadron ,2026,Não se aplica,,
AR4 ,Express,48374 ,QSR8J87 ,ePadron ,2026,Não se aplica,,
AR4 ,Express,48378 ,TJZ9B74 ,ePadron ,2026,Não se aplica,,
AR4 ,Express,48385 ,TLL7C41 ,ePadron ,2026,Não se aplica,,
AR4 ,Express,48396 ,UDF3H59 ,ePadron ,2026,Não se aplica,,
AR4 ,Express,48399 ,TJH7H67 ,ePadron ,2026,Não se aplica,,
AR4 ,Express,48400 ,TLQ5H09 ,ePadron ,2026,Não se aplica,,
AR4 ,Express,48368 ,TLO7G76 ,ePadron ,2026,Não se aplica,,
AR4 ,Express,48402 ,TMG6D13 ,ePadron ,2026,Não se aplica,,
AR4 ,Express,48412 ,TKL8G78 ,ePadron ,2026,Não se aplica,,
AR4 ,Express,48421 ,UEE5J42 ,ePadron ,2026,Não se aplica,,
AR4 ,Express,48425 ,SUM6J62 ,ePadron ,2026,Não se aplica,,
AR4 ,Express,48429 ,SVK9H54 ,ePadron ,2026,Não se aplica,,
AR4 ,Express,48432 ,TJS3H99 ,ePadron ,2026,Não se aplica,,
AR4 ,Express,48461 ,TLZ0C49 ,ePadron ,2026,Não se aplica,,
AR4 ,Express,48409 ,TKS9C65 ,ePadron ,2026,Não se aplica,,
E6 ,Grajau,61458 ,FZR9H61 ,ePadron ,2026,Não se aplica,,
E4 ,Via Sudeste,52222 ,UDX6G21 ,ePadron ,2026,Não se aplica,,
AR9 ,Transppass,80081 ,UGD8C02 ,ePadron ,2026,Não se aplica,,
E8 ,C Belo,71058 ,UGQ0C81 ,eArticulado ,2026,Não se aplica,,
E8 ,C Belo,71105 ,TJN8G28 ,ePadron ,2026,Não se aplica,,
E8 ,C Belo,71106 ,TJI8C86 ,ePadron ,2026,Não se aplica,,
E8 ,C Belo,71107 ,TLF0J38 ,ePadron ,2026,Não se aplica,,
AR9 ,C Belo,72016 ,TJH8G41 ,ePadron ,2026,Não se aplica,,
AR9 ,Transppass,80022 ,UDA0H32 ,ePadron ,2026,Não se aplica,,
AR9 ,Transppass,80025 ,QSU0I85 ,ePadron ,2026,Não se aplica,,
E8 ,C Belo,71028 ,TIQ9E17 ,ePadron ,2026,Não se aplica,,
AR9 ,Transppass,80032 ,UED4B12 ,ePadron ,2026,Não se aplica,,
AR9 ,Transppass,80037 ,FOU3B71 ,ePadron ,2026,Não se aplica,,
AR9 ,Transppass,80047 ,UEJ2E71 ,ePadron ,2026,Não se aplica,,
AR9 ,Transppass,80049 ,GEJ4H81 ,ePadron ,2026,Não se aplica,,
AR9 ,Transppass,80053 ,UDZ5J31 ,ePadron ,2026,Não se aplica,,
AR9 ,Transppass,80054 ,QSP8D51 ,ePadron ,2026,Não se aplica,,
AR9 ,Transppass,80078 ,UDB2B01 ,ePadron ,2026,Não se aplica,,
AR9 ,Transppass,80080 ,UDJ8A62 ,ePadron ,2026,Não se aplica,,
AR9 ,Transppass,80033 ,CUM1F32 ,ePadron ,2026,Não se aplica,,
E8 ,C Belo,71027 ,TIY2D87 ,ePadron ,2026,Não se aplica,,
E8 ,C Belo,71026 ,TKG4D96 ,ePadron ,2026,Não se aplica,,
E8 ,C Belo,71025 ,TIS3I65 ,ePadron ,2026,Não se aplica,,
E8 ,C Belo,71017 ,TKI9H21 ,ePadron ,2026,Não se aplica,,
E8 ,C Belo,71018 ,TLI1F92 ,ePadron ,2026,Não se aplica,,
E8 ,C Belo,71019 ,TMB2F92 ,ePadron ,2026,Não se aplica,,
E8 ,C Belo,71020 ,TKF3H43 ,ePadron ,2026,Não se aplica,,
E8 ,C Belo,71021 ,TLV6D23 ,ePadron ,2026,Não se aplica,,
E8 ,C Belo,71022 ,TJA7C34 ,ePadron ,2026,Não se aplica,,
E8 ,C Belo,71023 ,TJA9H84 ,ePadron ,2026,Não se aplica,,
E8 ,C Belo,71024 ,TJM4I65 ,ePadron ,2026,Não se aplica,,
AR9 ,Transppass,80082 ,QSO8D52 ,ePadron ,2026,Não se aplica,,
AR9 ,Transppass,80126 ,UDX9I41 ,ePadron ,2026,Não se aplica,,
AR9 ,Transppass,80184 ,UEP5F31 ,ePadron ,2026,Não se aplica,,
E8 ,Transppass,81226 ,UEL2G81 ,ePadron ,2026,Não se aplica,,
E8 ,Transppass,81227 ,UDF7F52 ,ePadron ,2026,Não se aplica,,
E8 ,Transppass,81228 ,TIQ9J11 ,ePadron ,2026,Não se aplica,,
E8 ,Transppass,81229 ,QSX5F21 ,ePadron ,2026,Não se aplica,,
E8 ,Transppass,81327 ,UEG4J71 ,ePadron ,2026,Não se aplica,,
E8 ,Transppass,81328 ,UEI0H62 ,ePadron ,2026,Não se aplica,,
E8 ,Transppass,81329 ,UFR8J12 ,ePadron ,2026,Não se aplica,,
E8 ,Transppass,81225 ,UDD6I21 ,ePadron ,2026,Não se aplica,,
E8 ,Transppass,81904 ,FPL1F71 ,ePadron ,2026,Não se aplica,,
E8 ,Transppass,81906 ,UGN7B22 ,ePadron ,2026,Não se aplica,,
E8 ,Transppass,81907 ,UFM9C21 ,ePadron ,2026,Não se aplica,,
E8 ,Transppass,81911 ,CUM9B41 ,ePadron ,2026,Não se aplica,,
E8 ,Transppass,81912 ,UET2J81 ,ePadron ,2026,Não se aplica,,
E8 ,Transppass,81914 ,UEX8B12 ,ePadron ,2026,Não se aplica,,
E8 ,Transppass,81931 ,UEH1E71 ,ePadron ,2026,Não se aplica,,
E8 ,Transppass,81932 ,UFO4B21 ,ePadron ,2026,Não se aplica,,
E8 ,Transppass,81905 ,UGN3A61 ,ePadron ,2026,Não se aplica,,
E8 ,Transppass,81219 ,UDQ0F71 ,ePadron ,2026,Não se aplica,,
E8 ,Transppass,81218 ,UGK1H02 ,ePadron ,2026,Não se aplica,,
E8 ,Transppass,81217 ,UER3E11 ,ePadron ,2026,Não se aplica,,
AR9 ,Transppass,80185 ,QST1F21 ,ePadron ,2026,Não se aplica,,
AR9 ,Transppass,80311 ,UFT5B20 ,ePadron ,2026,Não se aplica,,
AR9 ,Transppass,80312 ,UFA6B11 ,ePadron ,2026,Não se aplica,,
AR9 ,Transppass,80313 ,UFM2B83 ,ePadron ,2026,Não se aplica,,
AR9 ,Transppass,80314 ,UFU7C82 ,ePadron ,2026,Não se aplica,,
AR9 ,Transppass,80315 ,UFE2D77 ,ePadron ,2026,Não se aplica,,
E8 ,Transppass,81026 ,UEI2F41 ,ePadron ,2026,Não se aplica,,
E8 ,Transppass,81027 ,TKU4A91 ,ePadron ,2026,Não se aplica,,
E8 ,Transppass,81028 ,STE4C01 ,ePadron ,2026,Não se aplica,,
E8 ,Transppass,81041 ,UDH2B11 ,ePadron ,2026,Não se aplica,,
E8 ,Transppass,81042 ,QST6I00 ,ePadron ,2026,Não se aplica,,
E8 ,Transppass,81043 ,QST0I51 ,ePadron ,2026,Não se aplica,,
E8 ,Transppass,81045 ,UFE5D51 ,ePadron ,2026,Não se aplica,,
E8 ,Transppass,81046 ,UDU6D51 ,ePadron ,2026,Não se aplica,,
E8 ,Transppass,81048 ,UDZ3C72 ,ePadron ,2026,Não se aplica,,
E8 ,Transppass,81215 ,TLR9I41 ,ePadron ,2026,Não se aplica,,
E8 ,Transppass,81216 ,QSZ0G92 ,ePadron ,2026,Não se aplica,,
AR9 ,Transppass,80182 ,UDF0I51 ,ePadron ,2026,Não se aplica,,
AR6 ,Mobibrasil,64752 ,UGU6D43 ,ePadron ,2026,Não se aplica,,
AR6 ,Mobibrasil,64753 ,UDR6D61 ,ePadron ,2026,Não se aplica,,
AR6 ,Mobibrasil,64751 ,QSY8D22 ,ePadron ,2026,Não se aplica,,
AR6 ,Mobibrasil,64754 ,UGG7E38 ,ePadron ,2026,Não se aplica,,
AR6 ,Mobibrasil,64756 ,UEF4C00 ,ePadron ,2026,Não se aplica,,
AR6 ,Mobibrasil,64757 ,UDO4G45 ,ePadron ,2026,Não se aplica,,
AR6 ,Mobibrasil,64758 ,UFO0I77 ,ePadron ,2026,Não se aplica,,
AR6 ,Mobibrasil,64759 ,UEB7B59 ,ePadron ,2026,Não se aplica,,
AR6 ,Mobibrasil,64750 ,UDU3G84 ,ePadron ,2026,Não se aplica,,
AR6 ,Mobibrasil,64755 ,UGH2F86 ,ePadron ,2026,Não se aplica,,
E3 ,Metropole,31985 ,TLV4I85 ,eArticulado ,2027,Não se aplica,,
E5 ,Mobibrasil,63819 ,URX1D64 ,eArticulado ,2027,Não se aplica,,
E5 ,Mobibrasil,63769 ,UPB0J16 ,ePadron ,2027,Não se aplica,,
AR3 ,Metropole,32527 ,QSP0E36 ,eArticulado ,2027,Não se aplica,,
AR3 ,Metropole,32526 ,UED2E81 ,eArticulado ,2027,Não se aplica,,
AR3 ,Metropole,32525 ,UDZ0E05 ,eArticulado ,2027,Não se aplica,,
E5 ,Mobibrasil,63770 ,URQ6E16 ,ePadron ,2027,Não se aplica,,
E5 ,Mobibrasil,63772 ,UQR6E77 ,ePadron ,2027,Não se aplica,,
E3 ,Metropole,31986 ,TIS1A86 ,eArticulado ,2027,Não se aplica,,
E3 ,Metropole,31984 ,SWB5I62 ,eArticulado ,2027,Não se aplica,,
E3 ,Metropole,31983 ,UDC5E71 ,eArticulado ,2027,Não se aplica,,
E3 ,Metropole,31982 ,QST6C83 ,eArticulado ,2027,Não se aplica,,
E3 ,Metropole,31981 ,GJO8A41 ,eArticulado ,2027,Não se aplica,,
E5 ,Mobibrasil,63784 ,URS7B33 ,ePadron ,2027,Não se aplica,,
E3 ,Metropole,31979 ,TLM0F94 ,eArticulado ,2027,Não se aplica,,
E5 ,Mobibrasil,63800 ,TLN5D21 ,eArticulado ,2027,Não se aplica,,
E5 ,Mobibrasil,63802 ,URG0F82 ,eArticulado ,2027,Não se aplica,,
E5 ,Mobibrasil,63803 ,UQH0J32 ,eArticulado ,2027,Não se aplica,,
E5 ,Mobibrasil,63804 ,UDB5G23 ,eArticulado ,2027,Não se aplica,,
E5 ,Mobibrasil,63806 ,UQR7J14 ,eArticulado ,2027,Não se aplica,,
E5 ,Mobibrasil,63807 ,URH9I94 ,eArticulado ,2027,Não se aplica,,
E5 ,Mobibrasil,63808 ,UQA5E05 ,eArticulado ,2027,Não se aplica,,
E5 ,Mobibrasil,63809 ,URO1B05 ,eArticulado ,2027,Não se aplica,,
E5 ,Mobibrasil,63810 ,UOO3E86 ,eArticulado ,2027,Não se aplica,,
E5 ,Mobibrasil,63811 ,UQL0H47 ,eArticulado ,2027,Não se aplica,,
E5 ,Mobibrasil,63812 ,UPB0C25 ,eArticulado ,2027,Não se aplica,,
E5 ,Mobibrasil,63813 ,UPX6A78 ,eArticulado ,2027,Não se aplica,,
E5 ,Mobibrasil,63814 ,UPW5B38 ,eArticulado ,2027,Não se aplica,,
E5 ,Mobibrasil,63815 ,UPT4J99 ,eArticulado ,2027,Não se aplica,,
E5 ,Mobibrasil,63816 ,UPB8D70 ,eArticulado ,2027,Não se aplica,,
E3 ,Metropole,31980 ,TLY3J04 ,eArticulado ,2027,Não se aplica,,
E5 ,Mobibrasil,63776 ,UPF8I49 ,ePadron ,2027,Não se aplica,,
E3 ,Metropole,31963 ,QSO8C27 ,eArticulado ,2027,Não se aplica,,
E3 ,Metropole,31978 ,QSV4D06 ,eArticulado ,2027,Não se aplica,,
E3 ,Metropole,31977 ,QSP4E77 ,eArticulado ,2027,Não se aplica,,
E3 ,Metropole,31976 ,QSX1E35 ,eArticulado ,2027,Não se aplica,,
E3 ,Metropole,31975 ,QSU2F13 ,eArticulado ,2027,Não se aplica,,
E3 ,Metropole,31974 ,UDF5I62 ,eArticulado ,2027,Não se aplica,,
E3 ,Metropole,31973 ,TJV8E25 ,eArticulado ,2027,Não se aplica,,
E3 ,Metropole,31972 ,TMH1I51 ,eArticulado ,2027,Não se aplica,,
E3 ,Metropole,31971 ,CUJ6G22 ,eArticulado ,2027,Não se aplica,,
E3 ,Metropole,31970 ,QSY6D34 ,eArticulado ,2027,Não se aplica,,
E3 ,Metropole,31969 ,QSS0J92 ,eArticulado ,2027,Não se aplica,,
E3 ,Metropole,31968 ,QSU6F57 ,eArticulado ,2027,Não se aplica,,
E3 ,Metropole,31967 ,TKP5H93 ,eArticulado ,2027,Não se aplica,,
E3 ,Metropole,31966 ,UDN2F46 ,eArticulado ,2027,Não se aplica,,
E3 ,Metropole,31965 ,SVT9F81 ,eArticulado ,2027,Não se aplica,,
E3 ,Metropole,31964 ,QSS3G56 ,eArticulado ,2027,Não se aplica,,
E5 ,Mobibrasil,63774 ,UQX6D28 ,ePadron ,2027,Não se aplica,,
AR4 ,Express,48578 ,UGN6C58 ,ePadron ,2027,Não se aplica,,
AR4 ,Express,48577 ,UFQ8I34 ,ePadron ,2027,Não se aplica,,
AR4 ,Express,48574 ,UEB0G25 ,ePadron ,2027,Não se aplica,,
AR7 ,Nova Paineira,75800 ,UDS7E88 ,ePadron ,2027,Não se aplica,,
AR7 ,Nova Paineira,75803 ,URG4A18 ,ePadron ,2027,Não se aplica,,
AR7 ,Nova Paineira,75804 ,URX8G68 ,ePadron ,2027,Não se aplica,,
AR7 ,Nova Paineira,75806 ,URP4B69 ,ePadron ,2027,Não se aplica,,
AR7 ,Nova Paineira,75813 ,UQS0D00 ,ePadron ,2027,Não se aplica,,
AR7 ,Nova Paineira,75814 ,URQ9H88 ,ePadron ,2027,Não se aplica,,
AR7 ,Nova Paineira,75815 ,STN2C64 ,ePadron ,2027,Não se aplica,,
AR7 ,Nova Paineira,75817 ,UQY5A30 ,ePadron ,2027,Não se aplica,,
AR7 ,Nova Paineira,75818 ,UDL9H35 ,ePadron ,2027,Não se aplica,,
AR7 ,Nova Paineira,75819 ,UQF1I07 ,ePadron ,2027,Não se aplica,,
AR7 ,Nova Paineira,75823 ,UPX9I34 ,ePadron ,2027,Não se aplica,,
E5 ,Mobibrasil,63818 ,UQW1E03 ,eArticulado ,2027,Não se aplica,,
E5 ,Mobibrasil,63817 ,UOK7E31 ,eArticulado ,2027,Não se aplica,,
